cuce,entidad,tipo_de_contratacion,modalidad,objeto_de_contratacion,subasta,fecha_publicacion,fecha_presentacion,estado,persona_contacto,fecha_adjudicacion_desierta,departamento,normativa
26-0015-01-1683108-0-E,Policia Boliviana,Bienes,CD,"Adquisición De Combustible (Gasolina, Diesel Y G.N.V.), Para El Parque Automotor Del Comando Departamental De Policía - Tarija, Correspondiente Al Segundo Semestre De La Gestión 2026.",False,2026-09-01,,Contratado,Geovana Duarte Guzman (Telf: 2-433211),,La Paz,NB-SABS (D.S.0181)
26-0016-00-1685346-0-E,Ministerio De Educación,Consultoria,CM,"Consultoría Individual Por Producto Para La Elaboración Del Documento Metodológico Para La Recolección, Consistencia Y Validación De Datos De Estudiantes Y Centros Del Ámbito De Educación Alternativa",False,2026-09-01,,Contratado,Henry Efrain Morales Usnayo (Telf: 2442144   -   2441752),,La Paz,NB-SABS (D.S.0181)
26-0035-01-1685036-0-E,Servicio De Impuestos Nacionales,Servicios Generales,CD,"Gglpz - Contratación De Servicio Telefónico Para La Iniciativa ""Control De Obligaciones Fiscales Y Facilidades De Pago"" - Gestión 2026",False,2026-09-01,,Contratado,Rolando Gabriel Ayllon Vargas (Telf: 2606060 ),,La Paz,NB-SABS (D.S.0181)
26-0035-01-1685246-0-E,Servicio De Impuestos Nacionales,Consultoria,CM,Contratación De Un (1) Consultor Individual De Línea - Consultor H - Para Evaluación Estructural De Proyectos Y Otros Para La Unidad De Infraestructura,False,2026-09-01,,Contratado,Elvira Gutierrez Mamani (Telf: 2606060 ),,La Paz,NB-SABS (D.S.0181)
26-0035-01-1685284-0-E,Servicio De Impuestos Nacionales,Consultoria,CM,Contratación De Un (1) Consultor Individual De Linea - Consultor Técnico I - Para Desarrollo Del Sistema Gestión De Archivo,False,2026-09-01,,Contratado,Carla Patricia Duran Quino (Telf: 2606060 ),,La Paz,NB-SABS (D.S.0181)
26-0035-01-1685392-1-1,Servicio De Impuestos Nacionales,Bienes,CNC,"Adquisición De Papel Reciclado Tamaño Carta Para Las Iniciativas De Los Departamentos De Fiscalización, Recaudaciones Y Administrativo Y Recursos Humanos De La Gerencia Distrital La Paz Ii – Gestión 2026",True,2026-09-01,2026-09-09,Vigente,Daysi Veronica Mamani Morales (Telf: 2606060 ),,La Paz,Compro Hecho en Bolivia (D.S.4505)
26-0035-01-1685473-1-1,Servicio De Impuestos Nacionales,Bienes,CM,"Adquisición De Tóner Para El Proyecto ""Control De Obligaciones Fiscales Y Facilidades De Pago - Para La Gerencia Distrital Montero - Gestión 2026""",False,2026-09-01,2026-09-04,Vigente,Marco Antonio Dorado Escobar (Telf: 2606060 ),,La Paz,NB-SABS (D.S.0181)
26-0035-01-1685513-0-E,Servicio De Impuestos Nacionales,Consultoria,CM,Contratación De Un (1) Consultor Individual De Línea - Consultor Técnico I Para La Consolidación De La Biblioteca Y Archivo Institucional,False,2026-09-01,,Contratado,Laura Rosario Gomez Miranda (Telf: 2606060 ),,La Paz,NB-SABS (D.S.0181)
26-0041-20-1685407-0-E,Unidad Desconcentrada Empoderar,Consultoria,OF,Acompañanate De Alianzas Productivas Uor Chaco Cipa 032/2026,False,2026-09-01,,Contratado,Carmen Tatiana Sanjinez Segovia (Telf: 2141750-2145337-71952144),,La Paz,Normativa del Financiador (BM)
26-0041-20-1685432-0-E,Unidad Desconcentrada Empoderar,Consultoria,OF,Acompañante De Alianzas Productivas Uor Chaco  Cipa 049/2026,False,2026-09-01,,Contratado,Carmen Tatiana Sanjinez Segovia (Telf: 2141750-2145337-71952144),,La Paz,Normativa del Financiador (BM)
26-0041-24-1685314-0-E,Unidad De Coordinacion Y Ejecucion De Proyectos - Ucep Mi Riego,Consultoria,OF,Especialista En Adquisiciones Iii,False,2026-09-01,,Contratado,Juan Carlos Soljancic Roda (Telf: 2145792 - 72852834),,La Paz,Normativa del Financiador (BID)
26-0041-26-1685304-0-E,Unidad Coordinadora Programa De Agua Y Alcantarillado Periurbano - Ucp Paap,Consultoria,OF,Consultoria En Linea: Profesional En Consolidacion De Entidades Prestadoras De Servicios De Agua (Epsas),False,2026-09-01,,Contratado,Carlos Vargas Urcullo (Telf: 71560897),,La Paz,Normativa del Financiador (BID)
26-0041-26-1685364-0-E,Unidad Coordinadora Programa De Agua Y Alcantarillado Periurbano - Ucp Paap,Consultoria,CD,"Elaboración De Un Plan De Gestión Ambiental Y Social (Pgas), Para El Proyecto: Implementación De La Gestión Integral De Residuos Sólidos Del Municipio De Achocalla",False,2026-09-01,,Contratado,Carlos Vargas Urcullo (Telf: 71560897),,La Paz,Normativa del Financiador (BID)
26-0041-26-1685425-0-E,Unidad Coordinadora Programa De Agua Y Alcantarillado Periurbano - Ucp Paap,Consultoria,CD,Diseño De Material Educativo Y De Comunicación Para La Estrategia Socio Comunicacional Participativo Comunitario Y La Campaña Educativa De Sensibilización De Acciones Estratégicas Socio Ambientales Para La Cuenca Katari Y El Lago Menor Del Titicaca,False,2026-09-01,,Contratado,Carlos Vargas Urcullo (Telf: 71560897),,La Paz,Normativa del Financiador (BID)
26-0041-27-1684822-1-1,Unidad De Coordinacion Del Programa Piloto De Resiliencia Climatica - Ucp-Ppcr,Consultoria,OF,Servicio De Fortalecimiento Organizacional Y Asistencia Tecnica Productiva (Foratp) Paquete 3: “Mejoramiento Sistema De Riego Tecnificado Cala Cala (Soracahi)” Y “Construcción Sistema De Riego Tecnificado Pasto De Lobos (Gaioc Salinas)”,False,2026-09-01,2026-09-16,Vigente,Carolina Judith Vargas Teran (Telf: 71524934),,La Paz,Normativa del Financiador (BM)
26-0041-27-1685382-1-1,Unidad De Coordinacion Del Programa Piloto De Resiliencia Climatica - Ucp-Ppcr,Consultoria,OF,Servicio De Fortalecimiento Organizacional Y Asistencia Técnica Productiva (Foratp) Paquete 6: “Const. Sistema De Riego Comunidad Sasari” Y “Construccion Sistema De Riego Vaqueria Machacamarca (Inquisivi)”,False,2026-09-01,2026-09-16,Vigente,Genny Sofia Ramallo Fernandez (Telf: 71524934),,La Paz,Normativa del Financiador (BM)
26-0041-27-1685414-1-1,Unidad De Coordinacion Del Programa Piloto De Resiliencia Climatica - Ucp-Ppcr,Consultoria,OF,Servicio De Fortalecimiento Organizacional Y Asistencia Técnica Productiva (Foratp) Paquete 7: “Const. Sistema De Riego Collpa Huancarani” Y “Construcción Sistema De Riego Tecnificado Sub Central Carazani”,False,2026-09-01,2026-09-16,Vigente,Genny Sofia Ramallo Fernandez (Telf: 71524934),,La Paz,Normativa del Financiador (BM)
26-0041-27-1685458-1-1,Unidad De Coordinacion Del Programa Piloto De Resiliencia Climatica - Ucp-Ppcr,Consultoria,OF,Servicio De Fortalecimiento Organizacional Y Asistencia Tecnica Productiva (Foratp) Paquete 5: “Const. Sistema De Riego Calasaya Y Construccion Sistema De Riego Iscu Iscu (Yocalla)”,False,2026-09-01,2026-09-16,Vigente,Vania Huaira Vargas Guzman (Telf: 71524934),,La Paz,Normativa del Financiador (BM)
26-0041-27-1685466-1-1,Unidad De Coordinacion Del Programa Piloto De Resiliencia Climatica - Ucp-Ppcr,Consultoria,OF,Servicio De Fortalecimiento Organizacional Y Asistencia Técnica Productiva (Foratp) Paquete 4: “Construcción Sistema De Riego Comunidad La Palca (Simón Bolivar)-Poroma” Y “Construcción Sistema De Riego Comunidad Sumala Sector Kollpa Pampa - Icla”,False,2026-09-01,2026-09-16,Vigente,Vania Huaira Vargas Guzman (Telf: 71524934),,La Paz,Normativa del Financiador (BM)
26-0046-21-1685237-0-E,Seguro Social Universitario - Cochabamba,Servicios Generales,EX,Mantenimiento Tecnico Del Sistma Ris/Pac,False,2026-09-01,,Contratado,Elsa Victoria Silva Bustillo (Telf: 4226772),,Cochabamba,NB-SABS (D.S.0181)
26-0046-21-1685402-1-1,Seguro Social Universitario - Cochabamba,Bienes,CNC,Compra De Medicamentos  2026,True,2026-09-01,2026-09-07,Vigente,Elsa Victoria Silva Bustillo (Telf: 4226772),,Cochabamba,Compro Hecho en Bolivia (D.S.4505)
26-0046-26-1685228-1-1,Instituto Nacional De Laboratorios De Salud Inlasa,Bienes,CM,Adquisición De Switch De Datos Para El Inlasa,False,2026-09-01,2026-09-04,Vigente,Juan Carlos Zuleta Canaviri (Telf: 2-226048),,La Paz,NB-SABS (D.S.0181)
26-0046-26-1685247-1-1,Instituto Nacional De Laboratorios De Salud Inlasa,Bienes,ANPP,Adquisicion De Alimento Para Roedores Del Bioterio De La Division De Produccion,True,2026-09-01,2026-09-14,Vigente,Maria Isabel Vasquez Michel (Telf: 2-226048),,La Paz,NB-SABS (D.S.0181)
26-0046-45-1670649-2-2,Escuela Nacional De Salud,Bienes,ANPE,Adquisición De Material De Escritorio Para La Escuela Nacional De Salud,True,2026-09-01,2026-09-08,Vigente,Freddy Condo Mamani (Telf: 2444225),,La Paz,NB-SABS (D.S.0181)
26-0081-00-1685277-0-E,"Ministerio De Obras Publicas , Servicios Y Vivienda",Consultoria,CM,Consultoría Individual De Línea – Técnico En Hidrovias I,False,2026-09-01,,Contratado,Holanda Rusia Chambilla Flores (Telf: 2156600),,La Paz,NB-SABS (D.S.0181)
26-0081-61-1444046-3-2,Unidad Tecnica Aeroportuaria - Uta,Obras,OF,Reconstrucción Y Rehabilitación De La Pista Del Aeropuerto Tarija (Lado Aire),False,2026-09-01,2026-10-16,Vigente,Ivan Pena Yujra (Telf: 2156631),,La Paz,Normativa del Financiador (BID)
26-0117-00-1685186-1-1,Direccion General De Aeronautica Civil,Servicios Generales,ANPE,"Servicio De Un Taller Mecánico Para Mantenimiento Y Reparación De Vehículos Oficiales Para La Dirección General De Aeronáutica Civil, Oficina Central Gestión 2026",True,2026-09-01,2026-09-08,Vigente,Andrano Daza Canqui (Telf: 2444450),,La Paz,NB-SABS (D.S.0181)
26-0133-00-1685197-1-1,Loteria Nacional De Beneficencia Y Salubridad,Bienes,CND1,Adquisición De Estantes Metálicos Para Archivo Central,False,2026-09-01,2026-09-04,Vigente,Fabiola Ariana Choque Ledezma (Telf: 2373353),,La Paz,Compro Hecho en Bolivia (D.S.4505)
26-0139-00-1685417-0-E,Universidad Mayor De San Andres - Umsa,Consultoria,CM,Servicio De Consultoria Individual De Linea: Profesional Iii - Responsable De Analisis Quimico Para Laboratorio De Aguas Del Instituto De Ingenieria Sanitaria Y Ambiental De La Facultad De Ingenieria,False,2026-09-01,,Contratado,Juan Averanga Quispe (Telf: 2441994),,La Paz,NB-SABS (D.S.0181)
26-0141-00-1682617-1-1,Universidad Mayor De San Simon Umss,Bienes,CND1,Adquisicion De Computador Portatil - Seed ,False,2026-09-01,2026-09-04,Vigente,Maria Eliana Sanchez Vera (Telf: 4 4524782),,Cochabamba,Compro Hecho en Bolivia (D.S.4505)
26-0143-00-1685317-1-1,Universidad Autonoma Tomas Frias,Bienes,CNC,Adquisicion 2 (Dos) Kilo Bicarbonato De Socio - Polvo De 20g Para Laboratrio De Suelos Agronomia,True,2026-09-01,2026-09-04,Vigente,Karina Sandra Aliaga Bellido (Telf: 62-27332),,Potosi,Compro Hecho en Bolivia (D.S.4505)
26-0146-00-1684484-1-1,Universidad Autonoma Gabriel Rene Moreno,Bienes,CM,Adquisición De Materiales Para Hojas Membretadas Y Folders Para Vicerrectorado Y Admisión Estudiantil,False,2026-09-01,2026-09-04,Vigente,Roberto Rondon Vargas (Telf: 3398516),,Santa Cruz,NB-SABS (D.S.0181)
26-0146-00-1685324-0-E,Universidad Autonoma Gabriel Rene Moreno,Consultoria,CM,"Contratación De Un Consultor En Linea Para Fortalecer La Imagen, Identidad, Reputacion, Y Posicionamiento Institucional De La Uagrm",False,2026-09-01,,Contratado,Jessica Rojas Melgar (Telf: 3398516),,Santa Cruz,NB-SABS (D.S.0181)
26-0206-05-1685236-0-E,Fortalecimiento Del Sistema Estadístico Del Estado Plurinacional De Bolivia,Consultoria,OF,Tecnico 1 Encargado En Logistica Nacional - Pfseepb,False,2026-09-01,,Contratado,Carolina Paola Galvan Delgado (Telf: 2222333),,La Paz,Normativa del Financiador (BID)
26-0206-05-1685421-0-E,Fortalecimiento Del Sistema Estadístico Del Estado Plurinacional De Bolivia,Consultoria,OF,Especialista 1 Responsable Departamental Del Censo Pfseepb Santa Cruz,False,2026-09-01,,Contratado,Gerardo Pablo Saca (Telf: 2222333),,La Paz,Normativa del Financiador (BID)
26-0212-00-1681892-0-E,Instituto Nacional De Reforma Agraria Inra,Consultoria,OF,"Servicio De Auditoría Externa A Los Estados Financieros De Propósito Especial De La Cooperación Técnica Bo-T1429 ""Diseño Y Estructuración Del Fondo De Consolidación De Tioc De Tierras Bajas",False,2026-09-01,,Contratado,Juan Carlos Garron Mamani (Telf: 2408757 - 2407694),,La Paz,Normativa del Financiador (BID)
26-0212-00-1685475-1-1,Instituto Nacional De Reforma Agraria Inra,Bienes,ANPE,“Adquisición De Papel Para La Direccion Nacional Del Inra – Gestion 2026”,True,2026-09-01,2026-09-08,Vigente,Juan Carlos Garron Mamani (Telf: 2408757 - 2407694),,La Paz,NB-SABS (D.S.0181)
26-0223-00-1685287-0-E,Fondo Nacional De Desarrollo Forestal,Consultoria,CM,"Consultor Individual De Linea: Profesional En Planificacion, Evaluacion, Seguimiento Y Monitoreo De Programas Y Proyectos Oficina Regional Santa Cruz",False,2026-09-01,,Contratado,Maria Teresa Becerra Farfan (Telf: 2129838 - 2128772),,La Paz,NB-SABS (D.S.0181)
26-0223-00-1685313-0-E,Fondo Nacional De Desarrollo Forestal,Consultoria,CM,Consultor Individual De Linea - Especialista Administrativo Financiero Regional Santa Cruz,False,2026-09-01,,Contratado,Maria Teresa Becerra Farfan (Telf: 2129838 - 2128772),,La Paz,NB-SABS (D.S.0181)
26-0223-00-1685340-0-E,Fondo Nacional De Desarrollo Forestal,Consultoria,CM,"Consultor Individual De Linea: Profesional Financiero En Planificacion, Evaluacion, Seguimiento Y Monitoreo De Programas Y Proyectos Oficina Regional Santa Cruz",False,2026-09-01,,Contratado,Maria Teresa Becerra Farfan (Telf: 2129838 - 2128772),,La Paz,NB-SABS (D.S.0181)
26-0249-00-1685469-0-E,Central De Abastecimiento Y Suministros De Salud,Servicios Generales,CD,Alquiler De Ambientes Para Oficinas Y Almacen De La Ceass Regional Santa Cruz,False,2026-09-01,,Contratado,Fabiola Karen Ayaviri Mamani (Telf: 2850396 - 2852308 - 2853429),,La Paz,NB-SABS (D.S.0181)
26-0281-00-1684222-0-E,Oficina Tecnica De Rios Pilcomayo Y Bermejo,Consultoria,CM,"Consultoria Por Producto Coordinador Especialista Manejo Integral De La Microcuenca Rio Pinos, Municipio De Cercado",False,2026-09-01,,Contratado,Hugo Marcelo Otondo Ramos (Telf: 6642610),,Tarija,NB-SABS (D.S.0181)
26-0283-04-1685496-1-1,Gerencia Regional Potosi - Aduana Nacional De Bolivia,Servicios Generales,CM,"Servicio De Mantenimiento Del Sistema Y Cámaras De Videovigilancia De La Administración Aduana Frontera Villazon, Pia Penitencia, Pia Tupiza, Pia Cuartos, Administración Aduana Interior Sucre, Pia Millares Y Administración Aduana Frontera Avaroa",False,2026-09-01,2026-09-04,Vigente,Vicente Mollo Blaz (Telf: (2) 6231644),,Potosi,NB-SABS (D.S.0181)
26-0291-00-1685367-0-E,Administradora Boliviana De Carreteras (Abc),Consultoria,CM,"Consultor Individual De Linea """"Abogado Para La Gerencia Nacional Juridica - Profesional 8""",False,2026-09-01,,Contratado,Paolo Roberto Vega Bellido (Telf: 2159800),,La Paz,NB-SABS (D.S.0181)
26-0291-00-1685409-0-E,Administradora Boliviana De Carreteras (Abc),Obras,EX,Atencion De Emergencias De La Conexion Vial Y Accesos De Tarija A Yacuiba Paquete 4 - Tapecua 1,False,2026-09-01,,Contratado,Paolo Roberto Vega Bellido (Telf: 2159800),,La Paz,NB-SABS (D.S.0181)
26-0291-03-1685223-1-1,Administradora Boliviana De Carreteras - Regional Potosi,Obras,ANPP,Conser. Tramo Pt11: Villazon – Cañas – L. Deptal Potosi - Tarija,True,2026-09-01,2026-09-14,Vigente,Grover Juan Teran Dueñas (Telf: 6230171 - 77479505),,Potosi,NB-SABS (D.S.0181)
26-0291-03-1685389-1-1,Administradora Boliviana De Carreteras - Regional Potosi,Obras,ANPP,Conser. Tramo Pt08 Hornillos – Tupiza – Villazon/Hornillos - Cotagaita,True,2026-09-01,2026-09-14,Vigente,Grover Juan Teran Dueñas (Telf: 6230171 - 77479505),,Potosi,NB-SABS (D.S.0181)
26-0293-00-1680826-2-1,Fundacion Cultural Del Banco Central De Bolivia ,Obras,ANPE,Obra – Mantenimiento E Impermeabilizacion De Terraza Principal De Casa De La Libertad,True,2026-09-01,2026-09-08,Vigente,Daniela Andrea Mérida Gorena (Telf: 02-2424148),,La Paz,NB-SABS (D.S.0181)
26-0293-00-1685295-0-E,Fundacion Cultural Del Banco Central De Bolivia ,Consultoria,CM,Consultoría Individual De Línea Ingeniero Eléctrico-Técnico Ii,False,2026-09-01,,Contratado,Jhesenia Vargas Caceres (Telf: 02-2424148),,La Paz,NB-SABS (D.S.0181)
26-0314-00-1685507-0-E,Autoridad De Fiscalización De Electricidad Y Tecnologia Nuclear,Consultoria,CM,Consultoría Individual De Línea: Técnico En Porcesamiento Y Elaboracion De Estadisticas Y Apoyo En Otras Actividades De La Direccion De Derechos Y Obligaciones (Ddo),False,2026-09-01,,Contratado,Mildred Amparo Gonzales Gonzales (Telf: 2312401),,La Paz,NB-SABS (D.S.0181)
26-0342-00-1685203-0-E,Agencia Estatal De Vivienda,Consultoria,CM,Consultoria Individual De Linea Tecnico Iv En Cierre De Proyectos V Para La Agencia Estatal De Vivienda,False,2026-09-01,,Contratado,America Aguilar Vaca (Telf: 2148747 - 2148984),,La Paz,NB-SABS (D.S.0181)
26-0342-00-1685411-0-E,Agencia Estatal De Vivienda,Consultoria,CM,Consultoria Individual De Linea Tecnico Iii En Conciliacion Financiera Ii Para El Area Administrativa Financiera De La Dnvsr,False,2026-09-01,,Contratado,Ana Maria Pamuri Poroso (Telf: 2148747 - 2148984),,La Paz,NB-SABS (D.S.0181)
26-0342-00-1685510-0-E,Agencia Estatal De Vivienda,Consultoria,CM,Consultoria Individual De Linea Tecnico Iii En Cierre De Proyectos Iv Para La Agencia Estatal De Vivienda,False,2026-09-01,,Contratado,Naghely Genova Limachi Apaza (Telf: 2148747 - 2148984),,La Paz,NB-SABS (D.S.0181)
26-0342-00-1685515-0-E,Agencia Estatal De Vivienda,Consultoria,CM,Consultoria Individual De Linea Tecnico Iii En Cierre De Proyectos Iii Para La Agencia Estatal De Vivienda,False,2026-09-01,,Contratado,America Aguilar Vaca (Telf: 2148747 - 2148984),,La Paz,NB-SABS (D.S.0181)
26-0342-00-1685516-0-E,Agencia Estatal De Vivienda,Consultoria,CM,Consultoria Individual De Linea Tecnico Iii En Cierre De Proyectos Ii Para La Agencia Estatal De Vivienda,False,2026-09-01,,Contratado,Naghely Genova Limachi Apaza (Telf: 2148747 - 2148984),,La Paz,NB-SABS (D.S.0181)
26-0342-00-1685519-0-E,Agencia Estatal De Vivienda,Consultoria,CM,Consultoria Individual De Linea Tecnico Iii En Conciliación Financiera I Para El Área Administrativa Financiera De La Dnvsr,False,2026-09-01,,Contratado,America Aguilar Vaca (Telf: 2148747 - 2148984),,La Paz,NB-SABS (D.S.0181)
26-0342-00-1685525-0-E,Agencia Estatal De Vivienda,Consultoria,CM,Consultoria Individual De Linea Profesional Iii En Desarrollo De Sistema Ii Para El Area  Administrativa Financiera  De La Dnsvr,False,2026-09-01,,Contratado,Ana Maria Pamuri Poroso (Telf: 2148747 - 2148984),,La Paz,NB-SABS (D.S.0181)
26-0385-00-1685394-1-1,Autoridad De Supervision De La Seguridad Social De Corto Plazo,Servicios Generales,CM,Servicio De Elaboración De Material Promocional Para La Asuss,False,2026-09-01,2026-09-04,Vigente,Gabriela Garcia Tenorio (Telf: 2152400 - 2431798),,La Paz,NB-SABS (D.S.0181)
26-0389-00-1685267-1-1,Navegacion Aerea Y Aeropuertos Bolivianos,Bienes,ANPP,"Adquisición De Equipo De Protección Personal Para Bombero Estructural, Para El Área Del Ssei De La Regional Santa Cruz",True,2026-09-01,2026-09-14,Vigente,Ximena Maria Zambrana Sarmiento (Telf: 2351305),,La Paz,NB-SABS (D.S.0181)
26-0389-00-1685299-0-E,Navegacion Aerea Y Aeropuertos Bolivianos,Consultoria,CM,Consultoria Por Producto Monitoreos Ambientales Y Ocupacionales En Los Aeropuertos De La Regional Cochabamba - Primer Semestre,False,2026-09-01,,Contratado,Claudia Samira Ortega Flores (Telf: 2351305),,La Paz,NB-SABS (D.S.0181)
26-0389-00-1685501-1-1,Navegacion Aerea Y Aeropuertos Bolivianos,Bienes,CM,Adquisicion De Carritos Porta Equipaje Para La Regional Beni,False,2026-09-01,2026-09-04,Vigente,Gabriela Cecilia Gonzales Subirana (Telf: 2351305),,La Paz,NB-SABS (D.S.0181)
26-0411-00-1685462-1-1,Corporacion Del Seguro Social Militar - Cossmil,Bienes,CND1,"Adquisición De Alimentos Para La Unidad De Almacenes De La Agencia Regional""Cossmil"" Tarija",False,2026-09-01,2026-09-03,Vigente,Liseth Alejandra Michaga Castellon (Telf: 2314236),,La Paz,Compro Hecho en Bolivia (D.S.4505)
26-0417-03-1667681-3-1,Caja Nacional De Salud Regional Santa Cruz ,Bienes,ANPP,"135 Paquete Tela No Tejida Propileno Sms De Tres Capas 120 X 120
200 Paquete Tela No Tejida Propileno Sms De Tres Capas 76 X 76
70 Paquete Tela No Tejida Propileno Sms De Tres Capas 150 X 150
- Supervision Regional De Enfermeria",True,2026-09-01,2026-09-11,Vigente,Ludwing Omar Romero Paz (Telf: 3-393354),,Santa Cruz,NB-SABS (D.S.0181)
26-0417-03-1675200-3-1,Caja Nacional De Salud Regional Santa Cruz ,Servicios Generales,ANPP,"01 Servicio De Deshielo /De-Icing (Mano De Obra) Del Resonador Magnético Marca General Electric.
Electromedicina Hospital Obrero Nro. 3",True,2026-09-01,2026-09-11,Vigente,Robert Cabrera Cuellar (Telf: 3-393354),,Santa Cruz,NB-SABS (D.S.0181)
26-0417-03-1680086-2-1,Caja Nacional De Salud Regional Santa Cruz ,Bienes,ANPE,"90 Paquete Ropa Quirurgica Descartable
35 Paquete Ropa Quirurgica Descartable Cesarea
Supervision Regional De Enfermeria",True,2026-09-01,2026-09-07,Vigente,Juan Gabriel Arancibia Coronado (Telf: 3-393354),,Santa Cruz,NB-SABS (D.S.0181)
26-0417-03-1685266-1-1,Caja Nacional De Salud Regional Santa Cruz ,Bienes,ANPP,"543 Pieza Medio De Contraste Yodado No Ionico En Jeringa Prellenada Descartable De 125 Ml
Servicio De Imagenologia-Hospital Obrero N° 3",True,2026-09-01,2026-09-11,Vigente,Robert Cabrera Cuellar (Telf: 3-393354),,Santa Cruz,NB-SABS (D.S.0181)
26-0417-03-1685370-1-1,Caja Nacional De Salud Regional Santa Cruz ,Bienes,ANPE,"320 Litro Detergente Liquido
320 Litro Potenciador Liquido
320 Litro Blanqueador Liquido
320 Litro Neutralizador Liquido
320 Litro Suavizante Liquido
Administracion - Paise Irala",True,2026-09-01,2026-09-07,Vigente,Robert Cabrera Cuellar (Telf: 3-393354),,Santa Cruz,NB-SABS (D.S.0181)
26-0417-04-1668049-2-2,Caja Nacional De Salud Regional Cochabamba,Servicios Generales,ANPP,Mantenimiento Correctivo De Endoscopios,True,2026-09-01,2026-09-11,Vigente,David Orlando Costas Urey (Telf: 4234378),,Cochabamba,NB-SABS (D.S.0181)
26-0417-04-1684668-1-1,Caja Nacional De Salud Regional Cochabamba,Bienes,ANPE,Monitor De Signos Vitales Multiparametrico,True,2026-09-01,2026-09-08,Vigente,Boris Javier Alarcon Hinojosa (Telf: 4234378),,Cochabamba,NB-SABS (D.S.0181)
26-0417-04-1684893-1-1,Caja Nacional De Salud Regional Cochabamba,Bienes,CM,Motor Endodontico X Smart Plus,False,2026-09-01,2026-09-04,Vigente,Nelson Evert Siles Balderrama (Telf: 4234378),,Cochabamba,NB-SABS (D.S.0181)
26-0417-04-1685045-1-1,Caja Nacional De Salud Regional Cochabamba,Obras,ANPP,Mantenimiento Y Refuncionalizacion Ambientes Para Farmacia H.O. N° 2,True,2026-09-01,2026-09-11,Vigente,Boris Javier Alarcon Hinojosa (Telf: 4234378),,Cochabamba,NB-SABS (D.S.0181)
26-0417-04-1685343-1-1,Caja Nacional De Salud Regional Cochabamba,Bienes,ANPE,Guante Descartable De Latex Talla “M” N° 7,True,2026-09-01,2026-09-07,Vigente,Danilo Rodriguez Yugar (Telf: 4234378),,Cochabamba,NB-SABS (D.S.0181)
26-0417-04-1685350-1-1,Caja Nacional De Salud Regional Cochabamba,Bienes,ANPE,Impresora Sistema Continuo,True,2026-09-01,2026-09-07,Vigente,Danilo Rodriguez Yugar (Telf: 4234378),,Cochabamba,NB-SABS (D.S.0181)
26-0417-06-1684918-1-1,Caja Nacional De Salud (Regional Chuquisaca),Bienes,ANPE,Adquisición De Albumina Humana 20% De 50 Ml. Inyectable Para La Caja Nacional De Salud Solicitado Por Regencia De Farmacia Regional Chuquisaca,True,2026-09-01,2026-09-07,Vigente,Iveth Helen Mancilla Cervantes (Telf: 64-53226),,Chuquisaca,NB-SABS (D.S.0181)
26-0417-09-1673928-1-2,Caja Nacional De Salud - Regional La Paz,Bienes,ANPE,4 Items. Insumos Odontologicos. Supervision De Odontologia Regional La Paz,True,2026-09-01,2026-09-07,Vigente,Brayan Luis Cabrera Vera (Telf: 2-901777),,La Paz,NB-SABS (D.S.0181)
26-0417-09-1685307-1-1,Caja Nacional De Salud - Regional La Paz,Bienes,ANPE,"160 Ampolla Doxorrubicina Liposomal Pegilada 20 Mg/ 10 Ml. 
Supervision De Farmacia Regional La Paz",True,2026-09-01,2026-09-07,Vigente,Manuel Alejandro Almendro Lazarte (Telf: 2-901777),,La Paz,NB-SABS (D.S.0181)
26-0417-09-1685323-1-1,Caja Nacional De Salud - Regional La Paz,Bienes,ANPE,"35 Ampolla Surfactante Pulmonar 25 A 35 Mg/Ml. 
Supervision De Farmacia Regional La Paz",True,2026-09-01,2026-09-07,Vigente,Manuel Alejandro Almendro Lazarte (Telf: 2-901777),,La Paz,NB-SABS (D.S.0181)
26-0417-09-1685326-1-1,Caja Nacional De Salud - Regional La Paz,Bienes,ANPP,"3360 Frasco Tramadol 100 Mg/Ml. 
Supervision De Farmacia Regional La Paz",True,2026-09-01,2026-09-11,Vigente,Manuel Alejandro Almendro Lazarte (Telf: 2-901777),,La Paz,NB-SABS (D.S.0181)
26-0417-09-1685331-1-1,Caja Nacional De Salud - Regional La Paz,Bienes,ANPP,"40500 Comprimido Metilfenidato 10 Mg. 
Supervision De Farmacia. Regional La Paz",True,2026-09-01,2026-09-11,Vigente,Manuel Alejandro Almendro Lazarte (Telf: 2-901777),,La Paz,NB-SABS (D.S.0181)
26-0422-00-1675933-2-1,Caja Bancaria Estatal De Salud,Consultoria,ANPE,Consultoria Individual Por Producto Para La Acreditacion Iso Del Laboratorio De La Cbes – Primera Fase,False,2026-09-01,2026-09-08,Vigente,Hernan Eddy Marconi Marcani (Telf: 2220404),,La Paz,NB-SABS (D.S.0181)
26-0422-00-1685102-1-1,Caja Bancaria Estatal De Salud,Bienes,CM,Adquisicion De Insumos Para Contador Hematologico,False,2026-09-01,2026-09-04,Vigente,Hernan Eddy Marconi Marcani (Telf: 2220404),,La Paz,NB-SABS (D.S.0181)
26-0423-00-1684650-1-1,Caja De Salud De Caminos Y Ramas Anexas,Bienes,CM,Adquisicion De Material De Escritorio Para La Caja De Salud De Caminos Y R.A. Regional Beni Riberalta,False,2026-09-01,2026-09-04,Vigente,Victor Eduardo Valdez Davila (Telf: 2916539),,La Paz,NB-SABS (D.S.0181)
26-0424-08-1685385-1-1,Caja De Salud Cordes Regional Cochabamba,Bienes,CNC,Adquisición De Productos Farmacéuticos Medicamentos Chb,True,2026-09-01,2026-09-07,Vigente,Cesar Flavio Sandoval Rocabado (Telf: 4417000-44794820),,Cochabamba,Compro Hecho en Bolivia (D.S.4505)
26-0435-00-1685285-1-1,Seguro Integral De Salud Sinec,Servicios Generales,ANPP,Servicios Medicos En Hemodialisis Convencional,True,2026-09-01,2026-09-14,Vigente,Susy Lizondo Balon (Telf: 3323173),,Santa Cruz,NB-SABS (D.S.0181)
26-0513-00-1685315-0-E,Yacimientos Petroliferos Fiscales Bolivianos - Ypfb,Servicios Generales,OF,Servicio De Transporte Interdepartamental Para El Drch,False,2026-09-01,,Contratado,Carolina Elizabeth Sardan Romero (Telf: 2176300),,La Paz,Otra Normativa especifica nacional
26-0513-00-1685493-0-E,Yacimientos Petroliferos Fiscales Bolivianos - Ypfb,Consultoria,OF,"Consultoría Individual De Línea: Técnico Iii, En Contabilidad De Materiales Udaf-Drcb",False,2026-09-01,,Contratado,Alison Ghimena Moruchi Morales (Telf: 2176300),,La Paz,Otra Normativa especifica nacional
26-0513-00-1685512-0-E,Yacimientos Petroliferos Fiscales Bolivianos - Ypfb,Bienes,OF,Adquisición De Accesorios Metálicos Para Indicadores De Presión – Grgd,False,2026-09-01,,Contratado,Amparo Sofia Heredia Ururi (Telf: 2176300),,La Paz,Otra Normativa especifica nacional
26-0514-00-1681638-1-1,Empresa Nacional De Electricidad - Ende,Servicios Generales,LP,Solución De Gestión Y Monitoreo Más Módulos Complementarios De Seguridad Para Ende - Usti,True,2026-09-01,2026-09-23,Vigente,Lilian Saavedra Acosta (Telf: 4520317-2312865),,Cochabamba,NB-SABS (D.S.0181)
26-0514-00-1684858-1-1,Empresa Nacional De Electricidad - Ende,Bienes,LP,Adquisicion De Repuestos Para Lineas De Transmision De Ende - Gestion 2026 - Utdi,True,2026-09-01,2026-09-23,Vigente,Angélica Zambrana Monduela (Telf: 4520317-2312865),,Cochabamba,NB-SABS (D.S.0181)
26-0517-00-1684324-1-1,Corporacion Minera De Bolivia - Comibol,Bienes,ANPE,Adquisicion De Tonners (Segundo Semestre),True,2026-09-01,2026-09-08,Vigente,Jenny Judith Patricia Marin Ledezma (Telf: 2682100 - 2682107-2901106),,La Paz,NB-SABS (D.S.0181)
26-0517-00-1685256-1-1,Corporacion Minera De Bolivia - Comibol,Bienes,LP,Adquisicion De Epps Para La Unidad Productiva Amayapampa,True,2026-09-01,2026-09-23,Vigente,Jenny Judith Patricia Marin Ledezma (Telf: 2682100 - 2682107-2901106),,La Paz,NB-SABS (D.S.0181)
26-0517-02-1675246-2-1,Empresa Minera Huanuni,Bienes,ANPP,Adquisicion De Material Electrico Para Equipo Jumbo Scoop (Emh-Rampa-2026),True,2026-09-01,2026-09-15,Vigente,Jhon Milo Rodriguez Reyes (Telf: 25520033 - 25520034),,Oruro,NB-SABS (D.S.0181)
26-0517-02-1685051-1-1,Empresa Minera Huanuni,Bienes,ANPE,Adquisicion De Luminarias Y Repuestos Para Iluminacion Mina (Emh-Tep-2026),True,2026-09-01,2026-09-11,Vigente,Jhon Milo Rodriguez Reyes (Telf: 25520033 - 25520034),,Oruro,NB-SABS (D.S.0181)
26-0517-02-1685276-1-1,Empresa Minera Huanuni,Bienes,ANPP,"Adquisicion De Contactores Trifasicos, Reles Termicos Y Otros Diferentes Potencias (Emh-Tese-2026)",True,2026-09-01,2026-09-15,Vigente,Jhon Milo Rodriguez Reyes (Telf: 25520033 - 25520034),,Oruro,NB-SABS (D.S.0181)
26-0517-02-1685361-0-E,Empresa Minera Huanuni,Bienes,CD,Adquisicion De Carros Metaleros De Diferentes Capacidades (Emh-Mina-Inv-2026),False,2026-09-01,,Contratado,Jhon Milo Rodriguez Reyes (Telf: 25520033 - 25520034),,Oruro,NB-SABS (D.S.0181)
26-0517-02-1685440-1-1,Empresa Minera Huanuni,Bienes,ANPP,Adquisicion De Repuestos Varios (Emh-Loc-2026),True,2026-09-01,2026-09-15,Vigente,Jhon Milo Rodriguez Reyes (Telf: 25520033 - 25520034),,Oruro,NB-SABS (D.S.0181)
26-0517-02-1685450-1-1,Empresa Minera Huanuni,Bienes,ANPP,"Adquisicion De Repuestos Para Bombas Wifly De 3"" Y Otros (Emh-Pp-2026)",True,2026-09-01,2026-09-15,Vigente,Jhon Milo Rodriguez Reyes (Telf: 25520033 - 25520034),,Oruro,NB-SABS (D.S.0181)
26-0517-02-1685453-1-1,Empresa Minera Huanuni,Bienes,ANPE,Adquisicion De Cinta Transportadora Y Otros (Emh-Pp-2026),True,2026-09-01,2026-09-08,Vigente,Jhon Milo Rodriguez Reyes (Telf: 25520033 - 25520034),,Oruro,NB-SABS (D.S.0181)
26-0517-02-1685472-1-1,Empresa Minera Huanuni,Bienes,ANPP,Adquisicion De Interruptores Automaticos Regulables De Baja Tension Diferentes Potencias (Emh-Tese-2026),True,2026-09-01,2026-09-14,Vigente,Jhon Milo Rodriguez Reyes (Telf: 25520033 - 25520034),,Oruro,NB-SABS (D.S.0181)
26-0517-02-1685481-1-1,Empresa Minera Huanuni,Bienes,ANPP,Adquisicion De Cable Trifasico De Cobre De Baja Tensión Bajo Goma Secciones Diversas (Emh-Tese-2026),True,2026-09-01,2026-09-14,Vigente,Jhon Milo Rodriguez Reyes (Telf: 25520033 - 25520034),,Oruro,NB-SABS (D.S.0181)
26-0517-08-1685294-1-1,Empresa Minera Colquiri,Bienes,ANPP,Clq-26-Anpe-239/2026 Adquisición De Control Completo Nuevo Type Lm-146j,True,2026-09-01,2026-09-14,Vigente,Franz Merlo Merlo Charca (Telf: 68350816-68350810),,La Paz,NB-SABS (D.S.0181)
26-0517-08-1685306-1-1,Empresa Minera Colquiri,Bienes,ANPP,Clq-26-Anpe-560/2026 Adquisición De Material De Acero Antiabrasivo E Inoxidable,True,2026-09-01,2026-09-14,Vigente,Franz Merlo Merlo Charca (Telf: 68350816-68350810),,La Paz,NB-SABS (D.S.0181)
26-0517-08-1685308-1-1,Empresa Minera Colquiri,Bienes,CNC,Clq-29-Cn-43/2026 Adquisicion De Viveres (Arina Gestion 2026),True,2026-09-01,2026-09-04,Vigente,Bernardino Bautista Mamani (Telf: 68350816-68350810),,La Paz,Compro Hecho en Bolivia (D.S.4505)
26-0517-08-1685423-1-1,Empresa Minera Colquiri,Bienes,ANPP,Clq-26-Anpe-152/2026 Adquisición De Repuestos De Cilindro De Volteo Scooptram St2g,True,2026-09-01,2026-09-14,Vigente,Rilberth Cristhian Villegas Marca (Telf: 68350816-68350810),,La Paz,NB-SABS (D.S.0181)
26-0517-08-1685430-1-1,Empresa Minera Colquiri,Bienes,LP,Clq-26-Lici-42/2026 Adquisición De Camioneta 4x4 A Diesel Para Interior Mina,True,2026-09-01,2026-09-22,Vigente,Bernardino Bautista Mamani (Telf: 68350816-68350810),,La Paz,NB-SABS (D.S.0181)
26-0517-08-1685484-1-1,Empresa Minera Colquiri,Servicios Generales,LP,"Clq-26-Lici-23/2026 Servicio De Ingenieria, Supervision, Montaje De Celdas De Mt Y Puesta En Marcha En Nueva Sala Subestacion Principal De La Empresa Minera Colquiri”",True,2026-09-01,2026-09-22,Vigente,Bernardino Bautista Mamani (Telf: 68350816-68350810),,La Paz,NB-SABS (D.S.0181)
26-0517-08-1685514-1-1,Empresa Minera Colquiri,Bienes,ANPP,Clq-26-Anpe-169/2026 Adquisición De Rodamientos Y Rotulas Para Equipos De Bajo Perfil,True,2026-09-01,2026-09-14,Vigente,Franz Merlo Merlo Charca (Telf: 68350816-68350810),,La Paz,NB-SABS (D.S.0181)
26-0517-08-1685517-1-1,Empresa Minera Colquiri,Bienes,ANPP,Clq-26-Anpe-580/2026 Adquisición De Repuestos Hidrraulicos Jumbo Raptor,True,2026-09-01,2026-09-14,Vigente,Franz Merlo Merlo Charca (Telf: 68350816-68350810),,La Paz,NB-SABS (D.S.0181)
26-0517-08-1685518-1-1,Empresa Minera Colquiri,Bienes,ANPE,Clq-26-Anpe-254/2026 Adquisición De Suspensión De Sistema De Potencia Scooptram St2g,True,2026-09-01,2026-09-08,Vigente,Rilberth Cristhian Villegas Marca (Telf: 68350816-68350810),,La Paz,NB-SABS (D.S.0181)
26-0517-08-1685522-1-1,Empresa Minera Colquiri,Bienes,ANPP,Clq-26-Anpe-340/2026 Adquisición De Cables Electricos De Baja Tensión,True,2026-09-01,2026-09-14,Vigente,Rilberth Cristhian Villegas Marca (Telf: 68350816-68350810),,La Paz,NB-SABS (D.S.0181)
26-0520-00-1685224-0-E,Empresa Metalurgica Vinto - Nacionalizada,Servicios Generales,CD,"Seguimiento Y Generacion De Registros Al Sistemas De Gestion Sst Y Medio Ambiente, Con Actividades De Manipuleo, Orden, Limpieza Y Reparaciones Menores Para Cumplimiento De Requisitos De Las Normas Iso 14001 E Iso 45001, Incluyendo Recuperacion De Material Con Contenido De Estaño",False,2026-09-01,,Contratado,Ronald Mario Rodriguez Sevilla (Telf: 252-78091 - 252-78098),,Oruro,NB-SABS (D.S.0181)
26-0520-00-1685332-1-1,Empresa Metalurgica Vinto - Nacionalizada,Bienes,CM,Adquisición De Termómetro Infrarrojo,False,2026-09-01,2026-09-04,Vigente,Jhenny Mostacedo Flores (Telf: 252-78091 - 252-78098),,Oruro,NB-SABS (D.S.0181)
26-0520-00-1685386-1-1,Empresa Metalurgica Vinto - Nacionalizada,Bienes,ANPE,Adquisicion De Fundente Para El Horno Ausmelt (Hematita),True,2026-09-01,2026-09-07,Vigente,Max Juan Apaza Villarreal (Telf: 252-78091 - 252-78098),,Oruro,NB-SABS (D.S.0181)
26-0525-00-1685354-0-E,Transportes Aereos Bolivianos  - Tab,Bienes,OF,Adquisicion De Plug Y Shim Para La Aeronave Md10-30f Con Registro Cp-2791,False,2026-09-01,,Contratado,Eva Aguilar Llanque (Telf: 2792373),,La Paz,D.S. 26688
26-0525-00-1685468-1-1,Transportes Aereos Bolivianos  - Tab,Servicios Generales,CM,Servicio De Asistencia Internacional Al Viajero,False,2026-09-01,2026-09-04,Vigente,Jacqueline Lizette Lima Villa (Telf: 2792373),,La Paz,NB-SABS (D.S.0181)
26-0572-00-1684017-0-E,Empresa De Apoyo A La Producción De Alimentos - Emapa,Consultoria,CM,Consultoría Por Producto Para El Monitoreo Y Análisis De Percepción Mediática Nacional - Gestión 2026,False,2026-09-01,,Contratado,Gabriel Andres Choque Burgoa (Telf: +591(2) 2115500),,La Paz,NB-SABS (D.S.0181)
26-0572-00-1685438-1-1,Empresa De Apoyo A La Producción De Alimentos - Emapa,Servicios Generales,CM,Servicio De Mantenimiento Y Recarga De Extintores Para El Complejo Piscícola Chimoré - Gestión 2026,False,2026-09-01,2026-09-04,Vigente,John Christian Montero Dorado (Telf: +591(2) 2115500),,La Paz,NB-SABS (D.S.0181)
26-0578-00-1685387-0-E,Empresa Publica Nacional Estrategica Boliviana De Aviacion - Bo A,Servicios Generales,CD,(Rep 6468) Contratación De Servicio De Reparación De Repuestos Lote 77,False,2026-09-01,,Contratado,Elizabeth Triveno Pedro (Telf: 4150000),,Cochabamba,D.S. 26688
26-0578-00-1685449-0-E,Empresa Publica Nacional Estrategica Boliviana De Aviacion - Bo A,Bienes,CD,(Ga-528) Compra De Productos Aeronáuticos Pn: 9858520-3,False,2026-09-01,,Contratado,Elizabeth Triveno Pedro (Telf: 4150000),,Cochabamba,D.S. 26688
26-0586-00-1685355-1-1,"Empresa Azucarera San Buenaventura ""Easba""",Bienes,CM,Adquisición De Pernos Tuercas Y Arandelas Para Maquinaria Agrícola,False,2026-09-01,2026-09-04,Vigente,Maria Angela Rodriguez Benito (Telf: 2145019),,La Paz,NB-SABS (D.S.0181)
26-0595-00-1685508-1-1,Gestora Publica De La Seguridad Social De Largo Plazo,Servicios Generales,LP,G26-Gns-Servicio De Renovacion De Suscripcion Para Infraestructura Hiperconvergente Para Cpd Angelica Maria,True,2026-09-01,2026-09-23,Vigente,Patricia Solano Arias (Telf: 2188400),,La Paz,NB-SABS (D.S.0181)
26-0596-00-1683215-0-E,Empresa Publica Transporte Aereo Mlitar,Servicios Generales,OF,Inspeccion Y Reparacion Del Rotor Assembly Y Compressor Removido Del Motor Lf507-1f S/N Lf07493,False,2026-09-01,,Contratado,Ana Luz Mendoza Quispe (Telf: 2681101),,La Paz,D.S. 26688
26-0596-00-1683242-0-E,Empresa Publica Transporte Aereo Mlitar,Bienes,OF,Adquisición De Un Spacer Second Stage Y Material Fungible Para La Reparacion Del Rotor Assembly Compressor,False,2026-09-01,,Contratado,Ana Luz Mendoza Quispe (Telf: 2681101),,La Paz,D.S. 26688
26-0596-00-1683585-0-E,Empresa Publica Transporte Aereo Mlitar,Bienes,OF,"Adquisicion Del Disc Assembly, Nozzle Assembly (Second Turbine) Y Materiales Fungibles",False,2026-09-01,,Contratado,Ana Luz Mendoza Quispe (Telf: 2681101),,La Paz,D.S. 26688
26-0596-00-1683652-0-E,Empresa Publica Transporte Aereo Mlitar,Servicios Generales,OF,Inspeccion De La Seccion Caliente Del Motor Hsi Y Reemplazo Del T1 Disk Y Second Nozzle Assembly Del Motor Instalado En La Posicion N°3,False,2026-09-01,,Contratado,Ana Luz Mendoza Quispe (Telf: 2681101),,La Paz,D.S. 26688
26-0633-00-1684931-1-1,Empresa Misicuni,Bienes,ANPP,Compra De Productos Quimicos : Policloruro De Aluminio - Segundo Semestre,True,2026-09-01,2026-09-15,Vigente,Daysi Marlene Cotjiri Ibarra (Telf: (591-4) 4256083-4307175),,Cochabamba,NB-SABS (D.S.0181)
26-0633-00-1684997-1-1,Empresa Misicuni,Bienes,ANPP,Compra De Productos Químicos: Sulfato De Aluminio,True,2026-09-01,2026-09-15,Vigente,Daysi Marlene Cotjiri Ibarra (Telf: (591-4) 4256083-4307175),,Cochabamba,NB-SABS (D.S.0181)
26-0660-03-1685074-1-1,Direccion Administrativa Y Financiera - Organo Judicial - Tribunal Supremo De Justicia,Servicios Generales,ANPP,"“Servicio De Provisión De Pasajes Aéreos Nacional E Internacional Para El Cierre De La Gestión 2026, Correspondiente Al Tribunal Supremo De Justicia”",False,2026-09-01,2026-09-14,Vigente,Maria Jesus Alejandra Lujan Serrano (Telf: 64-53200),,Chuquisaca,NB-SABS (D.S.0181)
26-0660-08-1685441-1-1,Direccion Administrativa Y Financiera - Organo Judicial - Beni,Bienes,CND1,Adquisicion De Papel Bond Para El Organo Judicial Del Beni,False,2026-09-01,2026-09-04,Vigente,Victor Hugo Matorra Vargas (Telf: 4622692),,Beni,Compro Hecho en Bolivia (D.S.4505)
26-0660-13-1685494-1-1,Direccion Administrativa Y Financiera - Organo Judicial - La Paz,Bienes,CNC,G26-Jaf-Adm-Af – Adquisición De Estantes Para Archivos Y Oficinas Jurisdiccionales,True,2026-09-01,2026-09-07,Vigente,Ibeth Jhoselyn Ramos Mamani (Telf: 2648500),,La Paz,Compro Hecho en Bolivia (D.S.4505)
26-0661-00-1684943-1-1,Tribunal Constitucional Plurinacional ,Bienes,ANPE,Adquisicion De Toner Para Impresoras Y Fotocopiadoras Del Tribunal Constitucional Plurinacional - Tercera Provision Item Declarado Desierto,True,2026-09-01,2026-09-09,Vigente,Franz Reinaldo Calderon Miranda (Telf: 6440455),,Chuquisaca,NB-SABS (D.S.0181)
26-0670-00-1684910-1-1,Organo Electoral Plurinacional,Servicios Generales,CM,Servicio De Mantenimiento Preventivo Y Correctivo De Impresoras - Sereci Oruro,False,2026-09-01,2026-09-04,Vigente,Dorian Eddy Mendoza Velasquez (Telf: 2424221 - 2410545),,La Paz,NB-SABS (D.S.0181)
26-0802-00-1685465-0-E,Empresa Local De Agua Potable Y Alcantarillado Elapas Sucre - Elapas,Consultoria,CM,Consultor Individual De Linea Apoyo Asesor Legal Directorio  Elapas,False,2026-09-01,,Contratado,Gregorio Otrillas Laime (Telf: 6453151),,Chuquisaca,NB-SABS (D.S.0181)
26-0831-00-1663993-1-3,Servicio Local Acueducto Y Alcantarillado - Sela Oruro,Bienes,ANPE,"Provision De Tres (3) Equipos De Medicion: 1 Ph-Chimetro,
 1 Conductivimetro Y 1 Turbidimetro (Incluye 6 Viales De Repuesto)",True,2026-09-01,2026-09-07,Vigente,Roberto Franco Choque Blaz (Telf: 5247701),,Oruro,NB-SABS (D.S.0181)
26-0901-02-1676201-2-2,Servicio Departamental De Salud Chuquisaca,Bienes,ANPE,"Adquisicion De Papel Absorbente Toalla En Rollo, Adquisicion De Papel Blanco Toalla Interfojas",True,2026-09-01,2026-09-08,Vigente,Jose Alfredo Sanchez Moscoso (Telf: 64-53147 - 64-54891),,Chuquisaca,NB-SABS (D.S.0181)
26-0901-02-1680184-2-1,Servicio Departamental De Salud Chuquisaca,Bienes,ANPE,Adquisición De Agentes Con Gelatina Según Disponibilidad Solución Para El Servicio De Farmacia Del Instituto De Gastroenterología Boliviano Japones Segundo Cuatrimestre Gestion 2026,True,2026-09-01,2026-09-07,Vigente,Jose Alfredo Sanchez Moscoso (Telf: 64-53147 - 64-54891),,Chuquisaca,NB-SABS (D.S.0181)
26-0901-02-1685283-1-1,Servicio Departamental De Salud Chuquisaca,Bienes,CNC,"Adquisicion De Antigripal Comprimido , Unguento Dermico Para Venta D.S. 4505 ,3er Tri Para Pacientes Del Hospital Santa Barbara ",True,2026-09-01,2026-09-03,Vigente,Rosana Moscoso Marin (Telf: 64-53147 - 64-54891),,Chuquisaca,Compro Hecho en Bolivia (D.S.4505)
26-0901-05-1678403-1-2,Servicio Departamental De Gestion Social Chuquisaca,Bienes,CM,"Adquisicion De Alimentos Frescos (Frutas, Verduras, Carne Y Otros) Para Los Comedor Del Adulto Mayor Del Municipio De Villa Vaca Guzman (Muyupampa), Dependiente Del Servicio Departamental De Gestion Social De Chuquisaca Correspondiente A Los Meses De Agosto A Diciembre De La Gestion 2026.",False,2026-09-01,2026-09-04,Vigente,Kevin Villavicencio Rodriguez (Telf: 75792285),,Chuquisaca,NB-SABS (D.S.0181)
26-0901-05-1678761-1-2,Servicio Departamental De Gestion Social Chuquisaca,Bienes,CM,"Adquisicion De Alimentos Frescos (Frutas, Verduras, Carne Y Otros) Para El Comedor Del Adulto Mayor En El Municipio De San Lucas Dependiente Del Servicio Departamental De Gestion Social De Chuquisaca Correspondiente A Los  Meses De Agosto A Diciembre De La Gestion 2026.",False,2026-09-01,2026-09-04,Vigente,Kevin Villavicencio Rodriguez (Telf: 75792285),,Chuquisaca,NB-SABS (D.S.0181)
26-0902-05-1685334-0-E,Escuela Industrial Superior Pedro Domingo Murillo,Bienes,CM,Adquisición De Material Eléctrico Para Media Tensión,False,2026-09-01,,Contratado,James Juan Saravia Zambrana (Telf: 2306553),,La Paz,NB-SABS (D.S.0181)
26-0902-40-1685305-1-1,"Hospital Del Niño  ""Dr. Ovidio Aliaga Uria""",Bienes,CNC,Adquisicion De Medicamentos Miscelaneos (Ii),True,2026-09-01,2026-09-07,Vigente,Ana Gabriela Loza Fernandez (Telf: 2245076),,La Paz,Compro Hecho en Bolivia (D.S.4505)
26-0902-44-1683153-1-1,Banco De Sangre De Referencia Departamental De La Paz - Hemocentro ,Bienes,ANPE,Microcubetas Para Hemoglobinometro Diaspect Tm,True,2026-09-01,2026-09-08,Vigente,Yhayra Natali Escalante Cassi (Telf: 2245177),,La Paz,NB-SABS (D.S.0181)
26-0903-02-1685291-1-1,Servicio Departamental De Políticas Sociales Cbba,Bienes,ANPP,"Segunda Adquisición De Víveres Secos Para Residencias Estudiantiles D.S. 0181 / Programa Protección Social A Niñas, Niños, Adolescentes, Adultos Mayores Y Personas Con Discapacidad",True,2026-09-01,2026-09-15,Vigente,Reyna Evelyn Aguayo Espinoza (Telf: 4226862 - 4229558 - 4227785),,Cochabamba,NB-SABS (D.S.0181)
26-0903-06-1675183-2-1,Servicio Departamental De Caminos  - Cochabamba,Bienes,ANPP,Primera Compra De Agregados Para Carpeta Asfáltica,True,2026-09-01,2026-09-15,Vigente,Diego Alejandro Valencia Rivero (Telf: 4299380),,Cochabamba,NB-SABS (D.S.0181)
26-0903-15-1685292-1-1,Insttituto De Gastroenterologia Boliviano Japones Cochabamba,Bienes,CM,Compra De Repuestos Para Autoclave Phoenix Luferco Para La Central De Esterilizacion Del Instituto Gastroenterologico Boliviano Japones,False,2026-09-01,2026-09-04,Vigente,Maria Amparo Villegas Herbas (Telf: 4235254),,Cochabamba,NB-SABS (D.S.0181)
26-0903-17-1674183-2-1,Hospital Del Niño Manuel Ascencio Villarroel,Bienes,ANPP,Compra De Medicamentos Para El Programa Nacional De Lucha Contra El Cancer Del Hospital Del Niño Manuel Ascencio Villarroel Anpe-6,True,2026-09-01,2026-09-11,Vigente,Ariel Trujillo Castro (Telf: 4235254),,Cochabamba,NB-SABS (D.S.0181)
26-0903-20-1685064-1-1,Hospital Villa Tunari,Bienes,ANPE,Adquisicion Cuatrimestral De Insumos Medicos Para La Atencion De Enfermeria De Los Pacientes-Sus (Primera Compra),True,2026-09-01,2026-09-15,Vigente,Sonia Adrian Condori (Telf: 71727190),,Cochabamba,NB-SABS (D.S.0181)
26-0904-04-1679542-1-1,Hospital General San Juan De Dios,Bienes,CM,Proceso De Contratacion Menor Nº40 (Cuarenta) Farmacia Institucional-Sus,False,2026-09-01,2026-09-04,Vigente,Ivan Angel Geronimo Morejon (Telf: 5275405),,Oruro,NB-SABS (D.S.0181)
26-0905-00-1685455-0-E,Gobierno Autónomo Departamental De Potosí,Servicios Generales,CD,"""Servicios De Materialización De 6 Puntos Geodesicos Para El Proyecto: Construcción Aeropuerto Internacional Ciudad De Potosi""",False,2026-09-01,,Contratado,Heydi Magali Ramos Marca (Telf: 6226431 - 73891341),,Potosi,NB-SABS (D.S.0181)
26-0905-06-1682524-1-1,Servicio Departamental De Caminos - Potosi,Servicios Generales,CM,Mantenimiento Vial Manual Rutinario Para La Conservación Del Camino Tamo: Tail Vinto - Atulcha - Gruta De Las Galaxias - San Pedro De Quemes - Chiguana,False,2026-09-01,2026-09-07,Vigente,Nelson Alberto Ortega Estrada (Telf: 6222061-61649000-77868349),,Potosi,NB-SABS (D.S.0181)
26-0905-06-1684125-1-1,Servicio Departamental De Caminos - Potosi,Servicios Generales,CM,Mantenimiento De Vias De Comunicacion Manual Rutinario Para La Conservacion Del Tramo: Chacopampa-Santa Barbara-Barrancas-Tapaxa-Estarca-Cuevas(Escuela),False,2026-09-01,2026-09-07,Vigente,Nelson Alberto Ortega Estrada (Telf: 6222061-61649000-77868349),,Potosi,NB-SABS (D.S.0181)
26-0905-06-1685149-1-1,Servicio Departamental De Caminos - Potosi,Bienes,LP,Adquisicion De Equipos De Laboratorio Para Ensayos De Mecanica De Suelos,True,2026-09-01,2026-09-23,Vigente,Nelson Alberto Ortega Estrada (Telf: 6222061-61649000-77868349),,Potosi,NB-SABS (D.S.0181)
26-0905-06-1685187-1-1,Servicio Departamental De Caminos - Potosi,Servicios Generales,CM,Mantenimiento De Vias De Comunicacion Manual Rutinario Para La Conservacion Del Tramo: Santa Elena-Chacopampa-Churquipampa (Puente),False,2026-09-01,2026-09-07,Vigente,Nelson Alberto Ortega Estrada (Telf: 6222061-61649000-77868349),,Potosi,NB-SABS (D.S.0181)
26-0905-06-1685282-1-1,Servicio Departamental De Caminos - Potosi,Servicios Generales,CM,Mantenimiento Vial Manual Rutinario Para La Conservacion Del Camino Tramo: Cr. Ñanpalcayuc-Aripalca-Tumusla,False,2026-09-01,2026-09-07,Vigente,Nelson Alberto Ortega Estrada (Telf: 6222061-61649000-77868349),,Potosi,NB-SABS (D.S.0181)
26-0906-00-1685483-1-1,Gobierno Autónomo Departamental De Tarija,Bienes,ANPP,“Adquisición Bevacizumab De 100 Mg (25 Mg/Ml) Para El Programa Fondo De Lucha Contra El Cancer Ley Nª 159”,True,2026-09-01,2026-09-14,Vigente,Jorge Luis Aguirre Gallardo (Telf: 72990919),,Tarija,NB-SABS (D.S.0181)
26-0906-03-1685219-1-1,Servicio Departamental De Salud Tarija - Sedes,Bienes,CNC,Adquisicion De Diferentes Medicamentos 3 Junio Para El Hospital Regional San Juan De Dios,True,2026-09-01,2026-09-07,Vigente,Briseida Sonia Carrasco Soliz (Telf: 4-6643257),,Tarija,Compro Hecho en Bolivia (D.S.4505)
26-0906-03-1685328-1-1,Servicio Departamental De Salud Tarija - Sedes,Bienes,CM,Adquisicion De Diferentes Medicamentos 2 De Agosto Para El Hospital Regional San Juan De Dios,False,2026-09-01,2026-09-04,Vigente,Maria Jose Molina Rocabado (Telf: 4-6643257),,Tarija,NB-SABS (D.S.0181)
26-0906-03-1685329-1-1,Servicio Departamental De Salud Tarija - Sedes,Bienes,CM,Adquisicion De Diferentes Medicamentos 1 Agosto Para El Hospital Regional San Juan De Dios,False,2026-09-01,2026-09-04,Vigente,Maria Jose Molina Rocabado (Telf: 4-6643257),,Tarija,NB-SABS (D.S.0181)
26-0906-39-1685490-1-1,"Hospital Materno Infantil ""Dr. Juan Manuel Jijena Duran""",Bienes,CND1,Adquisicion De Material De Limpieza Y Otros Para El Hospital Materno Infantil Dr. Juan Manuel Jijena Duran,False,2026-09-01,2026-09-04,Vigente,Francisco Javier Ortega Martinez (Telf: 75111960),,Tarija,Compro Hecho en Bolivia (D.S.4505)
26-0907-00-1685335-1-1,Gobierno Autónomo Departamental De Santa Cruz,Bienes,ANPP,"Adquisicion De Ropa De Trabajo Para El Personal Asistencial Y Tecnico Del Hospital Del Segundo Cutrimestre, De Acuerdo A Las Normas Vigentes Con Sus, En El Hospital De Niños Dr. Mario Ortiz Suarez Durante La Gestion 2026 Hnmos Ssdh.",True,2026-09-01,2026-09-14,Vigente,Ana Dalcy Moron Flores (Telf: 3636300/3-3332760 /3636256),,Santa Cruz,NB-SABS (D.S.0181)
26-0907-00-1685337-1-1,Gobierno Autónomo Departamental De Santa Cruz,Bienes,CND1,Adquisicion De Alimentos De Produccion Nacional De Arroz Grano De Oro Con Brillo Para La Alimentacion De Los Pacientes Del I.O.O.B.,False,2026-09-01,2026-09-04,Vigente,Julio Cesar Pedraza Ardaya (Telf: 3636300/3-3332760 /3636256),,Santa Cruz,Compro Hecho en Bolivia (D.S.4505)
26-0907-00-1685338-1-1,Gobierno Autónomo Departamental De Santa Cruz,Bienes,CND1,Solicitud De Adquisicion De Alimentos De Produccion Nacional De Aceite Comestible De Girasol Para La Alimentacion De Los Pacientes Del I.O.O.B.,False,2026-09-01,2026-09-04,Vigente,Julio Cesar Pedraza Ardaya (Telf: 3636300/3-3332760 /3636256),,Santa Cruz,Compro Hecho en Bolivia (D.S.4505)
26-1101-00-1634687-3-1,Gobierno Autonomo Municipal De Sucre,Obras,ANPP,Construccion Pavimento Rigido Junta Vecinal 19 De Enero Santa Catalina Calle S/D,True,2026-09-01,2026-09-11,Vigente,Victor Hugo Arancibia Hinojosa (Telf: 6456185 ),,Chuquisaca,NB-SABS (D.S.0181)
26-1101-00-1653908-2-3,Gobierno Autonomo Municipal De Sucre,Obras,ANPE,Construccion Pavimento Rigido Calle S/D J.V. San Rafael Zona Lechuguillas,True,2026-09-01,2026-09-07,Vigente,Mario Wilder Torres Echalar (Telf: 6456185 ),,Chuquisaca,NB-SABS (D.S.0181)
26-1101-00-1654916-2-2,Gobierno Autonomo Municipal De Sucre,Obras,ANPE,Construccion Pavimento Rigido Calle Libertador Simon Bolivar J.V. Libertador Simon Bolivar,True,2026-09-01,2026-09-07,Vigente,Mario Wilder Torres Echalar (Telf: 6456185 ),,Chuquisaca,NB-SABS (D.S.0181)
26-1101-00-1672860-2-2,Gobierno Autonomo Municipal De Sucre,Obras,ANPP,Reconstruccion Muro Defensivo Sunchu Pampa,True,2026-09-01,2026-09-11,Vigente,Victor Hugo Arancibia Hinojosa (Telf: 6456185 ),,Chuquisaca,NB-SABS (D.S.0181)
26-1101-00-1676943-2-1,Gobierno Autonomo Municipal De Sucre,Obras,ANPP,Construccion Pavimento Rigido Calle Tapacari J.V. Morro Municipal,True,2026-09-01,2026-09-11,Vigente,Victor Hugo Arancibia Hinojosa (Telf: 6456185 ),,Chuquisaca,NB-SABS (D.S.0181)
26-1101-00-1679577-2-1,Gobierno Autonomo Municipal De Sucre,Obras,ANPE,Construccion Pavimento Rigido Interseccion Calles Illimani Y Pasaje Encuentro J.V. Andino,True,2026-09-01,2026-09-07,Vigente,Mario Wilder Torres Echalar (Telf: 6456185 ),,Chuquisaca,NB-SABS (D.S.0181)
26-1101-00-1680092-1-2,Gobierno Autonomo Municipal De Sucre,Obras,ANPE,Construccion Pavimento Rigido Calle Umala J.V. Alto San Luis,True,2026-09-01,2026-09-07,Vigente,Victor Hugo Arancibia Hinojosa (Telf: 6456185 ),,Chuquisaca,NB-SABS (D.S.0181)
26-1101-00-1685225-1-1,Gobierno Autonomo Municipal De Sucre,Bienes,CM,Adquisicion De Aceite Termico Para La Planta De Asfalto,False,2026-09-01,2026-09-04,Vigente,Juan Carlos Peterito Medrano (Telf: 6456185 ),,Chuquisaca,NB-SABS (D.S.0181)
26-1101-00-1685226-1-1,Gobierno Autonomo Municipal De Sucre,Bienes,CND1,Compra De Api Morado De 1 Kilo Para Stock De Sub - Almacén De La Dirección De Educación Y Deportes  Con Destino Exclusivo Para Los Internados Del Municipio De Sucre Segundo Semestre Gestión 2026,False,2026-09-01,2026-09-03,Vigente,Mauricio Azurduy Martinez (Telf: 6456185 ),,Chuquisaca,Compro Hecho en Bolivia (D.S.4505)
26-1101-00-1685232-1-1,Gobierno Autonomo Municipal De Sucre,Bienes,CND1,"Compra De Leche En Polvo Agranel Bolsa De 25 Kilos   Para Stock  De Sub Almacén De Dirección Municipal De Educación Y Deportes Con Destino Exclusivo Para Los Internados Del Municipio De Sucre, Segundo Semestre Gestión 2026",False,2026-09-01,2026-09-03,Vigente,Mauricio Azurduy Martinez (Telf: 6456185 ),,Chuquisaca,Compro Hecho en Bolivia (D.S.4505)
26-1101-00-1685235-1-1,Gobierno Autonomo Municipal De Sucre,Bienes,CND1,Solicitud De Alimentos Secos Y Aceite Comestible Para El Hogar Charquipata Dependiente De La Defensoria De La Niñez Y Adolescencia ,False,2026-09-01,2026-09-03,Vigente,Mauricio Azurduy Martinez (Telf: 6456185 ),,Chuquisaca,Compro Hecho en Bolivia (D.S.4505)
26-1101-00-1685238-1-1,Gobierno Autonomo Municipal De Sucre,Bienes,CND1," El “Servicio De Protección Social A Niños,  Niñas Y Adolescentes Trabajadores” Solicita La Adquisicion De Material De Limpieza",False,2026-09-01,2026-09-03,Vigente,Mauricio Azurduy Martinez (Telf: 6456185 ),,Chuquisaca,Compro Hecho en Bolivia (D.S.4505)
26-1101-00-1685241-1-1,Gobierno Autonomo Municipal De Sucre,Bienes,CND1,"El ""Servicio De Protección Social A Niños,  Niñas Y Adolescentes Trabajadores""  Solicita La Adquisicion De Queso Y Leche Saborizada",False,2026-09-01,2026-09-03,Vigente,Mauricio Azurduy Martinez (Telf: 6456185 ),,Chuquisaca,Compro Hecho en Bolivia (D.S.4505)
26-1101-00-1685243-1-1,Gobierno Autonomo Municipal De Sucre,Bienes,CND1,Adquisicion De Tuberia Hdpe De 32 Mmpara Mantenimiento De Sistema De Agua Segura De La Comunidad Corzo Mayu,False,2026-09-01,2026-09-03,Vigente,Mauricio Azurduy Martinez (Telf: 6456185 ),,Chuquisaca,Compro Hecho en Bolivia (D.S.4505)
26-1101-00-1685245-1-1,Gobierno Autonomo Municipal De Sucre,Bienes,CND1,Solicitud De Adquisición De Material De Limpieza  E Higiene Para El Stok De Almacen Central Con Destino Al Centro Integral De Desarrollo Infantil Municipal Mercado Central,False,2026-09-01,2026-09-03,Vigente,Mauricio Azurduy Martinez (Telf: 6456185 ),,Chuquisaca,Compro Hecho en Bolivia (D.S.4505)
26-1101-00-1685319-1-1,Gobierno Autonomo Municipal De Sucre,Servicios Generales,CM,Contratacion De Servicio De Alquiler De Maquinaria Pesada Tipo Motoniveladora Por 104 Horas Para Mantenimiento Y Perfilado De Vias En La Zona Alta 25 De Mayo Del Distrito 3,False,2026-09-01,2026-09-04,Vigente,Juan Carlos Peterito Medrano (Telf: 6456185 ),,Chuquisaca,NB-SABS (D.S.0181)
26-1101-00-1685344-1-1,Gobierno Autonomo Municipal De Sucre,Servicios Generales,CM,Contratacion De Servicio De Alquiler De Maquinaria Pesada Tipo Motoniveladora Por 76 Horas Para Mantenimiento Y Perfilado De Vias En La Zona Baja,False,2026-09-01,2026-09-04,Vigente,Juan Carlos Peterito Medrano (Telf: 6456185 ),,Chuquisaca,NB-SABS (D.S.0181)
26-1101-00-1685348-1-1,Gobierno Autonomo Municipal De Sucre,Bienes,ANPP,Adquisicion De Dispositivos Firewall Para Seguridad Perimetral Integral Del Gobierno Autonomo Municipal De Sucre,True,2026-09-01,2026-09-11,Vigente,Victor Hugo Arancibia Hinojosa (Telf: 6456185 ),,Chuquisaca,NB-SABS (D.S.0181)
26-1101-00-1685357-1-1,Gobierno Autonomo Municipal De Sucre,Servicios Generales,CM,Contratacion De Servicio De Alquiler De Maquinaria Pesada Tractor Oruga D7 Para Habilitacion De Suelos Agricolas En Apoyo Al Sector Agricola De La Comunidad Obejerias Sector Chullpa Mok`O,False,2026-09-01,2026-09-04,Vigente,Juan Carlos Peterito Medrano (Telf: 6456185 ),,Chuquisaca,NB-SABS (D.S.0181)
26-1101-00-1685380-1-1,Gobierno Autonomo Municipal De Sucre,Servicios Generales,CM,Servicio De Mantenimiento Piso Patio Principal U.E. Bernardo Monteagudo,False,2026-09-01,2026-09-04,Vigente,Juan Carlos Peterito Medrano (Telf: 6456185 ),,Chuquisaca,NB-SABS (D.S.0181)
26-1101-00-1685399-1-1,Gobierno Autonomo Municipal De Sucre,Bienes,CM,Adquisicion De Luminarias Led De 60 W C/Base Fotocelula Para El Mantenimiento Del Alumbrado Publico En El Distrito 7,False,2026-09-01,2026-09-04,Vigente,Juan Carlos Peterito Medrano (Telf: 6456185 ),,Chuquisaca,NB-SABS (D.S.0181)
26-1101-00-1685415-1-1,Gobierno Autonomo Municipal De Sucre,Servicios Generales,CM,"Servicio De Alquiler De Maquinaria Pesado, Tipo Motonivelador Para Mantenimiento De Vias De Tierra D-2 De La Zona Norte",False,2026-09-01,2026-09-04,Vigente,Juan Carlos Peterito Medrano (Telf: 6456185 ),,Chuquisaca,NB-SABS (D.S.0181)
26-1101-06-1685265-1-1,Establecimientos De Salud De Primer Nivel,Bienes,CNC,"Adquisición De Recarga De Oxigeno Medicinal En M3, Para El Centro De Salud Integral Alegría, Que Esta Ubicada En El D - 6 Del Municipio De Sucre",True,2026-09-01,2026-09-04,Vigente,Nayra Andrea Torrejon Lopez (Telf: 6444837),,Chuquisaca,Compro Hecho en Bolivia (D.S.4505)
26-1101-06-1685404-1-1,Establecimientos De Salud De Primer Nivel,Servicios Generales,CM,"Contratacion Del Servicio De Sistema De Puesta A Tierra Para Equipo Rayos X De Uso Medico Centro De Salud
Integral Azari",False,2026-09-01,2026-09-04,Vigente,Nayra Andrea Torrejon Lopez (Telf: 6444837),,Chuquisaca,NB-SABS (D.S.0181)
26-1101-06-1685431-1-1,Establecimientos De Salud De Primer Nivel,Servicios Generales,CM,"Contratacion Del Servicio De Mantenimiento Y Reparacion Cielo Falso, Revestimiento Y Tomas Electricas Para El
Establecimiento De Salud Casegural Del Municipio De Sucre",False,2026-09-01,2026-09-04,Vigente,Nayra Andrea Torrejon Lopez (Telf: 6444837),,Chuquisaca,NB-SABS (D.S.0181)
26-1107-00-1684686-1-1,Gobierno Autonomo Municipal De Presto,Bienes,CM,"Adquisicion De Dispositivos E Insumos Odontologicos Para El Servicio De Salud Universal Y Gratuita - Sus , Correspondiente Al Segundo Semestre Gestion 2026",False,2026-09-01,2026-09-04,Vigente,Maria Elena Carrillo Alizar (Telf: 71160077),,Chuquisaca,NB-SABS (D.S.0181)
26-1107-00-1685487-1-1,Gobierno Autonomo Municipal De Presto,Bienes,CND1,Compra De Productos Comestibles  Para El Concejo  Municipal De Presto .,False,2026-09-01,2026-09-04,Vigente,Maria Elena Carrillo Alizar (Telf: 71160077),,Chuquisaca,Compro Hecho en Bolivia (D.S.4505)
26-1107-00-1685492-1-1,Gobierno Autonomo Municipal De Presto,Bienes,CND1,Compra De Material De Limpieza  Para El Centro De Educacion Alternativa Del Municipio De Presto.,False,2026-09-01,2026-09-04,Vigente,Maria Elena Carrillo Alizar (Telf: 71160077),,Chuquisaca,Compro Hecho en Bolivia (D.S.4505)
26-1117-00-1685521-1-1,Gobierno Autonomo Municipal De Tarabuco,Bienes,ANPE,"Provisión De Alimentación Complementaria Escolar Tercer Trimestre (Subsistema De Educación Regular Y Alternativa) E Ítems Declarados Desiertos De Hecho En Bolivia, Municipio De Tarabuco Gestión 2026.",True,2026-09-01,2026-09-07,Vigente,Severino Quispe Flores (Telf: 46936073),,Chuquisaca,NB-SABS (D.S.0181)
26-1121-00-1685413-0-E,Gobierno Autonomo Municipal De Incahuasi,Bienes,CM,Adquisicion De Llantas Para El Tractor Agricola John Deere 6110-D Del Centro De Mecanizacion Agricola Del Gobierno Autonomo Municipal De Incahuasi.,False,2026-09-01,,Contratado,Luis Hector Almazan Cano (Telf: 4-6937724),,Chuquisaca,NB-SABS (D.S.0181)
26-1201-00-1668681-2-1,Gobierno Autonomo Municipal De La Paz,Obras,ANPE,"Reconstruccion Aceras Y Obras Complementarias Calle Nicolas Acosta, Boqueron Y Otero De La Vega Zona Alto Olimpic",True,2026-09-01,2026-09-08,Vigente,Nicolasa Rogelia Lucana Huallpa (Telf: 2650000),,La Paz,NB-SABS (D.S.0181)
26-1201-00-1675575-2-1,Gobierno Autonomo Municipal De La Paz,Bienes,ANPP,"Adquisicion De Coagulantes Para La Planta De Lixiviados Del Relleno Sanitario De Alpacoma, Gestion 2026",True,2026-09-01,2026-09-14,Vigente,Rolando Gabriel Miranda Valle (Telf: 2650000),,La Paz,NB-SABS (D.S.0181)
26-1201-00-1680865-2-1,Gobierno Autonomo Municipal De La Paz,Obras,ANPE,"Reconstruccion Acceso Peatonal, Graderias Y Obras Complementarias Calle Julio Sanchez Zona San Pedro Alto Ii",True,2026-09-01,2026-09-08,Vigente,Nicolasa Rogelia Lucana Huallpa (Telf: 2650000),,La Paz,NB-SABS (D.S.0181)
26-1201-00-1685403-1-1,Gobierno Autonomo Municipal De La Paz,Bienes,CM,Adquisicion De Monitores E Impresoras Para Dotacion A Unidades Educativas Distrito 13 Subalcaldia Periferica Gestion 2026,False,2026-09-01,2026-09-04,Vigente,David Andaluz Vasquez (Telf: 2650000),,La Paz,NB-SABS (D.S.0181)
26-1202-00-1685231-1-1,Gobierno Autonomo Municipal De Palca,Bienes,CND1,Const. Sistema De Alcantarillado Calle 2 De Alto Caliri (Adquisicion De Materiales),False,2026-09-01,2026-09-03,Vigente,Sofia Magali Usnayo Apaza (Telf: 73028516),,La Paz,Compro Hecho en Bolivia (D.S.4505)
26-1202-00-1685376-1-1,Gobierno Autonomo Municipal De Palca,Bienes,CND1,Const. Enlosetado Com. Llujo (Adquisicion De Materiales),False,2026-09-01,2026-09-03,Vigente,Sofia Magali Usnayo Apaza (Telf: 73028516),,La Paz,Compro Hecho en Bolivia (D.S.4505)
26-1203-00-1685211-1-1,Gobierno Autonomo Municipal De Mecapaca,Bienes,ANPE,Const. Casa Artesanal Com. Yanari Alto (Adquisición De Materiales),True,2026-09-01,2026-09-07,Vigente,Javier Andres Flores Mamani (Telf: 2-749042),,La Paz,NB-SABS (D.S.0181)
26-1203-00-1685464-1-1,Gobierno Autonomo Municipal De Mecapaca,Bienes,CND1,"Prevención De Desastres Naturales (Com. Ananta, Mecapaca, Yupampa Valencia, Huajchilla, Taypichullo, Llacasa, Chojjo, Huerta Mamaniri)",False,2026-09-01,2026-09-03,Vigente,Javier Andres Flores Mamani (Telf: 2-749042),,La Paz,Compro Hecho en Bolivia (D.S.4505)
26-1204-00-1685212-1-1,Gobierno Autónomo Municipal Ecológico Productivo De Achocalla,Consultoria,ANPE,Consultoria Por Producto Para Servicio De Elaboración Del Plan Autonómico De Desarrollo (Pad) 2026 – 2030 Del Municipio De Achocalla,False,2026-09-01,2026-09-08,Vigente,Alvaro Chamizo Gutierrez (Telf: 2890084),,La Paz,NB-SABS (D.S.0181)
26-1204-00-1685249-0-E,Gobierno Autónomo Municipal Ecológico Productivo De Achocalla,Consultoria,CM,Apoyo Con Rrhh A Salud (Auxiliar En Enfermeria Polivalente C.S. Alpacoma),False,2026-09-01,,Contratado,Judith Maura Gamboa Larico (Telf: 2890084),,La Paz,NB-SABS (D.S.0181)
26-1204-00-1685296-0-E,Gobierno Autónomo Municipal Ecológico Productivo De Achocalla,Consultoria,CM,Apoyo Con Rrhh A Las Escuelas Municipales (Profesor (A) De Futbol Y Futsal),False,2026-09-01,,Contratado,Judith Maura Gamboa Larico (Telf: 2890084),,La Paz,NB-SABS (D.S.0181)
26-1204-00-1685365-0-E,Gobierno Autónomo Municipal Ecológico Productivo De Achocalla,Consultoria,CM,Apoyo Con Rrhh A Fortalecimiento Municipal (Consultor Individual De Linea Tecnico Tributario Operador Sistema Ruat - Actividad Economica),False,2026-09-01,,Contratado,Judith Maura Gamboa Larico (Telf: 2890084),,La Paz,NB-SABS (D.S.0181)
26-1204-00-1685419-0-E,Gobierno Autónomo Municipal Ecológico Productivo De Achocalla,Consultoria,CM,Apoyo Con Rrhh A Genero Generacional (Profesional Abogado (A) Slim D-8),False,2026-09-01,,Contratado,Alvaro Chamizo Gutierrez (Telf: 2890084),,La Paz,NB-SABS (D.S.0181)
26-1204-00-1685476-1-1,Gobierno Autónomo Municipal Ecológico Productivo De Achocalla,Obras,ANPE,Const. Taller De Mecanica (Bth) U.E. Mariscal Sucre,True,2026-09-01,2026-09-08,Vigente,Alvaro Chamizo Gutierrez (Telf: 2890084),,La Paz,NB-SABS (D.S.0181)
26-1204-00-1685491-1-1,Gobierno Autónomo Municipal Ecológico Productivo De Achocalla,Obras,ANPE,Const. Cancha Polifuncional U.E. Integracion,True,2026-09-01,2026-09-08,Vigente,Alvaro Chamizo Gutierrez (Telf: 2890084),,La Paz,NB-SABS (D.S.0181)
26-1205-00-1683013-0-E,Gobierno Autonomo Municipal De El Alto,Obras,CD,Const. Jardinera Central Av. Oleoducto Rosas Pampa Industrial D-2,False,2026-09-01,,Contratado,Cristina Caceres Calle (Telf: 2-837715),,La Paz,NB-SABS (D.S.0181)
26-1205-00-1685457-0-E,Gobierno Autonomo Municipal De El Alto,Obras,CD,Const. Alcantarillado Pluvial Av. Emilio Villanueva Y Calle 31 De Octubre Loteo Kenko Pucarani D-2,False,2026-09-01,,Contratado,Cristina Caceres Calle (Telf: 2-837715),,La Paz,NB-SABS (D.S.0181)
26-1205-00-1685485-0-E,Gobierno Autonomo Municipal De El Alto,Obras,CD,Const. Paseo Peatonal Calle Rio Madre De Dios 10 De Abril D-2,False,2026-09-01,,Contratado,Cristina Caceres Calle (Telf: 2-837715),,La Paz,NB-SABS (D.S.0181)
26-1206-00-1684198-1-1,Gobierno Autonomo Municipal De Viacha,Servicios Generales,CM,"Prevension De Riesgos Y Desastres Naturales, Seccional (Contratación De Cinco Ayudantes De Albañil)",False,2026-09-01,2026-09-04,Vigente,Fernando Fernandez Callisaya (Telf: 2800006 - 2800508),,La Paz,NB-SABS (D.S.0181)
26-1206-00-1685467-1-1,Gobierno Autonomo Municipal De Viacha,Bienes,CND1,Mejoramiento De Unidades Educativas D-3 (Adq. De Cemento Puzolánico - P 30  Para La U.E. Villa Ancara Com. Villa Ancara D-3),False,2026-09-01,2026-09-04,Vigente,Erika Mendoza Canaviri (Telf: 2800006 - 2800508),,La Paz,Compro Hecho en Bolivia (D.S.4505)
26-1206-00-1685471-1-1,Gobierno Autonomo Municipal De Viacha,Bienes,CND1,Mejoramiento De Unidades Educativas D-3  (Adq. De Barra Corrugada De Acero Y Otros Para La U.E. Villa Remedios Com. Villa Remedios  D-3),False,2026-09-01,2026-09-04,Vigente,Erika Mendoza Canaviri (Telf: 2800006 - 2800508),,La Paz,Compro Hecho en Bolivia (D.S.4505)
26-1237-00-1685257-1-1,Gobierno Autonomo Municipal De Aucapata,Obras,ANPP,“Const. Tinglado Para Cancha Polifuncional U.E. Rosario”,True,2026-09-01,2026-09-11,Vigente,Franz Grover Alanoca Quispe (Telf: 71569251),,La Paz,NB-SABS (D.S.0181)
26-1251-00-1685498-1-1,Gobierno Autonomo Municipal De Luribay,Bienes,CNC,Servicio De Salud Universal Y Gratuita - Sus (Adquisicion De Medicamentos E Insumos Para El Centro De Salud Ambulatorio Colliri) 2do Trimestre) - Gestion 2026,True,2026-09-01,2026-09-04,Vigente,Eduardo Cori Quispe (Telf: 74093569),,La Paz,Compro Hecho en Bolivia (D.S.4505)
26-1259-00-1680623-0-E,Gobierno Autonomo Municipal De Palos Blancos,Bienes,EM,Adquisición De Medicamentos De La Ley 1152 Sus Para El Centro De Salud Covendo Correspondiente Al Primer Trimestre Gestión 2026,False,2026-09-01,,Contratado,Giovana Poma Huiza (Telf: 74017906),,La Paz,NB-SABS (D.S.0181)
26-1259-00-1680625-0-E,Gobierno Autonomo Municipal De Palos Blancos,Bienes,EM,Adquisición De Medicamentos De La Ley 1152 Sus Para El Centro De Salud Tucupi  Correspondiente Al Primer Trimestre Gestión 2026,False,2026-09-01,,Contratado,Giovana Poma Huiza (Telf: 74017906),,La Paz,NB-SABS (D.S.0181)
26-1266-00-1684631-1-1,Gobierno Autonomo Municipal De Coripata,Bienes,CM,Adquisicion De Materiales De Construccion Para Mejoramiento De Oficinas De La Direccion Distrital Del Municipio De Coripata,False,2026-09-01,2026-09-04,Vigente,Marivel Paco Quispe (Telf: 2896150),,La Paz,NB-SABS (D.S.0181)
26-1276-00-1685459-0-E,Gobierno Autonomo Municipal De Mapiri,Bienes,EX,Adquisición De Medicamentos De La Ley 1152 Para El Centro De Salud Mapiri 1er. Trimestre 2026 (Ítems Declarados Desiertos Bajo Normativa D.S. 4505 Y D.S. 0181),False,2026-09-01,,Contratado,Ronny Emilio Zegarra Piloy (Telf: -),,La Paz,NB-SABS (D.S.0181)
26-1278-00-1685373-1-1,Gobierno Autonomo Municipal De San Andres De Machaca,Bienes,CNC,Adquisición De Medicamentos E Insumos  Del Primer Trimestre Existentes En El Catalogo Hecho En Bolivia Para Los Cinco Establecimientos De Salud Del G.A.M. De San Andres De Machaca,True,2026-09-01,2026-09-04,Vigente,Karen Carmen Salazar Condori (Telf: 67096887),,La Paz,Compro Hecho en Bolivia (D.S.4505)
26-1301-00-1652100-3-3,Gobierno Autonomo Municipal De Cochabamba,Obras,ANPP,"Mej. De Area Verde Mzo 135, 136 Otb Los Pinos D15",True,2026-09-01,2026-09-11,Vigente,Marlene Rosario Arce Jimenez (Telf: 4258103- 4425810-4258030),,Cochabamba,NB-SABS (D.S.0181)
26-1301-00-1678584-1-2,Gobierno Autonomo Municipal De Cochabamba,Obras,ANPE,Const. Gimnasio Urbano Mzo. 187 Otb Khasa Mayu D15,True,2026-09-01,2026-09-07,Vigente,Marlene Rosario Arce Jimenez (Telf: 4258103- 4425810-4258030),,Cochabamba,NB-SABS (D.S.0181)
26-1301-00-1685347-1-1,Gobierno Autonomo Municipal De Cochabamba,Servicios Generales,CM,Servicio De Imprenta Para Elaborar Formularios Ticti Norte De La Red Cercado,False,2026-09-01,2026-09-07,Vigente,Wilmer Garcia Arza (Telf: 4258103- 4425810-4258030),,Cochabamba,NB-SABS (D.S.0181)
26-1301-00-1685349-1-1,Gobierno Autonomo Municipal De Cochabamba,Bienes,ANPP,Adquisicion De Piezas De Mano E Instrumental Odontologico Para Los Establecimientos De Salud  De La Red Cercado Gestion 2026,True,2026-09-01,2026-09-15,Vigente,Cristhian Saul Urey Flores (Telf: 4258103- 4425810-4258030),,Cochabamba,NB-SABS (D.S.0181)
26-1301-00-1685353-1-1,Gobierno Autonomo Municipal De Cochabamba,Bienes,CM,"Adquisicion De Cable De Control Enchaquetado Flexible De 9x1,5 Mm Y 4x1,5 Mm Para Implem. Señalizacion Vehicular Otb Bajo Aranjuez D.12",False,2026-09-01,2026-09-04,Vigente,Jorge Israel Amurrio Ortiz (Telf: 4258103- 4425810-4258030),,Cochabamba,NB-SABS (D.S.0181)
26-1301-00-1685358-0-E,Gobierno Autonomo Municipal De Cochabamba,Consultoria,CM,Consultor De Linea 11 (251-0000-092),False,2026-09-01,,Contratado,Julia Andrea Melgar Coronado (Telf: 4258103- 4425810-4258030),,Cochabamba,NB-SABS (D.S.0181)
26-1302-00-1685260-0-E,Gobierno Autonomo Municipal De Quillacollo,Consultoria,CM,Consultor Individual De Linea (Jefe De Unidad A - Medico Especialista Ginecólogo 2) Convenio De Universidades Gestión 2026,False,2026-09-01,,Contratado,Lizzeth Melissa Lafuente Hidalgo (Telf: 4260338-79788572),,Cochabamba,NB-SABS (D.S.0181)
26-1303-00-1685273-1-1,Gobierno Autonomo Municipal De Sipe Sipe,Bienes,CND1,Adquisicion De Cemento Para La Construccion De Muro De Contención Sobre El Rio Pankuruma – Otb Villa Pankuruma Del Gobierno Autónomo Municipal De Sipe Sipe (Ds. 4505).,False,2026-09-01,2026-09-03,Vigente,Hector Quispe Catacora (Telf: 4381932),,Cochabamba,Compro Hecho en Bolivia (D.S.4505)
26-1303-00-1685281-1-1,Gobierno Autonomo Municipal De Sipe Sipe,Bienes,CND1,"Adquisicion De Materiales Para Revestimiento El Canal Enbovedado Sector Chaqui Mayu En Sindicato Agrario De Piqueros Urinzaya  Regantes De La Cuenca Pankuruma Del Municipio De Sipe Sipe.					
					
",False,2026-09-01,2026-09-03,Vigente,Hector Quispe Catacora (Telf: 4381932),,Cochabamba,Compro Hecho en Bolivia (D.S.4505)
26-1303-00-1685356-1-1,Gobierno Autonomo Municipal De Sipe Sipe,Bienes,CM,Compra De Cultivos De Yogurt Para La Planta Procesadora De Lacteos Y Derivados Sipe Sipe,False,2026-09-01,2026-09-04,Vigente,Hector Quispe Catacora (Telf: 4381932),,Cochabamba,NB-SABS (D.S.0181)
26-1303-00-1685433-1-1,Gobierno Autonomo Municipal De Sipe Sipe,Bienes,CM,Compra De Materiales Y Equipos Para Mantenimiento De Areas Verdes Del Municipio De Sipe Sipe,False,2026-09-01,2026-09-04,Vigente,Hector Quispe Catacora (Telf: 4381932),,Cochabamba,NB-SABS (D.S.0181)
26-1304-00-1628064-2-2,Gobierno Autonomo Municipal De Tiquipaya,Obras,LP,Const.  Aulas U.E. Magdalena Postel  - Tiquipaya (Segunda Convocatoria - Segunda Publicación),True,2026-09-01,2026-09-24,Vigente,Milenka Celina Lazarte Vocal (Telf: 4315363 - 79761072),,Cochabamba,NB-SABS (D.S.0181)
26-1304-00-1685480-1-1,Gobierno Autonomo Municipal De Tiquipaya,Obras,ANPE,Const. Enmallado Parque Ecoturistico El Bosquesillo Otb Tiquipaya Sud D4 - Tiquipaya,True,2026-09-01,2026-09-07,Vigente,Carla Lucia Yanarico Arroyo (Telf: 4315363 - 79761072),,Cochabamba,NB-SABS (D.S.0181)
26-1305-00-1685318-1-1,Gobierno Autonomo Municipal De Vinto,Bienes,CND1,"""Compra De Material De Limpieza Y Bioseguridad Para Las Unidades Educativas Del Municipio De Vinto Y La Direccion Distrital De Educacion Gestion 2026 - Catalogo Hecho En Bolivia """,False,2026-09-01,2026-09-03,Vigente,Lizbeth Sanizo Condori (Telf: 4264420 - 4260150 - 4357352),,Cochabamba,Compro Hecho en Bolivia (D.S.4505)
26-1305-00-1685439-1-1,Gobierno Autonomo Municipal De Vinto,Bienes,CND1,"""Compra De Material De Escritorio (Cuaderno) Para Las Unidades Educativas Del Municipio De Vinto Y La Direccion Distrital De Educacion Gestion 2026"" (Compra Por Catalogo Electronico - Compro Hecho En Bolivia)",False,2026-09-01,2026-09-03,Vigente,Lizbeth Sanizo Condori (Telf: 4264420 - 4260150 - 4357352),,Cochabamba,Compro Hecho en Bolivia (D.S.4505)
26-1306-00-1685489-1-1,Gobierno Autonomo Municipal De Colcapirhua,Bienes,CND1,Adquisicion De Cemento Para El Mejoramiento De Canchas Multifuncionales De La Otb Florida Norte Sumumpaya Chico Del Municipio De Colcapirhua,False,2026-09-01,2026-09-04,Vigente,Maria Rene Mariscal Apaza (Telf: 4269985),,Cochabamba,Compro Hecho en Bolivia (D.S.4505)
26-1312-00-1655172-2-4,Gobierno Autonomo Municipal De Sacaba,Bienes,ANPP,"Servicios De Sistemas Informaticos Para Unidades Educativas (Adquisicion De Sistema De Video Vigilancia, Para Las Unidades Educativas Del Municipio De Sacaba)",True,2026-09-01,2026-09-15,Vigente,Alejandro Cabrera Apaza (Telf: 4702301),,Cochabamba,NB-SABS (D.S.0181)
26-1312-00-1672473-2-3,Gobierno Autonomo Municipal De Sacaba,Bienes,ANPP,Programa Alimentacion Complementaria Escolar (Adquisicion Alimento Complementario Escolar Gestion 2026) Item Desierto,True,2026-09-01,2026-09-15,Vigente,Richard Quelca Ledezma (Telf: 4702301),,Cochabamba,NB-SABS (D.S.0181)
26-1312-00-1684410-0-E,Gobierno Autonomo Municipal De Sacaba,Obras,CD,Const. Sistemas De Micro Riego Curubamba Centro Y Alto Distrito 7 (Const. De Canal Comunidad Curubamba Alta),False,2026-09-01,,Contratado,Alejandro Cabrera Apaza (Telf: 4702301),,Cochabamba,NB-SABS (D.S.0181)
26-1312-00-1685410-1-1,Gobierno Autonomo Municipal De Sacaba,Obras,ANPE,Const. Muro De Contencion Otb Taco Loma Distrito 3,True,2026-09-01,2026-09-08,Vigente,Richard Quelca Ledezma (Telf: 4702301),,Cochabamba,NB-SABS (D.S.0181)
26-1312-00-1685422-1-1,Gobierno Autonomo Municipal De Sacaba,Bienes,CND1,"
Atención A Emergencias Y Eventos Adversos (Adq. De Cemento Portland Para Desague Pluvial - J.V. San Antonio Glorieta)",False,2026-09-01,2026-09-04,Vigente,Richard Quelca Ledezma (Telf: 4702301),,Cochabamba,Compro Hecho en Bolivia (D.S.4505)
26-1312-00-1685424-1-1,Gobierno Autonomo Municipal De Sacaba,Obras,ANPE,Const. Muro De Contencion Otb 14 De Septiembre Distrito 3,True,2026-09-01,2026-09-08,Vigente,Richard Quelca Ledezma (Telf: 4702301),,Cochabamba,NB-SABS (D.S.0181)
26-1312-00-1685446-1-1,Gobierno Autonomo Municipal De Sacaba,Bienes,CM,"Administración Hospital De Segundo Nivel Solomon Klein (Adquisición De Cámaras, Switch Y Access Point Para El Hospital Solomon Klein)",False,2026-09-01,2026-09-04,Vigente,Joel Quispe Copa (Telf: 4702301),,Cochabamba,NB-SABS (D.S.0181)
26-1314-00-1685451-1-1,Gobierno Autonomo Municipal De Villa Tunari,Bienes,ANPE,Anpe 067-2026 Provision De Materiales Para Mantenimiento Y Refaccion De Las Infraestructuras De Las Puertas Y Marcos De Las Unidades Educativas Gestion 2026,True,2026-09-01,2026-09-07,Vigente,Silber Soto Mamani (Telf: 44136521 ),,Cochabamba,NB-SABS (D.S.0181)
26-1314-00-1685478-1-1,Gobierno Autonomo Municipal De Villa Tunari,Bienes,ANPE,"Anpe 068-2026 Compra De Equipo Con Sistema Global De Navegación Por Satelite ""Gnss"" Rtk Para Medición Topográfica",True,2026-09-01,2026-09-07,Vigente,Abel Castellon Arnez (Telf: 44136521 ),,Cochabamba,NB-SABS (D.S.0181)
26-1314-00-1685499-1-1,Gobierno Autonomo Municipal De Villa Tunari,Bienes,CM,“Provisión De Material Para Implementación Del Puente Cajón Barrientos Sindicato Senda Bayer De La Central Chipiriri (Items Declarados Desiertos Cnc 044-2026)”  Compra Menor N°073/2026,False,2026-09-01,2026-09-04,Vigente,Daniel Montaño Vallejos (Telf: 44136521 ),,Cochabamba,NB-SABS (D.S.0181)
26-1314-00-1685503-1-1,Gobierno Autonomo Municipal De Villa Tunari,Bienes,CND1,Provision De Materiales Para Mantenimiento  Y Refaccion De Infraestructura De Baño De La U.E. Villa San Jose,False,2026-09-01,2026-09-04,Vigente,Daniel Montaño Vallejos (Telf: 44136521 ),,Cochabamba,Compro Hecho en Bolivia (D.S.4505)
26-1316-00-1685345-1-1,Gobierno Autonomo Municipal De Villa Rivero,Bienes,CNC,“Adquisicion De Medicamentos Sistema Unico De Salud (Sus) Gestion 2026 (Segundo Semestre) Para El Municipio De Villa Rivero,True,2026-09-01,2026-09-07,Vigente,Vanessa Alvarez Terrazas (Telf: 4570608),,Cochabamba,Compro Hecho en Bolivia (D.S.4505)
26-1317-00-1685271-1-1,Gobierno Autonomo Municipal De San Benito (Villa Jose Quintin Mendoza),Bienes,CM,Adquisicion De Reactivos E Insumos Para La Unidad De Laboratorios (Sus) Para El Sector Salud Del Municipio De San Benito Gestión 2026,False,2026-09-01,2026-09-04,Vigente,Maria Rosario Mamani Villca (Telf: 4579146),,Cochabamba,NB-SABS (D.S.0181)
26-1322-00-1684896-0-E,Gobierno Autonomo Municipal De Arbieto,Consultoria,CM,Consultoria Por Producto - Elaboración Y Actualización De Reglamentos De Control Interno Y Manuales Administrativos,False,2026-09-01,,Contratado,Jhessica Fary Mamani Milan (Telf: 4578095),,Cochabamba,NB-SABS (D.S.0181)
26-1324-00-1681450-0-E,Gobierno Autonomo Municipal De Cliza,Obras,CD,Perforacion Pozo De Riego La Escalera Villa Surumi - Cliza,False,2026-09-01,,Contratado,Elizabeth Colque Mamani (Telf: 4575029 - 4575448),,Cochabamba,NB-SABS (D.S.0181)
26-1328-00-1672168-2-1,Gobierno Autonomo Municipal De Santivanez,Servicios Generales,CM,"Servicio De Mantenimiento Y Adquisicion De Repuestos, Accesorios Y Lubricantes Para El Vehiculo Toyota Hilux Del Concejo Municipal",False,2026-09-01,2026-09-04,Vigente,Jhamyl Mamani Condori (Telf: 4780041),,Cochabamba,NB-SABS (D.S.0181)
26-1332-00-1685341-1-1,Gobierno Autonomo Municipal De Pojo,Bienes,CNC,Compra De Medicamentos Declarados Deciertos En La Licitacion Primer Semestre D.S. 4505 Para La Ley 1152 Del Municipio De Pojo 2026,True,2026-09-01,2026-09-04,Vigente,Cristian Oscar Alanes Navarro (Telf: 4390549),,Cochabamba,Compro Hecho en Bolivia (D.S.4505)
26-1335-00-1685234-1-1,Gobierno Autonomo Municipal De Puerto Villarroel,Bienes,CNC,Compra De Medicamentos Catalogados Correspondientes Al Cuarto Trimestre Para La Farmacia Del H.C.I. Gestión 2026,True,2026-09-01,2026-09-04,Vigente,Ana Rossemery Moye Orosco (Telf: 44136281),,Cochabamba,Compro Hecho en Bolivia (D.S.4505)
26-1335-00-1685360-1-1,Gobierno Autonomo Municipal De Puerto Villarroel,Bienes,ANPE,"Adquisición De 2 Hornos Y 2 Secadoras Semi-Industriales De Granos Y Hojas Verdes Para Los Distritos 4, 6, 7, Y 10 Del Municipio Puerto Villarroel",True,2026-09-01,2026-09-07,Vigente,Ana Rossemery Moye Orosco (Telf: 44136281),,Cochabamba,NB-SABS (D.S.0181)
26-1335-00-1685426-1-1,Gobierno Autonomo Municipal De Puerto Villarroel,Bienes,ANPE,Compra De Medicamentos E Insumos Correspondientes Al Cuarto Trimestre Para El Servicio De Hemodialisis H.C.I. Gestión 2026,True,2026-09-01,2026-09-07,Vigente,Ana Rossemery Moye Orosco (Telf: 44136281),,Cochabamba,NB-SABS (D.S.0181)
26-1345-00-1682669-0-E,Gobierno Autonomo Municipal De Entre Rios Cbba,Bienes,CD,Adquisición De Desayuno Escolar Para Estudiantes Del Municipio De Entre Ríos,False,2026-09-01,,Contratado,Neida Castro Trujillo (Telf: 67400986 - 67400858 - 67400857),,Cochabamba,NB-SABS (D.S.0181)
26-1401-00-1649227-4-1,Gobierno Autonomo Municipal De Oruro,Bienes,CM,"Adquisicion De Leche Embolsada, Para Cementerio General Y Chapicollo, Primera Compra",False,2026-09-01,2026-09-04,Vigente,Victor Antonio Mendoza Mendoza (Telf: 2-5251624),,Oruro,NB-SABS (D.S.0181)
26-1401-00-1676493-2-1,Gobierno Autonomo Municipal De Oruro,Bienes,CM,Adquisicion De Baterias Para Vehiculos Y Motocicletas Del Parque Automotor Liviano De Transportes Municipales Del G.A.M.O.,False,2026-09-01,2026-09-07,Vigente,Victor Antonio Mendoza Mendoza (Telf: 2-5251624),,Oruro,NB-SABS (D.S.0181)
26-1401-00-1684736-1-1,Gobierno Autonomo Municipal De Oruro,Bienes,CM,Adquisicion De Ropa De Trabajo Para La Unidad De Mantenimiento De Vias,False,2026-09-01,2026-09-04,Vigente,Victor Antonio Mendoza Mendoza (Telf: 2-5251624),,Oruro,NB-SABS (D.S.0181)
26-1401-00-1685135-1-1,Gobierno Autonomo Municipal De Oruro,Servicios Generales,ANPE,Mantenimiento Preventivo Y Correctivo De Los Equipos De Hemodialisis Del Hospital De 2do Nivel Barrios Mineros,True,2026-09-01,2026-09-08,Vigente,Jacqueline Manardy Canaviri (Telf: 2-5251624),,Oruro,NB-SABS (D.S.0181)
26-1401-00-1685255-1-1,Gobierno Autonomo Municipal De Oruro,Bienes,CM,Adquisición De Material De Construcción Agregados Destino: Mtto. De Aceras Y Cordones Urb. Sajama,False,2026-09-01,2026-09-04,Vigente,Jerson Lozano Rios (Telf: 2-5251624),,Oruro,NB-SABS (D.S.0181)
26-1401-00-1685264-1-1,Gobierno Autonomo Municipal De Oruro,Bienes,CM,Adquisicion De Agregados Para La Planta De Prefabricados De Hormigon,False,2026-09-01,2026-09-04,Vigente,Victor Antonio Mendoza Mendoza (Telf: 2-5251624),,Oruro,NB-SABS (D.S.0181)
26-1401-00-1685278-1-1,Gobierno Autonomo Municipal De Oruro,Bienes,CM,Solicitud De Inicio De Proceso De Contratación Adquisición De Botines Para La Dirección De Infraestructura Vial,False,2026-09-01,2026-09-08,Vigente,Jerson Lozano Rios (Telf: 2-5251624),,Oruro,NB-SABS (D.S.0181)
26-1401-00-1685297-1-1,Gobierno Autonomo Municipal De Oruro,Bienes,CM,Adquisición De Materiales De Construcción De La Obra Mejoramiento De Acera Y Cordones J.V. Litoral Manzano 2,False,2026-09-01,2026-09-07,Vigente,Jerson Lozano Rios (Telf: 2-5251624),,Oruro,NB-SABS (D.S.0181)
26-1401-00-1685309-1-1,Gobierno Autonomo Municipal De Oruro,Bienes,CM,Adquisicion De Materiales De Construccion Para La Obra Mej. De Aceras Y Cordones J.V. Ciudadela Universitaria Verde 1 M-412,False,2026-09-01,2026-09-04,Vigente,Victor Antonio Mendoza Mendoza (Telf: 2-5251624),,Oruro,NB-SABS (D.S.0181)
26-1401-00-1685351-1-1,Gobierno Autonomo Municipal De Oruro,Bienes,CM,Adquisición De Baldosa Granítico De Alto Trafico Texturado Microvibrado De 40x40 Cm Para Mejoramiento Y Mantenimiento Integral De Plazas Parques Y Jardineras Y Ornatos Públicos - Mantenimiento Revitalización Paseo América,False,2026-09-01,2026-09-08,Vigente,Jerson Lozano Rios (Telf: 2-5251624),,Oruro,NB-SABS (D.S.0181)
26-1401-00-1685377-1-1,Gobierno Autonomo Municipal De Oruro,Bienes,ANPE,Adquisicion De Postes Galvanizados Para La Av. Germania Y Circunvalacion - Circunvalacion Y Final 6 De Agosto - Calle I Y Tacna Del Municipio De Oruro,True,2026-09-01,2026-09-08,Vigente,Jacqueline Manardy Canaviri (Telf: 2-5251624),,Oruro,NB-SABS (D.S.0181)
26-1401-00-1685429-1-1,Gobierno Autonomo Municipal De Oruro,Bienes,ANPE,Adquisición De Ropa De Trabajo Y Equipo De Proteccion Personal Para La Dirección De Infraestructura Vial,True,2026-09-01,2026-09-08,Vigente,Jacqueline Manardy Canaviri (Telf: 2-5251624),,Oruro,NB-SABS (D.S.0181)
26-1401-00-1685442-1-1,Gobierno Autonomo Municipal De Oruro,Bienes,CM,Adquisicion De Botas De Seguridad Dielectricos Para El Personal De La Unidad De Alumbrado Publico,False,2026-09-01,2026-09-07,Vigente,Victor Antonio Mendoza Mendoza (Telf: 2-5251624),,Oruro,NB-SABS (D.S.0181)
26-1401-00-1685488-1-1,Gobierno Autonomo Municipal De Oruro,Bienes,CM,"Adquisicion De Materiales De Construccion De La Obra ""Mtto. Y Mejto. De Aceras Y Cordones J.V. Santa Ana Iii B Manzano 2""",False,2026-09-01,2026-09-04,Vigente,Victor Antonio Mendoza Mendoza (Telf: 2-5251624),,Oruro,NB-SABS (D.S.0181)
26-1404-00-1685141-0-E,Gobierno Autonomo Municipal De Challapata,Obras,CD,Apoyo A Salud Qaqachaca - Mantenimiento Muro Perimetral C.S. Qaqachaca,False,2026-09-01,,Contratado,Simeon Chambi Flores (Telf: 5572250),,Oruro,NB-SABS (D.S.0181)
26-1407-00-1685437-1-1,Gobierno Autonomo Municipal De Machacamarca,Bienes,CNC,Apoyo A La No Desercion Escolar - Adquisición De Salidas Deportivas Para Estudiantes De Unidades Educativas Del Municipio Machacamarca,True,2026-09-01,2026-09-04,Vigente,Jorge Mamani Ramos (Telf: 77143005),,Oruro,Compro Hecho en Bolivia (D.S.4505)
26-1412-00-1683908-1-1,Gobierno Autonomo Municipal De Santiago De Huari,Bienes,ANPE,Servicio De Salud Universal Y Gratuita – Sus (Adquisicion De Insumos Odontologicos Esenciales No Esenciales Y Complementarios Para El Segundo Trimestre Gestion 2026),True,2026-09-01,2026-09-07,Vigente,Noemi Ivanoe Vallejos Salgado (Telf: 73817728),,Oruro,NB-SABS (D.S.0181)
26-1435-00-1685524-1-1,Gobierno Autonomo Municipal De Soracachi,Bienes,CND1,Adq. De Materiales De Construcción Proyecto “Const. Dos Aulas U. E. Jiquilla Comunidad Jiquilla”,False,2026-09-01,2026-09-03,Vigente,Celso Cruz Mamani (Telf: 76980205),,Oruro,Compro Hecho en Bolivia (D.S.4505)
26-1501-00-1684740-0-E,Gobierno Autonomo Municipal De Potosi,Obras,CD,Cost. Cordones Y Aceras Calle Sin Nombre J.V. Forestal D-17,False,2026-09-01,,Contratado,Ines Quispe Rojas (Telf: 26226200),,Potosi,NB-SABS (D.S.0181)
26-1501-00-1684749-0-E,Gobierno Autonomo Municipal De Potosi,Obras,CD,Const. Alcantarillado Calle 11 (J.V. Villa Buena Vista D-12),False,2026-09-01,,Contratado,Ines Quispe Rojas (Telf: 26226200),,Potosi,NB-SABS (D.S.0181)
26-1501-00-1684760-0-E,Gobierno Autonomo Municipal De Potosi,Obras,CD,Const. Cordones Y Aceras Av. Arce Entre Boqueron Y Litoral J.V. San Roque Central D-5,False,2026-09-01,,Contratado,Ines Quispe Rojas (Telf: 26226200),,Potosi,NB-SABS (D.S.0181)
26-1501-00-1684765-1-1,Gobierno Autonomo Municipal De Potosi,Obras,LP,Const. Mercado Artesanal J.V. Alonzo De Ibañes D-6,True,2026-09-01,2026-09-23,Vigente,Ines Quispe Rojas (Telf: 26226200),,Potosi,NB-SABS (D.S.0181)
26-1501-00-1684769-0-E,Gobierno Autonomo Municipal De Potosi,Obras,CD,Const. Cordones Y Aceras Av. Nestor Galindo Entre Calle 1ro De Mayo Y San Geronimo J.V. Hornitos D-2,False,2026-09-01,,Contratado,Ines Quispe Rojas (Telf: 26226200),,Potosi,NB-SABS (D.S.0181)
26-1501-05-1684061-1-1,Dirección Técnica Municipal De Salud,Bienes,CM,Adquisicion De Reactivos Para Laboratorio Compra Segundo Trimestre Centro De Salud Ambulatorio Sagrada Familia,False,2026-09-01,2026-09-07,Vigente,Karla Carvajal Villa (Telf: 2 6231337),,Potosi,NB-SABS (D.S.0181)
26-1501-05-1685303-1-1,Dirección Técnica Municipal De Salud,Bienes,CND1,Adquisición De Equipo De Computación Para El Centro De Salud Ambulatorio San Pedro Con D - 7,False,2026-09-01,2026-09-04,Vigente,Karla Carvajal Villa (Telf: 2 6231337),,Potosi,Compro Hecho en Bolivia (D.S.4505)
26-1501-05-1685322-1-1,Dirección Técnica Municipal De Salud,Bienes,CM,Adquisicion De Material De Limpieza E Higiene Para El Centro De Salud Con Internacion Azangaro - Servicio De Salud Universal Y Gratuita - Sus,False,2026-09-01,2026-09-07,Vigente,Karla Carvajal Villa (Telf: 2 6231337),,Potosi,NB-SABS (D.S.0181)
26-1501-05-1685366-1-1,Dirección Técnica Municipal De Salud,Bienes,CND1,"Adquisicion De Cuadernos En Espiral Para El Centro De Salud Ambulatorio ""Cantumarca""",False,2026-09-01,2026-09-04,Vigente,Daria Bravo Flores (Telf: 2 6231337),,Potosi,Compro Hecho en Bolivia (D.S.4505)
26-1507-00-1684985-1-1,Gobierno Autonomo Municipal De Llallagua,Bienes,CM,"""Servicios De Salud Universal Y Gratuita - Sus"" (Adquisicion Lacteos Para Pacientes Beneficiarios Con La Ley 1152 Hospital De Segundo Nivel Madre Obrera Municipio De Lallagua 2026)",False,2026-09-01,2026-09-04,Vigente,Silvia Aro Cabrera (Telf: 5822817),,Potosi,NB-SABS (D.S.0181)
26-1521-00-1685254-1-1,"Gobierno Autonomo Municipal De Colcha""K"" (Villa Martin)",Bienes,CND1,"Adquisición De Carne Pollo Para Los Internados Educativos Municipales De Colcha ""K""",False,2026-09-01,2026-09-03,Vigente,Ramiro Oracio Huanca Veliz (Telf: +591-69654122),,Potosi,Compro Hecho en Bolivia (D.S.4505)
26-1521-00-1685390-1-1,"Gobierno Autonomo Municipal De Colcha""K"" (Villa Martin)",Bienes,CND1,"Adquisición De Equipos De Computación, Impresora Multifuncional Y Estabilizadores De Voltaje Para La Planta Industrializadora De Sal (Salipex)",False,2026-09-01,2026-09-04,Vigente,Nicol Graciela Choque Gonzales (Telf: +591-69654122),,Potosi,Compro Hecho en Bolivia (D.S.4505)
26-1521-00-1685495-1-1,"Gobierno Autonomo Municipal De Colcha""K"" (Villa Martin)",Bienes,ANPE,"Adquisicion De Llantas Para Las Ambulancias Y Motocicletas Para La Red De Servicios De Salud Del Municipio De Colcha ""K""",True,2026-09-01,2026-09-07,Vigente,Nicol Graciela Choque Gonzales (Telf: +591-69654122),,Potosi,NB-SABS (D.S.0181)
26-1537-00-1677628-2-1,Gobierno Autonomo Municipal De Villazon,Consultoria,ANPP,Contratacion De Consultoria Por Producto Revaluo Y Avaluo De Activos Fijos (Fortalecimiento Institucional Municipal),False,2026-09-01,2026-09-15,Vigente,Sandy Miranda Bravo (Telf: 5972119),,Potosi,NB-SABS (D.S.0181)
26-1604-00-1682763-2-1,Gobierno Autonomo Municipal De Yacuiba,Bienes,ANPE,Adquisicion De La Alimentacion Complementaria Escolar Para Los Nucleos Defensores Del Chaco Y Adela Zamudio Gestion 2026 – Fase I (Segunda Convocatoria),True,2026-09-01,2026-09-08,Vigente,Walter German Sellis Mercado (Telf: 46822024),,Tarija,NB-SABS (D.S.0181)
26-1604-00-1682790-2-1,Gobierno Autonomo Municipal De Yacuiba,Bienes,ANPE,"Adquisicion De La Alimentacion Complementaria Escolar Para Los Nucleos 6 De Junio, Caiza J, Yaguacua, Palmar Grande Y Crevaux Norte Gestion 2026 – Fase I",True,2026-09-01,2026-09-08,Vigente,Franz Simon Calderon Vasquez (Telf: 46822024),,Tarija,NB-SABS (D.S.0181)
26-1604-00-1682820-2-1,Gobierno Autonomo Municipal De Yacuiba,Bienes,ANPE,"Adquisicion De La Alimentacion Complementaria Escolar Para Los Nucleos Soberania, Fray Quebracho, Franz Tamayo E Isaac Soruco Gestion 2026 - Fase I",True,2026-09-01,2026-09-08,Vigente,Carmen Mariela Duran Ramos (Telf: 46822024),,Tarija,NB-SABS (D.S.0181)
26-1606-00-1684606-1-1,Gobierno Autonomo Municipal De Villamontes,Bienes,CND1,Adquisición De Material De Construcción (Cemento) Para Refacción Y Mantenimiento De Infraestructura Publicas De Nuestro Municipio,False,2026-09-01,2026-09-03,Vigente,Yhara Escalante Tejerina (Telf: 6722379 / 6722993),,Tarija,Compro Hecho en Bolivia (D.S.4505)
26-1606-00-1685263-0-E,Gobierno Autonomo Municipal De Villamontes,Bienes,CD,"3ra. Adquisicion De 7.183 Lts. (Gasolina Especial) Para Las Ambulancias, Diferentes Actividades Y Vehiculos Livianos De La Direccion De Salud, Medicina Tradicional Y Deportes",False,2026-09-01,,Contratado,Yhara Escalante Tejerina (Telf: 6722379 / 6722993),,Tarija,NB-SABS (D.S.0181)
26-1701-00-1685028-1-1,Gobierno Autonomo Municipal De Santa Cruz De La Sierra,Bienes,ANPP,"Adquisicion De Insumos De Enfermeria Para El Hospital Municipal Villa 1ro De Mayo, Primera Comra, Sms",True,2026-09-01,2026-09-14,Vigente,Rosario Ingrid Vega Rojas (Telf: Ver Convocatoria y/o DBC. ),,Santa Cruz,NB-SABS (D.S.0181)
26-1701-00-1685435-1-1,Gobierno Autonomo Municipal De Santa Cruz De La Sierra,Bienes,CNC,"Adquisicion De Medicamentos Para Los Pacientes De La Red De Salud Este, Sms",True,2026-09-01,2026-09-07,Vigente,Rosario Ingrid Vega Rojas (Telf: Ver Convocatoria y/o DBC. ),,Santa Cruz,Compro Hecho en Bolivia (D.S.4505)
26-1701-03-1684872-1-1,Empresa Municipal De Aseo Santa Cruz -  Emacruz,Bienes,ANPE,"Adquisicion De Papel Bond Tamaño Carta, Tamaño Oficio Y Sobres Para La Empresa Municipal De Aseo Santa Cruz-Emacruz",True,2026-09-01,2026-09-08,Vigente,Maria Ynes Mirabal Marin (Telf: 3470346 - 3-641144),,Santa Cruz,NB-SABS (D.S.0181)
26-1701-14-1633040-2-1,Unidad Operativa Desconcentrada De Alumbrado Publico,Bienes,ANPP,"Adquisicion De Conductores Electricos Para El Sistema De Alumbrado Publico, Uodap",True,2026-09-01,2026-09-14,Vigente,Ariani Roca Saucedo (Telf: 3346-6464),,Santa Cruz,NB-SABS (D.S.0181)
26-1701-14-1683276-1-1,Unidad Operativa Desconcentrada De Alumbrado Publico,Bienes,ANPP,"Adquisicion De Materiales Electricos Para Dotacion De Luminarias En El Municipio De Santa Cruz De La Sierra, Uodap",True,2026-09-01,2026-09-15,Vigente,Robin Denis Paz Chavez (Telf: 3346-6464),,Santa Cruz,NB-SABS (D.S.0181)
26-1702-00-1685320-1-1,Gobierno Autonomo Municipal De Cotoca,Bienes,CM,Compra De Equipamiento Para La Oficina De Desarrollo Productivo,False,2026-09-01,2026-09-04,Vigente,Felix Rolando Cabrera Padilla (Telf: 3882547),,Santa Cruz,NB-SABS (D.S.0181)
26-1702-00-1685384-1-1,Gobierno Autonomo Municipal De Cotoca,Bienes,CM,Compra De Sillas Ejecutivas Para Diferentes Oficinas Del G.A.M.C.,False,2026-09-01,2026-09-04,Vigente,Felix Rolando Cabrera Padilla (Telf: 3882547),,Santa Cruz,NB-SABS (D.S.0181)
26-1702-00-1685412-1-1,Gobierno Autonomo Municipal De Cotoca,Bienes,CM,Compra De Fotocopiadora Para Plan Regulador Del Gamc,False,2026-09-01,2026-09-04,Vigente,Felix Rolando Cabrera Padilla (Telf: 3882547),,Santa Cruz,NB-SABS (D.S.0181)
26-1703-00-1685375-1-1,Gobierno Autonomo Municipal De Ayacucho (Porongo),Bienes,CM,Adquisición De Computadoras Para Diferentes Áreas De La Secretaria Municipal De Finanzas,False,2026-09-01,2026-09-04,Vigente,Viznney Saavedra Paniagua (Telf: 3888227),,Santa Cruz,NB-SABS (D.S.0181)
26-1703-00-1685383-1-1,Gobierno Autonomo Municipal De Ayacucho (Porongo),Servicios Generales,CM,Servicio De Mantenimiento Preventivo Y Correctivo Del Microbus Del Transporte Escolar Con Nª De Placa 2539-Sri Del Municipio De Porongo,False,2026-09-01,2026-09-04,Vigente,Viznney Saavedra Paniagua (Telf: 3888227),,Santa Cruz,NB-SABS (D.S.0181)
26-1705-00-1685252-0-E,Gobierno Autonomo Municipal De El Torno,Obras,CD,Refaccion Y Mantenimiento Del Estadio Municipal De El Torno,False,2026-09-01,,Contratado,Ronald Ignacio Aguirre Fernandez (Telf: 3822132 - 3822164),,Santa Cruz,NB-SABS (D.S.0181)
26-1706-00-1685368-0-E,Gobierno Autonomo Municipal De Warnes,Obras,CD,Mantenimiento De Camellon Central Avenida Pentaguazu I D-3,False,2026-09-01,,Contratado,Celina Suarez Guevara (Telf: 923-2055),,Santa Cruz,NB-SABS (D.S.0181)
26-1712-00-1684762-1-1,Gobierno Autonomo Municipal De Yapacani,Servicios Generales,ANPE,Mejoramiento Y Mantenimiento De Camino Central Cascabel,True,2026-09-01,2026-09-07,Vigente,Laury Choque Impa (Telf: 933-6111),,Santa Cruz,NB-SABS (D.S.0181)
26-1712-00-1685479-1-1,Gobierno Autonomo Municipal De Yapacani,Bienes,CM,Adquisición De Tubos De H° A° Para Mantenimiento De Calles En El Barrio Los Ángeles D-3,False,2026-09-01,2026-09-04,Vigente,Laury Choque Impa (Telf: 933-6111),,Santa Cruz,NB-SABS (D.S.0181)
26-1712-00-1685505-1-1,Gobierno Autonomo Municipal De Yapacani,Bienes,CM,Adquisición De Papel Bond Blanco Tamaño Carta Y Oficio Para La Unidad De Almacen,False,2026-09-01,2026-09-04,Vigente,Laury Choque Impa (Telf: 933-6111),,Santa Cruz,NB-SABS (D.S.0181)
26-1720-00-1685302-1-1,Gobierno Autonomo Municipal De Cabezas,Bienes,CM,Compra De Bujes Y Pasadores Para Tractor Sobre Oruga Komatsu,False,2026-09-01,2026-09-04,Vigente,Yenny Fabiola Rodriguez Arteaga (Telf: 33136051),,Santa Cruz,NB-SABS (D.S.0181)
26-1720-00-1685445-1-1,Gobierno Autonomo Municipal De Cabezas,Bienes,CM,"Adquisición De Un Tablero Eléctrico, Motor De 4"" Y Cañerías Para El Sistema De Bombeo Para La Comunidad De Rio Seco",False,2026-09-01,2026-09-04,Vigente,Yenny Fabiola Rodriguez Arteaga (Telf: 33136051),,Santa Cruz,NB-SABS (D.S.0181)
26-1725-00-1682802-1-1,Gobierno Autonomo Municipal De Vallegrande,Bienes,ANPE,Adquisicion De Reactivos Para El Seguro Universal De Salud Hospital Señor De Malta,False,2026-09-01,2026-09-10,Vigente,Erwin Vallejos Seas (Telf: 3942-2149),,Santa Cruz,NB-SABS (D.S.0181)
26-1725-00-1682823-1-1,Gobierno Autonomo Municipal De Vallegrande,Bienes,ANPE,Adquisicion De Insumos Medicos Para El 2do Semestre Para La Gestion 2026 De  Ley N° 1152 S.U.S,False,2026-09-01,2026-09-10,Vigente,Erwin Vallejos Seas (Telf: 3942-2149),,Santa Cruz,NB-SABS (D.S.0181)
26-1732-00-1685527-1-1,Gobierno Autonomo Municipal De Mairana,Bienes,CNC,Compra De Medicamentos Para El Hospital Municipal De Mairana ,True,2026-09-01,2026-09-08,Vigente,Leodan Gutierrez Vallejos (Telf: -),,Santa Cruz,Compro Hecho en Bolivia (D.S.4505)
26-1734-00-1685280-0-E,Gobierno Autonomo Municipal De Montero,Bienes,EX,Adquisición De Dos Motocicletas Para La Policía Boliviana Nacional,False,2026-09-01,,Contratado,Maria Elena Tejerina Vaca (Telf: 9220022 -),,Santa Cruz,NB-SABS (D.S.0181)
26-1739-00-1685362-0-E,Gobierno Autonomo Municipal De San Julian,Consultoria,CM,Jardinero 2,False,2026-09-01,,Contratado,Maria Liceth Vaca Picha (Telf: 39658002 - 60919566),,Santa Cruz,NB-SABS (D.S.0181)
26-1739-00-1685378-0-E,Gobierno Autonomo Municipal De San Julian,Consultoria,CM,Medico General Puesto De Salud Limoncito,False,2026-09-01,,Contratado,Maria Liceth Vaca Picha (Telf: 39658002 - 60919566),,Santa Cruz,NB-SABS (D.S.0181)
26-1739-00-1685379-0-E,Gobierno Autonomo Municipal De San Julian,Consultoria,CM,Limpieza Centro De Salud Cafeces,False,2026-09-01,,Contratado,Maria Liceth Vaca Picha (Telf: 39658002 - 60919566),,Santa Cruz,NB-SABS (D.S.0181)
26-1739-00-1685391-0-E,Gobierno Autonomo Municipal De San Julian,Consultoria,CM,Tecnico Pecuario,False,2026-09-01,,Contratado,Maria Liceth Vaca Picha (Telf: 39658002 - 60919566),,Santa Cruz,NB-SABS (D.S.0181)
26-1739-00-1685397-0-E,Gobierno Autonomo Municipal De San Julian,Consultoria,CM,Medico General Puesto De Salud Limoncito,False,2026-09-01,,Contratado,Maria Liceth Vaca Picha (Telf: 39658002 - 60919566),,Santa Cruz,NB-SABS (D.S.0181)
26-1739-00-1685406-0-E,Gobierno Autonomo Municipal De San Julian,Consultoria,CM,Profesional Iii A La Unidad Administrativa Y Sicoes,False,2026-09-01,,Contratado,Maria Liceth Vaca Picha (Telf: 39658002 - 60919566),,Santa Cruz,NB-SABS (D.S.0181)
26-1754-00-1685301-0-E,Gobierno Autonomo Municipal De San Pedro (Santa Cruz),Consultoria,CM,Contratación De Consultoría Para La Actualización Y Readecuacion Del Proyecto “Const. Pavimento Articulado Distrito Nº 1 Y Nº 6 (San Pedro Y Hardeman)- Municipio De San Pedro”,False,2026-09-01,,Contratado,Joel Bentura Bautista (Telf: -),,Santa Cruz,NB-SABS (D.S.0181)
26-1801-00-1685290-0-E,Gobierno Autonomo Municipal De Santisima Trinidad,Consultoria,CM,"Consultor Individual De Linea  Profesional Iv - Administrativo Para La Direccion De Turismo, Patrimonio, Arte Y Cultura",False,2026-09-01,,Contratado,Eulis Cuellar Cardona (Telf: 4621322 - 4620447),,Beni,NB-SABS (D.S.0181)
26-1803-00-1685222-0-E,Gobierno Autonomo Municipal De Riberalta,Consultoria,CM,Contratacion Apoyo Administrativo Para Fortalecimiento Dg Y Ag 2026,False,2026-09-01,,Contratado,Julio Cesar Chavez Marigua (Telf: 8522417),,Beni,NB-SABS (D.S.0181)
26-1803-00-1685227-0-E,Gobierno Autonomo Municipal De Riberalta,Consultoria,CM,Contratacion Asesor Legal Para Apoyo Y Fortalecimiento Demunar Dependiente De La Dg Y Ag 2026,False,2026-09-01,,Contratado,Julio Cesar Chavez Marigua (Telf: 8522417),,Beni,NB-SABS (D.S.0181)
26-1803-00-1685268-0-E,Gobierno Autonomo Municipal De Riberalta,Consultoria,CM,Contratacion De Consultoria En Linea Para El Cargo De Operador Ii Tractor Agricola Para Apoyo Al Programa De Equipamiento Para La Produccion Agricola Mecanizada En Comunidades Campesinas E Indigenas Del Municipio De Riberalta,False,2026-09-01,,Contratado,Julio Cesar Chavez Marigua (Telf: 8522417),,Beni,NB-SABS (D.S.0181)
26-1803-00-1685339-0-E,Gobierno Autonomo Municipal De Riberalta,Consultoria,CM,Contratacion De Un Consultor Individual De Linea Tecnico I De Apoyo En La Elaboracion De Proyectos Productivos Sector Campesino Para La Unidad De Desarrollo Productivo Gestion 2026.,False,2026-09-01,,Contratado,Julio Cesar Chavez Marigua (Telf: 8522417),,Beni,NB-SABS (D.S.0181)
26-1803-00-1685374-0-E,Gobierno Autonomo Municipal De Riberalta,Consultoria,CM,Contratacion De Consultoria En Linea Para El Cargo De Operador I Tractor Agricola Para Apoyo Al Programa De Equipamiento Para La Produccion Agricola Mecanizada En Comunidades Campesinas E Indigenas Del Municipio De Riberalta,False,2026-09-01,,Contratado,Julio Cesar Chavez Marigua (Telf: 8522417),,Beni,NB-SABS (D.S.0181)
26-1818-00-1685218-1-1,Gobierno Autonomo Municipal De Baures,Consultoria,ANPP,Elaboracion De Proyecto A Diseno Final Const. U.E. Hernan Herrera,False,2026-09-01,2026-09-11,Vigente,Jose Luis Suarez Perez (Telf: 67271485),,Beni,NB-SABS (D.S.0181)
26-2303-00-1685369-1-1,Empresa Municipal De Areas Verdes Y Recreacion Alternativa - Emavra,Bienes,ANPE,Adquisicion De Materiales Y Equipamiento De Activos Para Fortalecer Las Actividades De Administracion Y Garantizar El Correcto Funcionamiento De La Unidad De Administracion De Parques Recreacionales,True,2026-09-01,2026-09-08,Vigente,Gabriela Cruz Ramirez (Telf: 4448430),,Cochabamba,NB-SABS (D.S.0181)
26-2312-00-1685363-1-1,Empresa Municipal De Agua Potable Y Alcantarillado Viacha - Emapav,Bienes,CM,Adquisición De Medidores De Agua De 3 Y 2 Pulgadas Para Pozos De Emapav,False,2026-09-01,2026-09-04,Vigente,Ariel Silva Aruquipa (Telf: 2800514),,La Paz,NB-SABS (D.S.0181)
26-2315-00-1627965-2-1,Empresa Municipal De Servicios De Aseo - Emsa,Bienes,ANPE,Escobas De Palma,True,2026-09-01,2026-09-07,Vigente,Juan Carlos Rojas  Altuzarra (Telf: 4298241),,Cochabamba,NB-SABS (D.S.0181)
26-2324-00-1685400-1-1,Entidad Obras Publicas Municipales De Tarija,Bienes,CND1,"""Adquisición De Utiles De Oficina Para La Entidad Descentralizada De Obras Públicas Municipales""",False,2026-09-01,2026-09-04,Vigente,Carola Gema Rivas Pacheco (Telf: 46667794),,Tarija,Compro Hecho en Bolivia (D.S.4505)
26-3402-00-1685216-1-1,Gobierno Autonomo Indigena Originario Campesino De Salinas,Bienes,CM,Mantenimiento De Infraestructura Puesto De Salud U.T.D. Huatari (Adquisicion De Materiales),False,2026-09-01,2026-09-04,Vigente,Maria Carol Garcia Colque (Telf: 68511484),,Oruro,NB-SABS (D.S.0181)
24-0138-00-1509014-0-E,Universidad Mayor Real Y Pontificia De San Francisco Xavier,Servicios Generales,EX,"Contratacion De Asesoramiento En El Proceso De Autoevaluacion, Y Evaluacion Externa Institucional De La Usfx Con Fines De Acreditacion Internacional Ante La Union De Universidades De America Latina Y El Caribe, (Udualc), A Traves De Su Consejo De Evaluacion Y Acreditacion (Ceai) Para La Universidad Mayor Real Y Pontificia De San Francisco Xavier De Chuquisaca",False,2026-09-02,,Contratado,Marieli Glenda Veramendi Alba (Telf: 6451970),,Chuquisaca,NB-SABS (D.S.0181)
26-0016-26-1685580-1-1,"Escuela Superior De Formacion De Maestros  ""Juan Misael Saracho",Bienes,CM,Compra De Ventiladores De Techo Para La Unidad Académica Gran Chaco,False,2026-09-02,2026-09-07,Vigente,Emiliana Adriana Castillo Gonzales (Telf: 6641224),,Tarija,NB-SABS (D.S.0181)
26-0020-10-1685372-1-1,Comando General Del Ejercito,Servicios Generales,ANPE,Servicio De Mantenimiento Del Contenedor Generador De Oxígeno Del Hospital De Campaña Movil,True,2026-09-02,2026-09-08,Vigente,Elmer Wilfredo Baltazar Colque (Telf: 2977600),,La Paz,NB-SABS (D.S.0181)
26-0020-21-1685645-1-1,Armada Boliviana,Bienes,CM,"Adquisición De Lubricantes Y Grasas Para El Mantenimiento Del 1er. Escalón A Las Máquinas Principales Y Auxiliares De Las Uu.Ss. Correspondiente Al 3er. Trimestre Gestión 2026 De La Fft. Nº 2 ""Trinidad"" Dependiente De La U.O.S. ""Transnaval"".",False,2026-09-02,2026-09-07,Vigente,Martha Viviana Condori Coarite (Telf: 2751712),,La Paz,NB-SABS (D.S.0181)
26-0035-01-1685547-0-E,Servicio De Impuestos Nacionales,Consultoria,CM,Contratación De Un (1) Consultor Individual De Línea Consultor J Para La Iniciativa Emisión De Actos Administrativos Definitivos Y Actuados De Procedimiento Tj De La Gdscz Ii – Gestión 2026,False,2026-09-02,,Contratado,Alvaro Gabriel Rojas Mejia (Telf: 2606060 ),,La Paz,NB-SABS (D.S.0181)
26-0041-00-1685557-0-E,"Ministerio De Desarrollo Productivo, Rural Y Agua",Servicios Generales,CD,Servicio De Alquiler De Inmueble Para El Funcionamiento De Oficinas Udirpc La Paz Villa Fatima De La Direccion General De Coca Y Desarrollo Integral,False,2026-09-02,,Contratado,Zamir Nacif Ortiz (Telf: 2184444 - INT 320),,La Paz,NB-SABS (D.S.0181)
26-0041-20-1685567-0-E,Unidad Desconcentrada Empoderar,Consultoria,OF,Acompañante De Alianzas Productivas Uor Chaco Cipa 033/2026,False,2026-09-02,,Contratado,Carmen Tatiana Sanjinez Segovia (Telf: 2141750-2145337-71952144),,La Paz,Normativa del Financiador (BM)
26-0041-20-1685572-0-E,Unidad Desconcentrada Empoderar,Consultoria,OF,Acompañante De Alianzas Productivas Uor Chaco 034/2026,False,2026-09-02,,Contratado,Carmen Tatiana Sanjinez Segovia (Telf: 2141750-2145337-71952144),,La Paz,Normativa del Financiador (BM)
26-0041-20-1685583-0-E,Unidad Desconcentrada Empoderar,Consultoria,OF,Acompañante De Alianzas Productivas Uor Chaco Cipa 035/2026,False,2026-09-02,,Contratado,Carmen Tatiana Sanjinez Segovia (Telf: 2141750-2145337-71952144),,La Paz,Normativa del Financiador (BM)
26-0041-20-1685588-0-E,Unidad Desconcentrada Empoderar,Consultoria,OF,Acompañante De Alianzas Productivas Uor Chaco Cipa 036/2026,False,2026-09-02,,Contratado,Carmen Tatiana Sanjinez Segovia (Telf: 2141750-2145337-71952144),,La Paz,Normativa del Financiador (BM)
26-0041-20-1685595-0-E,Unidad Desconcentrada Empoderar,Consultoria,OF,Acompañante De Alianzas Productivas Uor Chaco Cipa 037/2026,False,2026-09-02,,Contratado,Carmen Tatiana Sanjinez Segovia (Telf: 2141750-2145337-71952144),,La Paz,Normativa del Financiador (BM)
26-0041-20-1685609-0-E,Unidad Desconcentrada Empoderar,Consultoria,OF,Acompañante De Alianzas Productivas Uor Chaco Cipa 038/2026,False,2026-09-02,,Contratado,Carmen Tatiana Sanjinez Segovia (Telf: 2141750-2145337-71952144),,La Paz,Normativa del Financiador (BM)
26-0041-20-1685644-0-E,Unidad Desconcentrada Empoderar,Consultoria,OF,Acompañante De Alianzas Productivas Uor Chaco Cipa 039/2026,False,2026-09-02,,Contratado,Carmen Tatiana Sanjinez Segovia (Telf: 2141750-2145337-71952144),,La Paz,Normativa del Financiador (BM)
26-0041-24-1685801-1-1,Unidad De Coordinacion Y Ejecucion De Proyectos - Ucep Mi Riego,Obras,OF,Construccion Sistema De Riego Circuata Polea (Cajuata),False,2026-09-02,2026-10-05,Vigente,Edwin Freddy Oropeza Choque (Telf: 2145792 - 72852834),,La Paz,Normativa del Financiador (BID)
26-0041-24-1685821-1-1,Unidad De Coordinacion Y Ejecucion De Proyectos - Ucep Mi Riego,Obras,OF,Construccion Represa Y Sistema De Riego Kollpa Pampa (Icla),False,2026-09-02,2026-10-05,Vigente,Edwin Freddy Oropeza Choque (Telf: 2145792 - 72852834),,La Paz,Normativa del Financiador (BID)
26-0041-26-1685605-0-E,Unidad Coordinadora Programa De Agua Y Alcantarillado Periurbano - Ucp Paap,Consultoria,OF,"Consultor Individual De Linea ""Coordinador Técnico -Pgiaau""",False,2026-09-02,,Contratado,Roxana Paredes Tacaray (Telf: 71560897),,La Paz,Normativa del Financiador (BID)
26-0046-00-1685321-1-1,Ministerio De Salud Y Deportes,Consultoria,ANPP,Contratación De Profesionales Odontólogos (Según Contrato Y Términos De Referencia) Contratación De Profesionales Odontólogos Para Integrar Las Brigadas De Atención Primaria En Salud Oral,False,2026-09-02,2026-09-15,Vigente,Fermin Gonzales Miranda (Telf: 2497079),,La Paz,NB-SABS (D.S.0181)
26-0046-13-1685579-0-E,Escuela Tecnica De Salud Boliviano-Japonesa De Cooperacion Andina,Servicios Generales,CD,Contratacion Del Servicio De Alquiler De Un Inmueble Para El Funcionamiento Academico Y Administrativo De La Sub Sede Tarija De La Escuela Tecnica De Salud Boliviano Japones De Cooperacion Andina,False,2026-09-02,,Contratado,Rosario Gutierrez Rodriguez (Telf: 4257501),,Cochabamba,NB-SABS (D.S.0181)
26-0046-20-1685597-1-1,Seguro Social Universitario - La Paz,Bienes,ANPE,Adquisicion De Modulo Tx Laser Para El Tomografo Brillance Ct 6,True,2026-09-02,2026-09-08,Vigente,Roso Ibis Durán Rojas (Telf: 2434262),,La Paz,NB-SABS (D.S.0181)
26-0046-20-1685611-1-1,Seguro Social Universitario - La Paz,Bienes,ANPE,Adquisicion De Modulo Frc Para El Tomografo Brillance Ct 6,True,2026-09-02,2026-09-08,Vigente,Roso Ibis Durán Rojas (Telf: 2434262),,La Paz,NB-SABS (D.S.0181)
26-0046-21-1685548-1-1,Seguro Social Universitario - Cochabamba,Bienes,CNC,Adquisición De Agua Para Inyección ,True,2026-09-02,2026-09-08,Vigente,Dayana Montaño Fernandez (Telf: 4226772),,Cochabamba,Compro Hecho en Bolivia (D.S.4505)
26-0046-58-1685686-1-1,Viceministerio De Deportes,Bienes,CND1,"""Adquisicion De Indumentaria Deportiva Chaquetas, Buzos Y Poleras Para La Delegacion De Fisicoculturismo Y Fitness Ifbb-Csff Que Participara En El Campeonato Sudamericano Levantamiento De Potencia Santiago - Chile Del 20 Al 27 De Septiembre De 2026""",False,2026-09-02,2026-09-07,Vigente,Miriam Maritza Puña Chuquichambi (Telf: 2497079 ),,La Paz,Compro Hecho en Bolivia (D.S.4505)
26-0054-02-1685565-0-E,Conoce Bolivia,Servicios Generales,OF,Serviciio De Limpieza Para El Prog. 4643,False,2026-09-02,,Contratado,Luis Rodrigo Tapia Torrez (Telf: 2157773),,La Paz,Normativa del Financiador
26-0078-15-1685607-0-E,Entidad Ejecutora De Conversion A Gas Natural Vehicular - Eec-Gnv,Consultoria,CM,Consultoría Individual De Línea – Técnico En Seguimiento Y Control Financiero De Programas 2 – Unidad Financiera,False,2026-09-02,,Contratado,Soledad Gregoria Quispe Choque (Telf: 2184178),,La Paz,NB-SABS (D.S.0181)
26-0078-15-1685637-0-E,Entidad Ejecutora De Conversion A Gas Natural Vehicular - Eec-Gnv,Consultoria,CM,Consultoría Individual De Línea – Técnico Programas De Conversión Y Recalificación - Auxiliar La Paz - 1,False,2026-09-02,,Contratado,Soledad Gregoria Quispe Choque (Telf: 2184178),,La Paz,NB-SABS (D.S.0181)
26-0081-61-1670741-1-2,Unidad Tecnica Aeroportuaria - Uta,Consultoria,OF,Consultor De Línea Coordinador Técnico,False,2026-09-02,2026-09-09,Vigente,Ivan Pena Yujra (Telf: 2156631),,La Paz,Normativa del Financiador (BID)
26-0081-61-1670753-1-2,Unidad Tecnica Aeroportuaria - Uta,Consultoria,OF,Consultor De Línea Especialista En Adquisiciones,False,2026-09-02,2026-09-09,Vigente,Ivan Pena Yujra (Telf: 2156631),,La Paz,Normativa del Financiador (BID)
26-0117-00-1627234-1-1,Direccion General De Aeronautica Civil,Bienes,CM,Adquisición De Scanners E Impresoras,False,2026-09-02,2026-09-07,Vigente,Andrano Daza Canqui (Telf: 2444450),,La Paz,NB-SABS (D.S.0181)
26-0138-00-1642135-2-1,Universidad Mayor Real Y Pontificia De San Francisco Xavier,Bienes,LP,"Adquisicion De Equipamiento Para La Farmacia De Preparados Magistrales Y Galenicos ""San Francisco Xavier"" Para La Carrera De Quimica Farmaceutica, Sucre De La Universidad Mayor Real Y Pontificia De San Francisco Xavier De Chuquisaca",True,2026-09-02,2026-09-24,Vigente,Alan Fernando Raul Rosales Prieto (Telf: 6451970),,Chuquisaca,NB-SABS (D.S.0181)
26-0138-00-1648120-2-1,Universidad Mayor Real Y Pontificia De San Francisco Xavier,Consultoria,ANPE,Contratacion De Consultor Individual Por Producto Como Apoyo Técnico I Para Sistemas Del Centro De Estudios De Posgrado E Investigacion De La Universidad Mayor Real Y Pontificia De San Francisco Xavier De Chuquisaca.,False,2026-09-02,2026-09-09,Vigente,Nestor Pallares Saavedra (Telf: 6451970),,Chuquisaca,NB-SABS (D.S.0181)
26-0138-00-1685730-1-1,Universidad Mayor Real Y Pontificia De San Francisco Xavier,Bienes,CM,"Adquisicion De Equipo Odontologico, Tipo Motor Quirurgico Para Cirugia Bucal Y Maxilofacial Para El Servicio De Odontologia, Dependiente Del Hospital Universitario Sfx",False,2026-09-02,2026-09-07,Vigente,Lizeth Graciela Ortega Zarate (Telf: 6451970),,Chuquisaca,NB-SABS (D.S.0181)
26-0138-00-1685732-1-1,Universidad Mayor Real Y Pontificia De San Francisco Xavier,Bienes,CND1,"Adquisición De Papel Bond Tamaño Carta Y Oficio, Para El Programa De Educación Superior Versión Vi Modalidad Virtual. Según Nota Coord Dipl. Cepi Nº 265, Firmado Por El Msc Nelson Illanes, Autorizado Por Dir. Nº 2898 Y Adm 1963",False,2026-09-02,2026-09-07,Vigente,Roxana Isabel Cavero Gonzales (Telf: 6451970),,Chuquisaca,Compro Hecho en Bolivia (D.S.4505)
26-0138-00-1685738-1-1,Universidad Mayor Real Y Pontificia De San Francisco Xavier,Bienes,CND1,Adquisición De Dos Cuardernos Empastadosy Un Limpiavidrios Para La Oficina De La División De Planillas,False,2026-09-02,2026-09-07,Vigente,Roxana Isabel Cavero Gonzales (Telf: 6451970),,Chuquisaca,Compro Hecho en Bolivia (D.S.4505)
26-0138-00-1685740-1-1,Universidad Mayor Real Y Pontificia De San Francisco Xavier,Servicios Generales,CM,"Contratacion De Servicio De Impresion De: 300 Ejemplares ""Metodologia De La Investigacion Juridica"" Y 300 Ejemplares ""Bioquimica Aplicada A La Odontologia"" Para Secretaria General De Vicerrectorado De La Universidad Mayor Real Y Pontificia De San Francisco Xavier De Chuquisaca",False,2026-09-02,2026-09-07,Vigente,Lizeth Graciela Ortega Zarate (Telf: 6451970),,Chuquisaca,NB-SABS (D.S.0181)
26-0138-00-1685744-1-1,Universidad Mayor Real Y Pontificia De San Francisco Xavier,Bienes,CND1,Adquisicion De Limpiadores Multiusos Lava Vajillas Para La Dirección De Planificación Y Evaluación Académica,False,2026-09-02,2026-09-07,Vigente,Roxana Isabel Cavero Gonzales (Telf: 6451970),,Chuquisaca,Compro Hecho en Bolivia (D.S.4505)
26-0138-00-1685751-1-1,Universidad Mayor Real Y Pontificia De San Francisco Xavier,Bienes,CND1,Adquisicion De Detergente Con Destino A La Unidad De Deportes.,False,2026-09-02,2026-09-07,Vigente,Roxana Isabel Cavero Gonzales (Telf: 6451970),,Chuquisaca,Compro Hecho en Bolivia (D.S.4505)
26-0138-00-1685759-1-1,Universidad Mayor Real Y Pontificia De San Francisco Xavier,Bienes,CND1,Compra De Lustramuebles Paray Limpiavidrios Capacidad De 1 Litro Frasco Con Atomizador Para La Direccion De Bienestar Social Estudiantil,False,2026-09-02,2026-09-07,Vigente,Roxana Isabel Cavero Gonzales (Telf: 6451970),,Chuquisaca,Compro Hecho en Bolivia (D.S.4505)
26-0138-00-1685760-1-1,Universidad Mayor Real Y Pontificia De San Francisco Xavier,Bienes,ANPE,"Segunda, Adquisicion De Insumos Medicos Para La Dispensacion Mediante Farmacia Del Hospital Universitario Sfx.",True,2026-09-02,2026-09-09,Vigente,Nestor Pallares Saavedra (Telf: 6451970),,Chuquisaca,NB-SABS (D.S.0181)
26-0138-00-1685763-1-1,Universidad Mayor Real Y Pontificia De San Francisco Xavier,Bienes,CND1,Adquisición De Dos Detergentes Granulados Para Rectorado De La Universidad Mayor Real Y Pontificia De San Francisco Xavier De Chuquisaca,False,2026-09-02,2026-09-07,Vigente,Roxana Isabel Cavero Gonzales (Telf: 6451970),,Chuquisaca,Compro Hecho en Bolivia (D.S.4505)
26-0138-00-1685765-1-1,Universidad Mayor Real Y Pontificia De San Francisco Xavier,Bienes,CNC,"Adquisicion De Agua Oxigenada, Povidona Locion Y Otros Para La Dispensacion Mediante Almacen Dependiente Del Hospital Universitario Sfx",True,2026-09-02,2026-09-09,Vigente,Roxana Isabel Cavero Gonzales (Telf: 6451970),,Chuquisaca,Compro Hecho en Bolivia (D.S.4505)
26-0138-00-1685775-1-1,Universidad Mayor Real Y Pontificia De San Francisco Xavier,Bienes,CNC,Tercera Adquisicion De Medicamentos Para La Dispensacion En La Unidad De Farmacia Del Hospital Universitario Sfx,True,2026-09-02,2026-09-09,Vigente,Roxana Isabel Cavero Gonzales (Telf: 6451970),,Chuquisaca,Compro Hecho en Bolivia (D.S.4505)
26-0138-00-1685785-1-1,Universidad Mayor Real Y Pontificia De San Francisco Xavier,Bienes,CM,"Adquisicion De Un Equipo De Gimnasio, Caminadora - Trotadora Para La Carrera De Kinesiologia Y Fisioterapia De La Facultad De Ciencias Tecnologicas De La Salud De La Universidad Mayor Real Y Pontificia De San Francisco Xavier De Chuquisaca",False,2026-09-02,2026-09-07,Vigente,Lizeth Graciela Ortega Zarate (Telf: 6451970),,Chuquisaca,NB-SABS (D.S.0181)
26-0139-25-1685618-1-1,Facultad De Ciencias Puras Y Naturales,Bienes,CND1,Compra De Papel Bond Blanco Tamaño Carta Para El Laboratorio De Calidad Ambiental,False,2026-09-02,2026-09-03,Vigente,Victor Hugo Borda Gemio (Telf: 2440280 - 2612935),,La Paz,Compro Hecho en Bolivia (D.S.4505)
26-0139-25-1685619-1-1,Facultad De Ciencias Puras Y Naturales,Bienes,CND1,Pgi- Compra De Meaterial De Limpieza Con Destino Al Postgrado En Informática,False,2026-09-02,2026-09-03,Vigente,Victor Hugo Borda Gemio (Telf: 2440280 - 2612935),,La Paz,Compro Hecho en Bolivia (D.S.4505)
26-0139-25-1685626-1-1,Facultad De Ciencias Puras Y Naturales,Bienes,CM,"Compra De Un Medidor De Mesa Ph/Ise, Con Destino Al Diplomado En Quimica Nuclear Y Radioquimica Dependiente De La Carrera De Ciencias Quimicas.",False,2026-09-02,2026-09-07,Vigente,Victor Hugo Borda Gemio (Telf: 2440280 - 2612935),,La Paz,NB-SABS (D.S.0181)
26-0140-00-1678712-0-E,Universidad Publica De El Alto Upea,Consultoria,CM,Contratación De Consultor En Linea Auxiliar De Kardex Para El Departamento De Idiomas De La Carrera De Lingüística E Idiomas,False,2026-09-02,,Contratado,Richard Machicado Castro (Telf: 2848070),,La Paz,NB-SABS (D.S.0181)
26-0140-00-1679013-0-E,Universidad Publica De El Alto Upea,Consultoria,CM,Contratación  De Consultor En Linea Auxiliar De Oficina Para El Departamento De Idiomas De La Carrera De Lingüística En Idiomas,False,2026-09-02,,Contratado,Richard Machicado Castro (Telf: 2848070),,La Paz,NB-SABS (D.S.0181)
26-0146-00-1685562-0-E,Universidad Autonoma Gabriel Rene Moreno,Consultoria,CM,Contratacion De Un Consultor Individual De Linea Para La Coordinacion Academica Del Semestre Ii De La Gestion 2026 De La Unidad De Postgrado De La Fca,False,2026-09-02,,Contratado,Mariela Lupita Sanchez Orellana (Telf: 3398516),,Santa Cruz,NB-SABS (D.S.0181)
26-0146-00-1685590-0-E,Universidad Autonoma Gabriel Rene Moreno,Consultoria,CM,"Contratacion De Un Consultor Individual De Linea Para Realizar La Ejecucion Del Programa De Diplomado En Educacion Continua ""Riego Tecnificado"" De La Carrera De Ingenieria Agricola En Montero",False,2026-09-02,,Contratado,Mariela Lupita Sanchez Orellana (Telf: 3398516),,Santa Cruz,NB-SABS (D.S.0181)
26-0146-00-1685627-1-1,Universidad Autonoma Gabriel Rene Moreno,Bienes,ANPP,"“Adquisicion De Inmobiliario, Pizarra Y Camilla Para Proyecto Idh: Equipamiento De Nuevos Ambientes De La Guarderia Infantil Universitaria Gabrielito De La Facultad De Humanidades”",True,2026-09-02,2026-09-15,Vigente,Jessica Rojas Melgar (Telf: 3398516),,Santa Cruz,NB-SABS (D.S.0181)
26-0146-00-1685631-0-E,Universidad Autonoma Gabriel Rene Moreno,Consultoria,CM,"Contratacion De Un Consultor Individual De Linea Para Realizar La Gestion De Cobranza De La Mora Correspondiente A Los Programas Postgraduales De Las Gestiones 2024, 2025 Y 2026 De La Unidad De Postgrado De La F.C.A.",False,2026-09-02,,Contratado,Mariela Lupita Sanchez Orellana (Telf: 3398516),,Santa Cruz,NB-SABS (D.S.0181)
26-0146-00-1685650-1-1,Universidad Autonoma Gabriel Rene Moreno,Bienes,ANPP,Adquisicion De Equipos Medicos Y De Laboratorio Para El Laboratorio Academico De La Carrera De Medicina - F.C.S.H.,True,2026-09-02,2026-09-14,Vigente,Marco Antonio Garcia Limachi (Telf: 3398516),,Santa Cruz,NB-SABS (D.S.0181)
26-0159-00-1685598-0-E,Oficina Tecnica Para El Fortalecimiento De La Empresa Publica,Consultoria,CM,Consultoría Individual De Línea - Profesional En Archivo,False,2026-09-02,,Contratado,Hector Adhemar Catacora Saavedra (Telf: 2121376 - 2129517 int 99),,La Paz,NB-SABS (D.S.0181)
26-0207-04-1677643-2-1,Agencia Nacional De Hidrocarburos,Servicios Generales,CM,Servicio De Mantenimiento Y Reparación De Vehículos Para La Dirección Distrital Pando En Cobija - Gestión 2026,False,2026-09-02,2026-09-07,Vigente,Beatriz Quino Ayllon (Telf: 2614000),,La Paz,NB-SABS (D.S.0181)
26-0221-00-1685289-1-1,Servicio Nacional De Registro Y Control De La Comercializacion De Minerales Y Metales - Senarecom,Bienes,CM,Adquisición De Material De Escritorio Para El Senarecom,False,2026-09-02,2026-09-07,Vigente,Jose Maria Tapia Tristan (Telf: 2154523),,La Paz,NB-SABS (D.S.0181)
26-0253-00-1662341-2-1,Entidad Ejecutora De Medio Ambiente Y Agua - Emagua,Obras,ANPP,Construcción Sistema De Agua Potable Iberia (San Lorenzo),True,2026-09-02,2026-09-16,Vigente,Nazly Joanne Najera Zarate (Telf: 2150363),,La Paz,NB-SABS (D.S.0181)
26-0253-00-1666078-2-1,Entidad Ejecutora De Medio Ambiente Y Agua - Emagua,Obras,ANPP,Construcción Sistema De Agua Potable Atoroma (Malla),True,2026-09-02,2026-09-16,Vigente,Nazly Joanne Najera Zarate (Telf: 2150363),,La Paz,NB-SABS (D.S.0181)
26-0253-00-1685554-1-1,Entidad Ejecutora De Medio Ambiente Y Agua - Emagua,Bienes,OF,Adquisicion De Material De Escritorio Y Limpieza Para El Programa Pascim 2026,False,2026-09-02,2026-09-14,Vigente,Jose Luis Molina Selaya (Telf: 2150363),,La Paz,Normativa del Financiador (BID)
26-0253-00-1685832-1-1,Entidad Ejecutora De Medio Ambiente Y Agua - Emagua,Obras,ANPP,Construcción Sistema De Agua Potable Carpahuasi Poroma,True,2026-09-02,2026-09-17,Vigente,Nazly Joanne Najera Zarate (Telf: 2150363),,La Paz,NB-SABS (D.S.0181)
26-0291-03-1685755-1-1,Administradora Boliviana De Carreteras - Regional Potosi,Obras,ANPP,Conser. Tramo Pt01 Kuchu Ingenio – Potosí – Puente Mendez (Sub Tramo Potosí – Kuchu Ingenio),True,2026-09-02,2026-09-15,Vigente,Grover Juan Teran Dueñas (Telf: 6230171 - 77479505),,Potosi,NB-SABS (D.S.0181)
26-0291-04-1672190-3-3,Administradora Boliviana De Carreteras - Regional Cochabamba,Obras,ANPP,Conser. Tramo Co03: Aiquile –La Palizada,True,2026-09-02,2026-09-16,Vigente,Ruben Julio Figueroa Miranda (Telf: 4492264),,Cochabamba,NB-SABS (D.S.0181)
26-0292-00-1676751-2-1,Vias Bolivia,Bienes,LP,Adquisición De Equipamiento Para La Instalación Del Sistema De Cobro Electrónico De Peaje De La Ruta Nacional Nro. 4,True,2026-09-02,2026-09-24,Vigente,Carla Veronica Jemio Carpio (Telf: 800-10-8427),,La Paz,NB-SABS (D.S.0181)
26-0292-00-1682804-2-1,Vias Bolivia,Servicios Generales,ANPE,Servicio De Mantenimiento Y Reparación De Vehículos De La Oficina Regional Tarija  Gestión 2026 - Segundo Semestre - Segunda Convocatoria,True,2026-09-02,2026-09-09,Vigente,Ronald Waldo  Malaga (Telf: 800-10-8427),,La Paz,NB-SABS (D.S.0181)
26-0292-00-1684012-1-1,Vias Bolivia,Bienes,CM,Adquisicion De Repuestos Para Mantenimiento De Balanza Movil De Pesaje,False,2026-09-02,2026-09-07,Vigente,Luz Mabel Olivera Amarildo (Telf: 800-10-8427),,La Paz,NB-SABS (D.S.0181)
26-0292-00-1685688-1-1,Vias Bolivia,Servicios Generales,CM,Servicio De Mantenimiento Y Ampliacion De La Estacion De Peaje Vila Vila De La Regional Oruro,False,2026-09-02,2026-09-08,Vigente,Joseph Alejandro Patana Peña (Telf: 800-10-8427),,La Paz,NB-SABS (D.S.0181)
26-0292-00-1685757-1-1,Vias Bolivia,Bienes,CND1,Adquisicion De Material De Limpieza E Higiene Para Las Estaciones De Peaje De Vias Bolivia Regional Oruro (D.S.4505 Compro Hecho En Bolivia) Gestion 2026,False,2026-09-02,2026-09-08,Vigente,Marisol Poma Alejandro (Telf: 800-10-8427),,La Paz,Compro Hecho en Bolivia (D.S.4505)
26-0314-00-1685806-0-E,Autoridad De Fiscalización De Electricidad Y Tecnologia Nuclear,Consultoria,CM,"""Consultoría Individual De Línea: Técnico Inspector Para Protección Al Consumidor - Potosí""",False,2026-09-02,,Contratado,Mildred Amparo Gonzales Gonzales (Telf: 2312401),,La Paz,NB-SABS (D.S.0181)
26-0340-00-1685638-0-E,Servicio General De Identificacion Personal,Consultoria,CM,Consultoria Individual De Linea - Profesional Especialista En Desarrollo De Contenidos Para Capacitacion Virtual - Direccion Nacional De Operaciones,False,2026-09-02,,Contratado,Daniel Cristobal Condori Góngora (Telf: 2117405 - 2141370),,La Paz,NB-SABS (D.S.0181)
26-0389-00-1647300-2-1,Navegacion Aerea Y Aeropuertos Bolivianos,Bienes,LP,Adquisicion De Repuestos Para Sistemas Dvor/Dme,True,2026-09-02,2026-09-23,Vigente,Javier Ramos Lopez (Telf: 2351305),,La Paz,NB-SABS (D.S.0181)
26-0389-00-1682639-1-1,Navegacion Aerea Y Aeropuertos Bolivianos,Servicios Generales,ANPE,"Servicio De Implementacion Y Mejora De Infraestructura De Red, Para La Regional La Paz",True,2026-09-02,2026-09-09,Vigente,Dania Rodriguez Miranda (Telf: 2351305),,La Paz,NB-SABS (D.S.0181)
26-0389-00-1685509-1-1,Navegacion Aerea Y Aeropuertos Bolivianos,Bienes,CM,Adquisicion De Cortadoras De Asfalto Para La Regional Beni,False,2026-09-02,2026-09-07,Vigente,Gabriela Cecilia Gonzales Subirana (Telf: 2351305),,La Paz,NB-SABS (D.S.0181)
26-0389-00-1685558-1-1,Navegacion Aerea Y Aeropuertos Bolivianos,Bienes,ANPP,Adquisición De Llantas Y Cámaras De Llanta Para Vehículos Y Equipos De La Regional La Paz,True,2026-09-02,2026-09-14,Vigente,Dania Rodriguez Miranda (Telf: 2351305),,La Paz,NB-SABS (D.S.0181)
26-0389-00-1685684-1-1,Navegacion Aerea Y Aeropuertos Bolivianos,Servicios Generales,ANPE,"Servicio De Elaboracion De Material Promocional Con Imagen Institucional De Estructuras Inflables Para Participar En Btls, Ferias, Presentaciones Y Actividades Comerciales (Las Regionales Cochabamba, La Paz, Santa Cruz, Beni Y La Nacional)",True,2026-09-02,2026-09-09,Vigente,Javier Ramos Lopez (Telf: 2351305),,La Paz,NB-SABS (D.S.0181)
26-0389-00-1685792-1-1,Navegacion Aerea Y Aeropuertos Bolivianos,Bienes,CM,Adquisicion De Hidrolavadoras Automaticas Industriales Para La Regional Beni,False,2026-09-02,2026-09-07,Vigente,Gabriela Cecilia Gonzales Subirana (Telf: 2351305),,La Paz,NB-SABS (D.S.0181)
26-0393-00-1685642-0-E,Entidad De Servicios Integrales De Acceso A La Justicia - Esij,Servicios Generales,CD,Servicio De Arrendamiento De Ambiente Para Oficinas De La Entidad De Servicios Integrales De Acceso A La Justicia - Potosi,False,2026-09-02,,Contratado,Dionne Yhasmin Zaballa Gutierrez (Telf: 68161916),,La Paz,NB-SABS (D.S.0181)
26-0417-01-1685843-1-1,Caja Nacional De Salud (Regional Tarija),Servicios Generales,ANPE,"Servicio De Mantenimiento Preventivo Correctivo, Autoclave Servicio De Esterilizacion Hies Obrero, Por Electromedicina.",True,2026-09-02,2026-09-08,Vigente,Hypatia Dimelsa Farfan Choque (Telf: 6642940),,Tarija,NB-SABS (D.S.0181)
26-0417-02-1685541-1-1,Caja Nacional De Salud (Regional Cobija),Bienes,CM,Insumos Resinas Odontologia,False,2026-09-02,2026-09-07,Vigente,Udale Tina Villegas Piloy (Telf: 8422409),,Pando,NB-SABS (D.S.0181)
26-0417-03-1665528-2-1,Caja Nacional De Salud Regional Santa Cruz ,Obras,ANPP,01 Obra  Mantenimiento Y Reparacion  De Edificios - Ambientes De Internación Y Consulta Del H.I.S.  Villa 1° De Mayo- Departamento Regional De Infraestructura,True,2026-09-02,2026-09-14,Vigente,Robert Cabrera Cuellar (Telf: 3-393354),,Santa Cruz,NB-SABS (D.S.0181)
26-0417-03-1680371-2-1,Caja Nacional De Salud Regional Santa Cruz ,Bienes,ANPE,"1.800 Ampolla Insulina Zinc Cristalina Recombinante Humana 100ui/Ml 
Supervision Regional De Farmacia",True,2026-09-02,2026-09-08,Vigente,Juan Gabriel Arancibia Coronado (Telf: 3-393354),,Santa Cruz,NB-SABS (D.S.0181)
26-0417-03-1685636-1-1,Caja Nacional De Salud Regional Santa Cruz ,Bienes,ANPE,"1930 Frasco/Solucion Latanoprost 50 Mcg/Ml
 Supervision Regional De Farmacia",True,2026-09-02,2026-09-08,Vigente,Robert Cabrera Cuellar (Telf: 3-393354),,Santa Cruz,NB-SABS (D.S.0181)
26-0417-04-1675644-2-1,Caja Nacional De Salud Regional Cochabamba,Bienes,ANPE,Cassette Sterrad 100 S,True,2026-09-02,2026-09-09,Vigente,Boris Javier Alarcon Hinojosa (Telf: 4234378),,Cochabamba,NB-SABS (D.S.0181)
26-0417-04-1685628-1-1,Caja Nacional De Salud Regional Cochabamba,Bienes,ANPP,Electrobisturi,True,2026-09-02,2026-09-15,Vigente,Danilo Rodriguez Yugar (Telf: 4234378),,Cochabamba,NB-SABS (D.S.0181)
26-0417-04-1685632-1-1,Caja Nacional De Salud Regional Cochabamba,Bienes,CNC,"Pregabalina 75 Mg  
",True,2026-09-02,2026-09-07,Vigente,Boris Javier Alarcon Hinojosa (Telf: 4234378),,Cochabamba,Compro Hecho en Bolivia (D.S.4505)
26-0417-04-1685647-1-1,Caja Nacional De Salud Regional Cochabamba,Bienes,CNC,"Atorvastatina 10 Mg
",True,2026-09-02,2026-09-07,Vigente,David Orlando Costas Urey (Telf: 4234378),,Cochabamba,Compro Hecho en Bolivia (D.S.4505)
26-0417-06-1685608-1-1,Caja Nacional De Salud (Regional Chuquisaca),Bienes,CM,Adquisicion De Monitor Multiparametrico Para El Servicio  De Ginecologia Hospital Jaime Mendoza,False,2026-09-02,2026-09-07,Vigente,Fernando Ivan Velázquez Torres (Telf: 64-53226),,Chuquisaca,NB-SABS (D.S.0181)
26-0417-09-1662000-1-2,Caja Nacional De Salud - Regional La Paz,Bienes,ANPE,"10 Items Instrumental Medico Menor Quirurgico. 
Servicio De Quirofano His Viacha",True,2026-09-02,2026-09-08,Vigente,Manuel Alejandro Almendro Lazarte (Telf: 2-901777),,La Paz,NB-SABS (D.S.0181)
26-0417-09-1667441-1-2,Caja Nacional De Salud - Regional La Paz,Bienes,CM,120 Rollo Papel Termosensible Para Ecografia. Imagenologia Cimfa Villa Fatima,False,2026-09-02,2026-09-07,Vigente,Maruzzinia Analid Gironda Ticona (Telf: 2-901777),,La Paz,NB-SABS (D.S.0181)
26-0417-09-1671543-1-2,Caja Nacional De Salud - Regional La Paz,Bienes,CM,1 Equipo. Microscopio Trinocular. Servicio De Laboratorio Cimfa Villa Adela,False,2026-09-02,2026-09-07,Vigente,Maruzzinia Analid Gironda Ticona (Telf: 2-901777),,La Paz,NB-SABS (D.S.0181)
26-0417-09-1674204-2-1,Caja Nacional De Salud - Regional La Paz,Bienes,ANPE,1 Equipo. Macrocentrifuga. Servicio De La Boratorio. Cimfa Miraflores,True,2026-09-02,2026-09-08,Vigente,Brayan Luis Cabrera Vera (Telf: 2-901777),,La Paz,NB-SABS (D.S.0181)
26-0417-09-1685330-1-1,Caja Nacional De Salud - Regional La Paz,Bienes,CM,250 Frasco Ácido Valpróico Ó Valproato Sódico 200 Mg/Ml. Supervision De Farmacia Regional La Paz,False,2026-09-02,2026-09-07,Vigente,Maruzzinia Analid Gironda Ticona (Telf: 2-901777),,La Paz,NB-SABS (D.S.0181)
26-0417-09-1685614-1-1,Caja Nacional De Salud - Regional La Paz,Bienes,ANPP,1 Equipo. Sistema Integrado De Vision Laparoscopica Full Hd. Servicio De Cirugia General. Haig Obrero N°1,True,2026-09-02,2026-09-14,Vigente,Brayan Luis Cabrera Vera (Telf: 2-901777),,La Paz,NB-SABS (D.S.0181)
26-0417-09-1685655-1-1,Caja Nacional De Salud - Regional La Paz,Bienes,ANPP,"1 Equipo. Sistema De Insuflacion Y Electrocirugia Laparoscopica. 
Servicio De Cirugia General. Haig Obrero N°1",True,2026-09-02,2026-09-14,Vigente,Manuel Alejandro Almendro Lazarte (Telf: 2-901777),,La Paz,NB-SABS (D.S.0181)
26-0417-09-1685673-1-1,Caja Nacional De Salud - Regional La Paz,Bienes,ANPP,"1 Equipo Sistema De Videograbacion Y Transporte Para Cirugia Laparoscopica. 
Servicio De Cirugia General. Haig Obrero N°1",True,2026-09-02,2026-09-14,Vigente,Manuel Alejandro Almendro Lazarte (Telf: 2-901777),,La Paz,NB-SABS (D.S.0181)
26-0417-09-1685696-1-1,Caja Nacional De Salud - Regional La Paz,Bienes,ANPP,3 Items De Instrumental Menor. Supervison De Odontologia Regional La Paz,True,2026-09-02,2026-09-14,Vigente,Brayan Luis Cabrera Vera (Telf: 2-901777),,La Paz,NB-SABS (D.S.0181)
26-0418-03-1675814-1-2,Caja Petrolera De Salud Departamental Cochabamba,Bienes,CM,Adquisicion Xilol P.A.,False,2026-09-02,2026-09-07,Vigente,Deisy Janeth Chacon Baldiviezo (Telf: 4512198),,Cochabamba,NB-SABS (D.S.0181)
26-0418-03-1685690-1-1,Caja Petrolera De Salud Departamental Cochabamba,Bienes,CM,Adquisicion Tela Bramante,False,2026-09-02,2026-09-07,Vigente,Deisy Janeth Chacon Baldiviezo (Telf: 4512198),,Cochabamba,NB-SABS (D.S.0181)
26-0418-03-1685699-1-1,Caja Petrolera De Salud Departamental Cochabamba,Bienes,CM,Adquisicion De Insumos Dispositivo Medico Para Uso En Quirofano I Declarado Desierto Ii,False,2026-09-02,2026-09-07,Vigente,Deisy Janeth Chacon Baldiviezo (Telf: 4512198),,Cochabamba,NB-SABS (D.S.0181)
26-0418-11-1685643-0-E,Caja Petrolera De Salud-Administracion Regional Sucre,Consultoria,CM,"Contratacion De Un Consultor Individual En Linea De Un Tecnico Y/O Licenciado En Bio-Imagenologia Para El Servicio De Imagenologia - Unidad De Tomografia Para La Caja Petrolera De Salud Regional Sucre, Gestion 2026",False,2026-09-02,,Contratado,Victor Hugo Duran Flores (Telf: 6454851),,Chuquisaca,NB-SABS (D.S.0181)
26-0424-08-1685721-1-1,Caja De Salud Cordes Regional Cochabamba,Bienes,CM,Adquisicion De Productos Farmaceuticos Medicamentos Menor Xxv,False,2026-09-02,2026-09-07,Vigente,Julio Cesar Huarachi Torricos (Telf: 4417000-44794820),,Cochabamba,NB-SABS (D.S.0181)
26-0513-00-1685538-0-E,Yacimientos Petroliferos Fiscales Bolivianos - Ypfb,Servicios Generales,OF,Servicio De Operador De Dispenser Ee.Ss. San Martin - I - Dctj,False,2026-09-02,,Contratado,Horacio Baldiviezo Raña (Telf: 2176300),,La Paz,Otra Normativa especifica nacional
26-0513-00-1685550-0-E,Yacimientos Petroliferos Fiscales Bolivianos - Ypfb,Consultoria,OF,"Consultoria Individual De Linea: Asistente I En Archivo Udaf-Drch
Codigo: Gcc-Cd-Drch-13-26",False,2026-09-02,,Contratado,Rene Raul Cruz Huarachi (Telf: 2176300),,La Paz,Otra Normativa especifica nacional
26-0513-00-1685587-0-E,Yacimientos Petroliferos Fiscales Bolivianos - Ypfb,Servicios Generales,CD,Servicio De Difusion En El Medio De Comunicacion Periodico Zonanorte De Hurtado Goitia Erika Patricia – Dcc,False,2026-09-02,,Contratado,Freddy Marcelino Andrade Mamani (Telf: 2176300),,La Paz,NB-SABS (D.S.0181)
26-0513-00-1685689-0-E,Yacimientos Petroliferos Fiscales Bolivianos - Ypfb,Consultoria,OF,"Consultoría Individual De Línea: Técnico Iii, En Contabilidad De Egresos Udaf-Drch",False,2026-09-02,,Contratado,Amparo Sofia Heredia Ururi (Telf: 2176300),,La Paz,Otra Normativa especifica nacional
26-0513-00-1685708-0-E,Yacimientos Petroliferos Fiscales Bolivianos - Ypfb,Servicios Generales,OF,Servicio Impresion Para Eess Dcor,False,2026-09-02,,Contratado,Claudia Maldonado Quisbert (Telf: 2176300),,La Paz,Otra Normativa especifica nacional
26-0513-00-1685722-0-E,Yacimientos Petroliferos Fiscales Bolivianos - Ypfb,Consultoria,OF,"Consultoría Individual De Línea: Técnico Ii, En Cálculo De Capacidad De Redes De Distribución, Uom-Dom-Grgd",False,2026-09-02,,Contratado,Amparo Sofia Heredia Ururi (Telf: 2176300),,La Paz,Otra Normativa especifica nacional
26-0513-00-1685768-0-E,Yacimientos Petroliferos Fiscales Bolivianos - Ypfb,Bienes,OF,Adquisición De Cadenas Para Plantas Engarrafadoras Dcor,False,2026-09-02,,Contratado,Claudia Maldonado Quisbert (Telf: 2176300),,La Paz,Otra Normativa especifica nacional
26-0513-00-1685781-0-E,Yacimientos Petroliferos Fiscales Bolivianos - Ypfb,Bienes,OF,Adquisición De Repuestos Para Planta Engarrafadora Palmasola I Y Puerto Suarez - Dcor,False,2026-09-02,,Contratado,Claudia Maldonado Quisbert (Telf: 2176300),,La Paz,Otra Normativa especifica nacional
26-0513-00-1685804-0-E,Yacimientos Petroliferos Fiscales Bolivianos - Ypfb,Bienes,OF,Adquisicion De Banderas Para La Gnee,False,2026-09-02,,Contratado,Maria Fernanda Gutierrez Peña (Telf: 2176300),,La Paz,Otra Normativa especifica nacional
26-0514-00-1684346-1-1,Empresa Nacional De Electricidad - Ende,Bienes,LP,Adquisicion De Repuestos Electromecanicos Para Grupos Generadores - Planta Bahia - Sistema Cobija - Gestion 2026 - Rcbj,True,2026-09-02,2026-09-24,Vigente,Celida Acosta Diaz (Telf: 4520317-2312865),,Cochabamba,NB-SABS (D.S.0181)
26-0517-00-1685398-1-1,Corporacion Minera De Bolivia - Comibol,Bienes,CM,Compra De Repuestos Para La Camioneta Toyota Hilux 2322-Und Perteneciente A La Unidad De Ucresu,False,2026-09-02,2026-09-07,Vigente,Victor Hugo Chura Rojas (Telf: 2682100 - 2682107-2901106),,La Paz,NB-SABS (D.S.0181)
26-0517-02-1671672-2-1,Empresa Minera Huanuni,Bienes,LP,Adquisicion De Maquinas Perforadoras (Emh-Mina-Inv-2026),True,2026-09-02,2026-09-24,Vigente,Jhon Milo Rodriguez Reyes (Telf: 25520033 - 25520034),,Oruro,NB-SABS (D.S.0181)
26-0517-02-1674879-1-2,Empresa Minera Huanuni,Servicios Generales,ANPP,Servicio De Alimentacion Completa Para La Policia Boliviana (Vig-Emh-2026),True,2026-09-02,2026-09-15,Vigente,Jhon Milo Rodriguez Reyes (Telf: 25520033 - 25520034),,Oruro,NB-SABS (D.S.0181)
26-0517-02-1685574-1-1,Empresa Minera Huanuni,Bienes,ANPP,Adquisicion De Maquinaria Y Equipo (Const-Emh-2026),True,2026-09-02,2026-09-16,Vigente,Jhon Milo Rodriguez Reyes (Telf: 25520033 - 25520034),,Oruro,NB-SABS (D.S.0181)
26-0517-02-1685646-1-1,Empresa Minera Huanuni,Bienes,ANPE,Adquisiciones De Licencias Para Pc (Emh-Os-2026),True,2026-09-02,2026-09-14,Vigente,Jhon Milo Rodriguez Reyes (Telf: 25520033 - 25520034),,Oruro,NB-SABS (D.S.0181)
26-0517-02-1685654-1-1,Empresa Minera Huanuni,Bienes,ANPE,Adquisicion De Cemento Pedido 2 (Const-Emh-2026),True,2026-09-02,2026-09-14,Vigente,Jhon Milo Rodriguez Reyes (Telf: 25520033 - 25520034),,Oruro,NB-SABS (D.S.0181)
26-0517-02-1685671-1-1,Empresa Minera Huanuni,Bienes,ANPE,Adquisicion De Rodamientos Diferentes Medidas Y Otros (Emh-Pp-2026),True,2026-09-02,2026-09-11,Vigente,Jhon Milo Rodriguez Reyes (Telf: 25520033 - 25520034),,Oruro,NB-SABS (D.S.0181)
26-0517-02-1685707-1-1,Empresa Minera Huanuni,Bienes,CM,Adquisicion De Maquinaria Y Equipo Electrico (Const-Emh-2026),False,2026-09-02,2026-09-08,Vigente,Jhon Milo Rodriguez Reyes (Telf: 25520033 - 25520034),,Oruro,NB-SABS (D.S.0181)
26-0517-08-1678531-2-1,Empresa Minera Colquiri,Bienes,ANPE,Clq-26-Anpe-455/2026 Adquisición De Balanza De Piso Capacidad 3000 Kg (Segunda Convocatoria),True,2026-09-02,2026-09-10,Vigente,Franz Merlo Merlo Charca (Telf: 68350816-68350810),,La Paz,NB-SABS (D.S.0181)
26-0517-08-1685526-1-1,Empresa Minera Colquiri,Bienes,ANPP,Clq-26-Anpe-412/2026 Adquisicion De Accesorios Hdpe Pn16 De Diferentes Medidas,True,2026-09-02,2026-09-14,Vigente,Franz Merlo Merlo Charca (Telf: 68350816-68350810),,La Paz,NB-SABS (D.S.0181)
26-0517-08-1685528-1-1,Empresa Minera Colquiri,Servicios Generales,ANPP,Clq-26-Anpe-351/2026 Servicio De Estudio Electrico En General Para Migración De Winche San Jose De La Empresa Minera Colquiri,True,2026-09-02,2026-09-15,Vigente,Rilberth Cristhian Villegas Marca (Telf: 68350816-68350810),,La Paz,NB-SABS (D.S.0181)
26-0517-08-1685546-1-1,Empresa Minera Colquiri,Bienes,ANPE,"Clq-26-Anpe-290/2026 Adquisición De Pernos, Tuercas Y Arandelas De Diferentes Medidas.",True,2026-09-02,2026-09-10,Vigente,Franz Merlo Merlo Charca (Telf: 68350816-68350810),,La Paz,NB-SABS (D.S.0181)
26-0517-08-1685575-1-1,Empresa Minera Colquiri,Bienes,ANPE,Clq-26-Anpe-390/2026 Adquisición De Grapas (Eclises) Para Malla De Vibradoras,True,2026-09-02,2026-09-10,Vigente,Franz Merlo Merlo Charca (Telf: 68350816-68350810),,La Paz,NB-SABS (D.S.0181)
26-0517-08-1685593-1-1,Empresa Minera Colquiri,Bienes,ANPE,Clq-26-Anpe-376/2026 Adquisición De Balanzas Marcy Para Laboratorio Metalurgico,True,2026-09-02,2026-09-10,Vigente,Franz Merlo Merlo Charca (Telf: 68350816-68350810),,La Paz,NB-SABS (D.S.0181)
26-0517-08-1685625-1-1,Empresa Minera Colquiri,Bienes,ANPE,Clq-26-Anpe-435/2026 Adquisición De Antiincrustante Wet Mining Antescale 108,True,2026-09-02,2026-09-10,Vigente,Franz Merlo Merlo Charca (Telf: 68350816-68350810),,La Paz,NB-SABS (D.S.0181)
26-0517-08-1685685-1-1,Empresa Minera Colquiri,Bienes,ANPE,Clq-26-Anpe-387/2026 Adquisición De Tuberias Y Accesorios De Diferentes Medidas En Pvc,True,2026-09-02,2026-09-10,Vigente,Franz Merlo Merlo Charca (Telf: 68350816-68350810),,La Paz,NB-SABS (D.S.0181)
26-0517-08-1685726-1-1,Empresa Minera Colquiri,Servicios Generales,ANPP,"Clq-26-Anpe-172/2026 Implementacion Tendido De Linea Electrica Trifasica De 6,6 Kv Desde S/E A Bocamina San Juanillo De La Empresa Minera Colquiri",True,2026-09-02,2026-09-15,Vigente,Bernardino Bautista Mamani (Telf: 68350816-68350810),,La Paz,NB-SABS (D.S.0181)
26-0517-08-1685741-1-1,Empresa Minera Colquiri,Bienes,ANPE,Clq-26-Anpe-251/2026 Adquisición De Filtros Para Equipos De Perforacion Electrohidraulico,True,2026-09-02,2026-09-11,Vigente,Franz Merlo Merlo Charca (Telf: 68350816-68350810),,La Paz,NB-SABS (D.S.0181)
26-0517-08-1685787-1-1,Empresa Minera Colquiri,Bienes,ANPE,Clq-26-Anpe-177/2026 Adquisición De  Extractores Hidraulicos – Mecanicos Para Taller Electrico,True,2026-09-02,2026-09-11,Vigente,Franz Merlo Merlo Charca (Telf: 68350816-68350810),,La Paz,NB-SABS (D.S.0181)
26-0517-08-1685814-1-1,Empresa Minera Colquiri,Bienes,ANPE,Clq-26-Anpe-324/2026 Adquisición De Plancha De Acero Antidesgaste Para Skip Y Buzones,True,2026-09-02,2026-09-11,Vigente,Franz Merlo Merlo Charca (Telf: 68350816-68350810),,La Paz,NB-SABS (D.S.0181)
26-0520-00-1685534-1-1,Empresa Metalurgica Vinto - Nacionalizada,Bienes,ANPE,Adquisición De Coletos De Cuero Y Guantes Dieléctrico,True,2026-09-02,2026-09-08,Vigente,Jhenny Mostacedo Flores (Telf: 252-78091 - 252-78098),,Oruro,NB-SABS (D.S.0181)
26-0548-00-1685463-1-1,Cofadena Oficina Central,Bienes,ANPP,"Adquisición De Repuestos Y Accesorios Para Realizar El Mantenimiento Preventivo – Correctivo De Equipo Pesado Y Liviano, En Cumplimiento A Instructivos Cite: Upcm-G: 114/2026, Cite: Upcm-G: 115/2026, Cite: Upcm-G: 170/2026, Cite: Upcm-G: 153/2026",True,2026-09-02,2026-09-15,Vigente,Luis Claudio Condori Castillo (Telf: 2433810),,La Paz,NB-SABS (D.S.0181)
26-0548-00-1685553-1-1,Cofadena Oficina Central,Bienes,CM,"Adquisicion De Un (1) Refrigerador - Congelador Vertical De Cuatro (4) Puertas Para La Produccion De Rmc, En La Ciudad De Cochabamba",False,2026-09-02,2026-09-07,Vigente,Stephanie Rodriguez Burgoa (Telf: 2433810),,La Paz,NB-SABS (D.S.0181)
26-0578-00-1684989-0-E,Empresa Publica Nacional Estrategica Boliviana De Aviacion - Bo A,Bienes,CD,(Gm-627) Compra De Productos Aeronauticos Pn: 5-89356-41,False,2026-09-02,,Contratado,Elizabeth Triveno Pedro (Telf: 4150000),,Cochabamba,D.S. 26688
26-0578-00-1685566-0-E,Empresa Publica Nacional Estrategica Boliviana De Aviacion - Bo A,Bienes,CD,(Gm-633) Compra De Productos Aeronáuticos Pn: 91p043-01,False,2026-09-02,,Contratado,Elizabeth Triveno Pedro (Telf: 4150000),,Cochabamba,D.S. 26688
26-0586-00-1685616-1-1,"Empresa Azucarera San Buenaventura ""Easba""",Bienes,CM,Adquisicion De Materiales Y Reactivos Para Laboratorios Industriales I,False,2026-09-02,2026-09-07,Vigente,Maria Angela Rodriguez Benito (Telf: 2145019),,La Paz,NB-SABS (D.S.0181)
26-0595-00-1685592-0-E,Gestora Publica De La Seguridad Social De Largo Plazo,Consultoria,CM,G26-Grori-Servicio De Consultoria Individual De Linea - Gestor De Operaciones - Consultor Xiii Agencia Montero,False,2026-09-02,,Contratado,Walter Luis Chuquimia Choque (Telf: 2188400),,La Paz,NB-SABS (D.S.0181)
26-0650-01-1660039-1-2,Camara De Senadores,Bienes,ANPP,"""Adquisiciónde Equipos De Computacion Para La Camara De Senadores""",True,2026-09-02,2026-09-14,Vigente,Deysi Irma Vega Guzman (Telf: 2158803),,La Paz,NB-SABS (D.S.0181)
26-0660-08-1685762-1-1,Direccion Administrativa Y Financiera - Organo Judicial - Beni,Bienes,ANPE,"2da. Adquisicion De Accesorios De Computacion Para El Organo Judicial Del Beni, Gestion 2026",True,2026-09-02,2026-09-09,Vigente,Victor Hugo Matorra Vargas (Telf: 4622692),,Beni,NB-SABS (D.S.0181)
26-0660-12-1685589-0-E,Direccion Administrativa Y Financiera - Organo Judicial - Chuquisaca,Consultoria,CM,Contratacion De 2 Consultores Individuales De Linea Para Apoyo En La Sub Unidada De Activos Fijos De Oficina Departamental Administrativa Y Financiera De Chuquisaca - Daf  Organo Judicial Del Tribunal Departamental De Justicia De Chuquisasca,False,2026-09-02,,Contratado,Vania Nayeli Cuellar Ortuño (Telf: 64-57136),,Chuquisaca,NB-SABS (D.S.0181)
26-0660-12-1685672-1-1,Direccion Administrativa Y Financiera - Organo Judicial - Chuquisaca,Bienes,ANPE,Adquisicion De Accesorios Disco Solido Ssd Y Mouse Para Stock De Almacen Del Tribunal Departamental De Justicia De Chuquisaca,True,2026-09-02,2026-09-09,Vigente,Karen Paola Saravia Lopez (Telf: 64-57136),,Chuquisaca,NB-SABS (D.S.0181)
26-0660-14-1685706-1-1,Direccion Administrativa Y Financiera - Organo Judicial - Cochabamba,Bienes,CM,"Tercera Adquisicion De Unidades De Imagen Para Impresoras Lexmark, Para El Organo Judicial De Cochabamba",False,2026-09-02,2026-09-07,Vigente,Dayana Fabiola Mirabal Sangueza (Telf: 4050074 - 71430604),,Cochabamba,NB-SABS (D.S.0181)
26-0681-00-1685578-1-1,Ministerio Publico,Bienes,CM,Adquisicion De 50 Telefonos Ip Para El Ministerio Publico,False,2026-09-02,2026-09-07,Vigente,Hector Jairo Arancibia Apaza (Telf: 6461606),,Chuquisaca,NB-SABS (D.S.0181)
26-0682-00-1685569-0-E,Defensoría Del Pueblo,Consultoria,CM,"Consultoría Individual De Línea Administrativo Apoyo En La Producción Para Redes Sociales De La Unidad De Comunicación, Difusión Y Promoción Estratégica",False,2026-09-02,,Contratado,Beatriz Quirhua Quisbert (Telf: 2113600),,La Paz,NB-SABS (D.S.0181)
26-0831-00-1685657-1-1,Servicio Local Acueducto Y Alcantarillado - Sela Oruro,Consultoria,ANPE,"Servicio De Consultoría Para  Inventariación,  Revalorización Técnica De Activos Fijos Del Sela Gestión 2026",False,2026-09-02,2026-09-08,Vigente,Roberto Franco Choque Blaz (Telf: 5247701),,Oruro,NB-SABS (D.S.0181)
26-0901-05-1685798-1-1,Servicio Departamental De Gestion Social Chuquisaca,Bienes,CND1,"Adquisición De Alimentos Secos (Aceite, Api, Arroz, Azúcar Y Otros) Para Los Adultos Mayores Del Comedor Del Municipio De  Tarvita, Correspondiente A Los Meses De Septiempre A Diciembre De La Gestión 2026, Dependientes Del Servicio Departamental De Gestión Social Chuquisaca.",False,2026-09-02,2026-09-07,Vigente,Kevin Villavicencio Rodriguez (Telf: 75792285),,Chuquisaca,Compro Hecho en Bolivia (D.S.4505)
26-0901-05-1685805-1-1,Servicio Departamental De Gestion Social Chuquisaca,Bienes,CND1,"Adquisición De Alimentos Secos (Aceite, Api, Arroz, Azúcar Y Otros) Para Los Adultos Mayores Del Comedor Del Municipio De Tarabuco, Correspondiente A Los Meses De Septiembre A Diciembre De La Gestión 2026, Dependientes Del Servicio Departamental De Gestión Social Chuquisaca.",False,2026-09-02,2026-09-07,Vigente,Kevin Villavicencio Rodriguez (Telf: 75792285),,Chuquisaca,Compro Hecho en Bolivia (D.S.4505)
26-0901-05-1685807-1-1,Servicio Departamental De Gestion Social Chuquisaca,Bienes,CND1,"Adquisición De Alimentos Secos (Aceite, Api, Arroz, Azúcar Y Otros) Para Los Adultos Mayores Del Comedor Del Municipio De  Zudañez, Correspondiente A Los Meses De Septiempre A Diciembre De La Gestión 2026, Dependientes Del Servicio Departamental De Gestión Social Chuquisaca.",False,2026-09-02,2026-09-07,Vigente,Kevin Villavicencio Rodriguez (Telf: 75792285),,Chuquisaca,Compro Hecho en Bolivia (D.S.4505)
26-0902-00-1685310-0-E,Gobierno Autónomo Departamental De La Paz,Consultoria,CM,Contratacion De Servicio De Consultoria Por Producto Para La Implementacion Del Correo Electronico Institucional Y Servidor Gateway De Seguridad Gadlp,False,2026-09-02,,Contratado,Wanda Geraldine Cabrera Chambi (Telf: 2202567),,La Paz,NB-SABS (D.S.0181)
26-0902-00-1685352-0-E,Gobierno Autónomo Departamental De La Paz,Consultoria,CM,"Consultor Individual De Linea: Tecnico Ii - Chofer Prensa I, ""Prog. Fortalecimiento De La Comunicacion Institucional Con Vision Participativa E Integradora""",False,2026-09-02,,Contratado,Wanda Geraldine Cabrera Chambi (Telf: 2202567),,La Paz,NB-SABS (D.S.0181)
26-0902-05-1685624-0-E,Escuela Industrial Superior Pedro Domingo Murillo,Bienes,CM,Adquisición De Material Eléctrico Para Baja Tencion,False,2026-09-02,,Contratado,James Juan Saravia Zambrana (Telf: 2306553),,La Paz,NB-SABS (D.S.0181)
26-0902-42-1685563-1-1,Instituto Nacional Del Torax,Bienes,CNC,"Adquision De Furosemida ( Comprimido Y Inyectable) Y Acetil Cisteína Para La Atención De Los Pacientes De Las Unidades De Cirugía, Cardiología, Neumología, Emergencias, Unidades De Cuidados Intensivos, Quirófano Para La Segunda Quincena De Septiembre Gestión 2026.",True,2026-09-02,2026-09-08,Vigente,Maria Antonieta Quispe Quispe (Telf: 2-226475 / 2-226464),,La Paz,Compro Hecho en Bolivia (D.S.4505)
26-0902-42-1685581-1-1,Instituto Nacional Del Torax,Bienes,CNC,"Adquision De Vancomicina, Clindamicina Y Metronidazol Para La Atencion De Pacientes De Las Unidades De Cirugia, Cardiologia, Neumologia, Emergencias, Uti, Quirofano Para La Segunda Quincena De Septiembre Gestion 2026",True,2026-09-02,2026-09-08,Vigente,Maria Antonieta Quispe Quispe (Telf: 2-226475 / 2-226464),,La Paz,Compro Hecho en Bolivia (D.S.4505)
26-0902-43-1685288-1-1,Hospital Del Norte,Bienes,ANPE,Adquisicion De Instrumental Cirugia Vascular Hdn-2026,True,2026-09-02,2026-09-09,Vigente,Juan Braulio Mollo Laime (Telf: 2864070),,La Paz,NB-SABS (D.S.0181)
26-0902-44-1685395-1-1,Banco De Sangre De Referencia Departamental De La Paz - Hemocentro ,Bienes,ANPE,"Adquisición De Antisueros Para La Determinación De Grupo Sanguineo: Anti-A, Anti-B, Anti-Ab, Anti-D Y Rhesus Control X 10 Ml",True,2026-09-02,2026-09-09,Vigente,Yhayra Natali Escalante Cassi (Telf: 2245177),,La Paz,NB-SABS (D.S.0181)
26-0902-44-1685420-1-1,Banco De Sangre De Referencia Departamental De La Paz - Hemocentro ,Bienes,ANPE,Adquisición De Un Container Para Archivo,True,2026-09-02,2026-09-09,Vigente,Yhayra Natali Escalante Cassi (Telf: 2245177),,La Paz,NB-SABS (D.S.0181)
26-0903-06-1685716-1-1,Servicio Departamental De Caminos  - Cochabamba,Servicios Generales,CM,Servicio De Impresion De Formularios Pre- Impresos Para El Sedcam - Gest 2026,False,2026-09-02,2026-09-07,Vigente,Lizeth Rocio Chiri Aczama (Telf: 4299380),,Cochabamba,NB-SABS (D.S.0181)
26-0904-02-1685613-1-1,Servicio Departamental De Gestion Social - Oruro,Bienes,CM,"Adquisición De Útiles Educacionales, Culturales Y De Capacitación Para Los Centros Infantiles Del Programa Departamental De Apoyo A La Estimulación Temprana Y Desarrollo Adolescente Se.De.Ge.S. Gestión 2026",False,2026-09-02,2026-09-07,Vigente,Gabriela Beatriz Gutierrez Beltran (Telf: -),,Oruro,NB-SABS (D.S.0181)
26-0905-00-1684210-1-1,Gobierno Autónomo Departamental De Potosí,Obras,LP,Const. Tinglado Y Aulas U. E. Hernán Siles Suazo Comunidad Yusfaya Municipio De Pocoata,True,2026-09-02,2026-09-25,Vigente,Heydi Magali Ramos Marca (Telf: 6226431 - 73891341),,Potosi,NB-SABS (D.S.0181)
26-0905-01-1678359-1-2,Servicio Departamental De Gestion Social - Potosi,Bienes,ANPP,Contratacion De Proveedor/A De  Alimentos Frescos  (Carnes) Para Centros De  Acogida De La  Ciudad - Gestion  2026,True,2026-09-02,2026-09-14,Vigente,Milan Gregorio Chavez Sequeiros (Telf: 6222962 - 63018793),,Potosi,NB-SABS (D.S.0181)
26-0905-01-1685571-1-1,Servicio Departamental De Gestion Social - Potosi,Obras,ANPE,Instalacion De Gas Domiciliario Para El Centro De Acogida Aurora Juarez De Oporto,True,2026-09-02,2026-09-08,Vigente,Milan Gregorio Chavez Sequeiros (Telf: 6222962 - 63018793),,Potosi,NB-SABS (D.S.0181)
26-0905-01-1685710-1-1,Servicio Departamental De Gestion Social - Potosi,Bienes,CND1,Adquisicion  De Material De Limpieza Para Todas Las Unidades Dependientes Del Sedeges,False,2026-09-02,2026-09-04,Vigente,Milan Gregorio Chavez Sequeiros (Telf: 6222962 - 63018793),,Potosi,Compro Hecho en Bolivia (D.S.4505)
26-0905-06-1685601-1-1,Servicio Departamental De Caminos - Potosi,Servicios Generales,CM,Mantenimiento De Vias De Comunicación Manual Rutinario Para La Conservacion Del Camino: Villazon-Berque- Casira Grande-Sarcari- Valle Rico-Chuqui-Esmoraca,False,2026-09-02,2026-09-08,Vigente,Nelson Alberto Ortega Estrada (Telf: 6222061-61649000-77868349),,Potosi,NB-SABS (D.S.0181)
26-0905-06-1685819-1-1,Servicio Departamental De Caminos - Potosi,Servicios Generales,CM,Mantenimiento Vial Manual Rutinario Para La Conservacion Del Camino Tramo: Caiza D-Toropalca-Tumusla,False,2026-09-02,2026-09-08,Vigente,Nelson Alberto Ortega Estrada (Telf: 6222061-61649000-77868349),,Potosi,NB-SABS (D.S.0181)
26-0906-00-1685754-1-1,Gobierno Autónomo Departamental De Tarija,Bienes,CND1,Solicitud De Alimentos Carnicos Para  Los Hogares De Tarija  Para El Mes De Septiembre,False,2026-09-02,2026-09-07,Vigente,Cinthya Susana Machicado Castillo (Telf: 72990919),,Tarija,Compro Hecho en Bolivia (D.S.4505)
26-0906-00-1685770-1-1,Gobierno Autónomo Departamental De Tarija,Bienes,CND1,Solicitud De Alimentos Secos Para Los Hogares De Tarija Para Septiembre,False,2026-09-02,2026-09-07,Vigente,Cinthya Susana Machicado Castillo (Telf: 72990919),,Tarija,Compro Hecho en Bolivia (D.S.4505)
26-0906-00-1685773-1-1,Gobierno Autónomo Departamental De Tarija,Bienes,CND1,Solicitud De Alimentos Carnicos Para Hogares De  Bermejo Del Mes De Septiembre,False,2026-09-02,2026-09-07,Vigente,Cinthya Susana Machicado Castillo (Telf: 72990919),,Tarija,Compro Hecho en Bolivia (D.S.4505)
26-0906-03-1685560-1-1,Servicio Departamental De Salud Tarija - Sedes,Bienes,CNC,Adquisicion De Diferentes Medicamentos 4 De Junio Para El Hospital San Juan De Dios ,True,2026-09-02,2026-09-08,Vigente,Briseida Sonia Carrasco Soliz (Telf: 4-6643257),,Tarija,Compro Hecho en Bolivia (D.S.4505)
26-1101-00-1655715-2-2,Gobierno Autonomo Municipal De Sucre,Obras,ANPE,Construccion Pavimento Rigido Calle S/D J.V. Barrio Lindo,True,2026-09-02,2026-09-09,Vigente,Mario Wilder Torres Echalar (Telf: 6456185 ),,Chuquisaca,NB-SABS (D.S.0181)
26-1101-00-1670611-2-2,Gobierno Autonomo Municipal De Sucre,Obras,ANPE,Construccion Alcantarillado Pluvial Calle S/D J.V. Senda Nueva,True,2026-09-02,2026-09-09,Vigente,Victor Hugo Arancibia Hinojosa (Telf: 6456185 ),,Chuquisaca,NB-SABS (D.S.0181)
26-1101-00-1680089-2-1,Gobierno Autonomo Municipal De Sucre,Obras,ANPE,Construccion Pavimento Rigido Calle S/D J.V. Villa Tunari,True,2026-09-02,2026-09-09,Vigente,Mario Wilder Torres Echalar (Telf: 6456185 ),,Chuquisaca,NB-SABS (D.S.0181)
26-1101-00-1685695-1-1,Gobierno Autonomo Municipal De Sucre,Bienes,CND1,Adquisición De Materiales Metálicos Para La Reducción Del Riesgo De Desastre Y Protección De Los Predios Agrícolas Comunidad Sunchu Pampa Maracury Chaunaca Baja. ,False,2026-09-02,2026-09-04,Vigente,Mauricio Azurduy Martinez (Telf: 6456185 ),,Chuquisaca,Compro Hecho en Bolivia (D.S.4505)
26-1101-00-1685701-1-1,Gobierno Autonomo Municipal De Sucre,Bienes,CM,Adquisicion De Transformador Monofasico De 15 Kva Para El Funcionamiento Del Sistema De Bombeo De Agua Segura Para Consumo Humano De La Comunidad De La Palma,False,2026-09-02,2026-09-07,Vigente,Juan Carlos Peterito Medrano (Telf: 6456185 ),,Chuquisaca,NB-SABS (D.S.0181)
26-1101-00-1685709-1-1,Gobierno Autonomo Municipal De Sucre,Servicios Generales,CM,Contratacion De Servicio De Mantenimiento Campo Deportivo Chayanta Del Distrito 3,False,2026-09-02,2026-09-07,Vigente,Juan Carlos Peterito Medrano (Telf: 6456185 ),,Chuquisaca,NB-SABS (D.S.0181)
26-1101-00-1685717-1-1,Gobierno Autonomo Municipal De Sucre,Servicios Generales,CM,Contratacion De Servicio De Mantenimiento Salon Multifuncional J.V. Villa Tunari Del Distrito Nº3,False,2026-09-02,2026-09-07,Vigente,Juan Carlos Peterito Medrano (Telf: 6456185 ),,Chuquisaca,NB-SABS (D.S.0181)
26-1101-04-1685677-1-1,Hospital San Pedro Claver,Bienes,CNC,"“Adquisición De Oxigeno Medicinal Para El Hospital San Pedro Claver Con Recursos Del (S.U.S.) Ley 1152, Para La Gestión 2026”",True,2026-09-02,2026-09-07,Vigente,Julian Moises Flores Sola (Telf: 6451667),,Chuquisaca,Compro Hecho en Bolivia (D.S.4505)
26-1115-00-1685610-1-1,Gobierno Autonomo Municipal De Monteagudo,Bienes,CM,Adquisición De Llantas Para Maquinaria Motoniveladora Jonh Deere 670g,False,2026-09-02,2026-09-07,Vigente,Jeidy Mariela Quiroga Paniagua (Telf: 64688122),,Chuquisaca,NB-SABS (D.S.0181)
26-1121-00-1685747-1-1,Gobierno Autonomo Municipal De Incahuasi,Bienes,CM,Adquisicion De Material De Escritorio Para Los Centros Y Puestos De Salud Del Municipio De Incahuasi Y Para El Personal Del Programa Ministerial Mi Salud.,False,2026-09-02,2026-09-07,Vigente,Luis Hector Almazan Cano (Telf: 4-6937724),,Chuquisaca,NB-SABS (D.S.0181)
26-1201-00-1670220-2-1,Gobierno Autonomo Municipal De La Paz,Obras,ANPE,"Reconstruccion Acceso Peatonal, Graderias Y Obras Complementarias Pasaje Abdon Saavedra Zona Adela Zamudio",True,2026-09-02,2026-09-09,Vigente,Nicolasa Rogelia Lucana Huallpa (Telf: 2650000),,La Paz,NB-SABS (D.S.0181)
26-1201-00-1670245-2-1,Gobierno Autonomo Municipal De La Paz,Obras,ANPE,"Construccion Encarpetado, Muros Y Obras Complementarias Calle Aranzaes Entre Calle Mariano Armaza Y Calle S/N Zona Adela Zamudio",True,2026-09-02,2026-09-09,Vigente,Nicolasa Rogelia Lucana Huallpa (Telf: 2650000),,La Paz,NB-SABS (D.S.0181)
26-1201-00-1680520-2-1,Gobierno Autonomo Municipal De La Paz,Obras,ANPE,Construccion Graderias Y Obras Complementarias Calle Mejillones Entre Calle Las Flores Y Calle 23 De Marzo Zona 1 De Mayo Constructores,True,2026-09-02,2026-09-09,Vigente,Jerson Plata Quisbert (Telf: 2650000),,La Paz,NB-SABS (D.S.0181)
26-1201-00-1685452-1-1,Gobierno Autonomo Municipal De La Paz,Servicios Generales,ANPE,Servicio De Procesamiento Y Transmision De Datos Para Sistemas Administradores Por La Dt - Gestion 2026,True,2026-09-02,2026-09-09,Vigente,Filomena Penaloza Argollo (Telf: 2650000),,La Paz,NB-SABS (D.S.0181)
26-1201-00-1685532-1-1,Gobierno Autonomo Municipal De La Paz,Bienes,CND1,Adquisicion Material Quita Sarro Y Otros Distrito 9 Subalcaldia Ii Maximiliano Paredes Gestion 2026,False,2026-09-02,2026-09-07,Vigente,Ilse Ivette Ticona Ticona (Telf: 2650000),,La Paz,Compro Hecho en Bolivia (D.S.4505)
26-1203-00-1685523-1-1,Gobierno Autonomo Municipal De Mecapaca,Bienes,ANPE,Adquisicion De Datashow Para Unidades Educativas Del Municipio De Mecapaca,True,2026-09-02,2026-09-08,Vigente,Javier Andres Flores Mamani (Telf: 2-749042),,La Paz,NB-SABS (D.S.0181)
26-1204-00-1685175-0-E,Gobierno Autónomo Municipal Ecológico Productivo De Achocalla,Consultoria,CM,Responsable De Farmacia C.S. Vergel D-9,False,2026-09-02,,Contratado,Judith Maura Gamboa Larico (Telf: 2890084),,La Paz,NB-SABS (D.S.0181)
26-1204-00-1685652-0-E,Gobierno Autónomo Municipal Ecológico Productivo De Achocalla,Consultoria,CM,Apoyo Con Rrhh A Genero Generacional (Profesional Trabajador (A) Social D-9),False,2026-09-02,,Contratado,Alvaro Chamizo Gutierrez (Telf: 2890084),,La Paz,NB-SABS (D.S.0181)
26-1204-00-1685665-0-E,Gobierno Autónomo Municipal Ecológico Productivo De Achocalla,Consultoria,CM,Apoyo Con Rrhh A Genero Generacional (Profesional Abogado (A) Slim D-9),False,2026-09-02,,Contratado,Alvaro Chamizo Gutierrez (Telf: 2890084),,La Paz,NB-SABS (D.S.0181)
26-1204-00-1685764-0-E,Gobierno Autónomo Municipal Ecológico Productivo De Achocalla,Consultoria,CM,Apoyo Con Rrhh A Genero Generacional (Profesional Trabajador (A) Social D-8),False,2026-09-02,,Contratado,Alvaro Chamizo Gutierrez (Telf: 2890084),,La Paz,NB-SABS (D.S.0181)
26-1204-00-1685793-0-E,Gobierno Autónomo Municipal Ecológico Productivo De Achocalla,Consultoria,CM,Apoyo Con Rrhh A Salud (Administrador (A) Centro De Salud Achocalla),False,2026-09-02,,Contratado,Alvaro Chamizo Gutierrez (Telf: 2890084),,La Paz,NB-SABS (D.S.0181)
26-1204-00-1685799-1-1,Gobierno Autónomo Municipal Ecológico Productivo De Achocalla,Bienes,CND1,Const. Sistema Agua Potable Z. Villa Alonzo Com. Pucarani - Achocalla  (Fase Iii - Adq. De Materiales - Hecho En Bolivia),False,2026-09-02,2026-09-07,Vigente,Judith Maura Gamboa Larico (Telf: 2890084),,La Paz,Compro Hecho en Bolivia (D.S.4505)
26-1205-00-1678622-2-1,Gobierno Autonomo Municipal De El Alto,Bienes,ANPE,Fortalecimiento Mingitorios Publicos (Adq. Materiales De Limpieza E Insumos Higienicos Para Mingitorios Municipales),True,2026-09-02,2026-09-09,Vigente,Antonio Torrez Mamani (Telf: 2-837715),,La Paz,NB-SABS (D.S.0181)
26-1205-00-1685725-0-E,Gobierno Autonomo Municipal De El Alto,Obras,CD,Mej. Cancha De Futbol Villa Bolivar B D-2,False,2026-09-02,,Contratado,Cristina Caceres Calle (Telf: 2-837715),,La Paz,NB-SABS (D.S.0181)
26-1214-00-1683405-1-2,Gobierno Autonomo Municipal De Calamarca,Obras,ANPE,"""Const. De Aulas Unidad Educativa Porvenir Cañuma"" Del Municipio De Calamarca",True,2026-09-02,2026-09-08,Vigente,Fabiola Quispe Apaza (Telf: 68186545 - 77210241),,La Paz,NB-SABS (D.S.0181)
26-1216-00-1685536-1-1,Gobierno Autonomo Municipal De Colquencha,Bienes,CM,Refacción Y Mantenimiento De Unidades Educativas (Adquisición De Materiales De Construcción Para La U.E. Nacional Litoral),False,2026-09-02,2026-09-08,Vigente,Grover Alfredo Rodriguez Canaviri (Telf: 71981704),,La Paz,NB-SABS (D.S.0181)
26-1216-00-1685586-1-1,Gobierno Autonomo Municipal De Colquencha,Obras,ANPE,Const. Sala De Reuniones De U.E. Antofagasta Marquirivi,True,2026-09-02,2026-09-09,Vigente,Grover Alfredo Rodriguez Canaviri (Telf: 71981704),,La Paz,NB-SABS (D.S.0181)
26-1216-00-1685622-1-1,Gobierno Autonomo Municipal De Colquencha,Obras,ANPE,Const. Auditorio Y Laboratorio Basico Centro De Salud Marquirivi,True,2026-09-02,2026-09-09,Vigente,Grover Alfredo Rodriguez Canaviri (Telf: 71981704),,La Paz,NB-SABS (D.S.0181)
26-1216-00-1685635-1-1,Gobierno Autonomo Municipal De Colquencha,Obras,ANPE,Const. Ampliacion Centro De Salud Micaya,True,2026-09-02,2026-09-09,Vigente,Grover Alfredo Rodriguez Canaviri (Telf: 71981704),,La Paz,NB-SABS (D.S.0181)
26-1240-00-1685774-1-1,Gobierno Autonomo Municipal De Calacoto,Bienes,CNC,"Adquisicion De Medicamentos Para El Centro De Salud Condoriquiña,Municipio Calacoto_2026",True,2026-09-02,2026-09-07,Vigente,Betty Tania Honorio Quispe (Telf: 71998978),,La Paz,Compro Hecho en Bolivia (D.S.4505)
26-1248-00-1685720-1-1,Gobierno Autonomo Municipal De Carabuco,Obras,ANPP,Const. Casa De Gobierno De Chaguya Obra Fina,True,2026-09-02,2026-09-15,Anulado desde la convocatoria,Saul Chambi Condori (Telf: 72030800),,La Paz,NB-SABS (D.S.0181)
26-1248-00-1685720-1-2,Gobierno Autonomo Municipal De Carabuco,Obras,ANPP,Const. Casa De Gobierno De Chaguaya - Obra Fina,True,2026-09-02,2026-09-15,Vigente,Saul Chambi Condori (Telf: 72030800),,La Paz,NB-SABS (D.S.0181)
26-1249-00-1685782-1-1,Gobierno Autonomo Municipal De Apolo,Bienes,ANPP,Adquisicion De Luminarias Para Mantenimiento De Alumbrado Publico Del Gobierno Autonomo Municipal De Apolo,True,2026-09-02,2026-09-14,Vigente,Yoban Mendoza Huallpa (Telf: 64106290),,La Paz,NB-SABS (D.S.0181)
26-1259-00-1685833-1-1,Gobierno Autonomo Municipal De Palos Blancos,Bienes,CM,Adquisición De Materiales Para La Conclusión De Baterías De Baños De La U.E. Agua Dulce,False,2026-09-02,2026-09-07,Vigente,Giovana Poma Huiza (Telf: 74017906),,La Paz,NB-SABS (D.S.0181)
26-1262-00-1685767-1-1,Gobierno Autonomo Municipal De Laja,Bienes,CM,Mantenimiento Complejo Deportivo  Com. Capacasi (Adq. De Caucho Granulado P/Césped Sintético),False,2026-09-02,2026-09-07,Vigente,Luz Nelly Quispe Loza (Telf: -),,La Paz,NB-SABS (D.S.0181)
26-1266-00-1685794-1-1,Gobierno Autonomo Municipal De Coripata,Bienes,ANPE,Adquisición De Mobiliario Para Las Unidades Educativas Félix Ballivian Y Santiago Tocoroni Pertenecientes Al Municipio De Coripata,True,2026-09-02,2026-09-08,Vigente,Marivel Paco Quispe (Telf: 2896150),,La Paz,NB-SABS (D.S.0181)
26-1266-00-1685830-1-1,Gobierno Autonomo Municipal De Coripata,Bienes,ANPE,Adquisicion De Materiales Para Const. Centro De Capacitacion Productivo Social Santa Rosa De Lima,True,2026-09-02,2026-09-08,Vigente,Marivel Paco Quispe (Telf: 2896150),,La Paz,NB-SABS (D.S.0181)
26-1267-00-1685809-0-E,Gobierno Autonomo Municipal De Ixiamas,Bienes,CD,Adquisición De Instrumentos Musicales Para Las U.E. Del Distrito Ii Del Municipio De Ixiamas,False,2026-09-02,,Contratado,Maily Johana Hurtado Porcel (Telf: -),,La Paz,NB-SABS (D.S.0181)
26-1268-00-1685561-1-1,Gobierno Autonomo Municipal De San Buenaventura,Bienes,CNC,Adquisición De Medicamentos Trimestral Para El Hospital Ii Nivel De San Buenaventura De Los Meses Septiembre - Octubre - Noviembre Del 2026 Mediante El D.S. 4505.,True,2026-09-02,2026-09-04,Vigente,Loyda Monzon Pacosillo (Telf: -------),,La Paz,Compro Hecho en Bolivia (D.S.4505)
26-1277-00-1685835-1-1,Gobierno Autonomo Municipal De Teoponte,Bienes,CNC,"Adquisicion De Alimento Complementario Para Niños De 6 A 23 Meses ""Nutribebe ""Para Los Centros De Salud Del Municipio De Teoponte",True,2026-09-02,2026-09-07,Vigente,Edgar Lucio Bustillos Gutierrez (Telf: 71248555),,La Paz,Compro Hecho en Bolivia (D.S.4505)
26-1283-00-1685153-1-1,Gobierno Autonomo Municipal De Escoma ,Bienes,ANPE,Apoyo Municipal Para Prevenir La Deserción Escolar (Confección Adquisición De Deportivos Para Estudiantes Del Municipio De Escoma),True,2026-09-02,2026-09-08,Vigente,Jose Luis Luque Mamani (Telf: 73558855),,La Paz,NB-SABS (D.S.0181)
26-1301-00-1673130-2-1,Gobierno Autonomo Municipal De Cochabamba,Servicios Generales,ANPP,"Servicio De Instalacion, Conexion E Integracion De Camaras",True,2026-09-02,2026-09-15,Vigente,Rodrigo Arias Tellez (Telf: 4258103- 4425810-4258030),,Cochabamba,NB-SABS (D.S.0181)
26-1301-00-1685675-1-1,Gobierno Autonomo Municipal De Cochabamba,Bienes,CNC,"Adquisicion Complemento Nutricional Carmelo Cnc Primer Reformulado Red Cercado 2026
",True,2026-09-02,2026-09-09,Vigente,Erick Andres Torres Flores (Telf: 4258103- 4425810-4258030),,Cochabamba,Compro Hecho en Bolivia (D.S.4505)
26-1301-00-1685703-0-E,Gobierno Autonomo Municipal De Cochabamba,Obras,CD,Const. Pav. Rigido C/Altiplano M-205 Otb Barrio Libertador D6,False,2026-09-02,,Contratado,Lilian Margoth Aguilar Villazon (Telf: 4258103- 4425810-4258030),,Cochabamba,NB-SABS (D.S.0181)
26-1302-00-1685783-0-E,Gobierno Autonomo Municipal De Quillacollo,Consultoria,CM,Consultor Individual De Linea (Personal Apoyo C - Aux. En Enfermeria 36) Programa Mi Salud Gestion 2026,False,2026-09-02,,Contratado,Lizzeth Melissa Lafuente Hidalgo (Telf: 4260338-79788572),,Cochabamba,NB-SABS (D.S.0181)
26-1302-00-1685796-0-E,Gobierno Autonomo Municipal De Quillacollo,Consultoria,CM,Consultor Individual De Linea (Jefe De Unidad A – Med. Esp. Neonatologo 1) Hospital Gestion 2026,False,2026-09-02,,Contratado,Marielena Salvatierra Rocha (Telf: 4260338-79788572),,Cochabamba,NB-SABS (D.S.0181)
26-1302-00-1685815-0-E,Gobierno Autonomo Municipal De Quillacollo,Consultoria,CM,Consultor Individual De Linea (Jefe De Unidad A – Med. Esp. Neonatologo 2) Hospital Gestion 2026,False,2026-09-02,,Contratado,Tania Castillo Rodriguez (Telf: 4260338-79788572),,Cochabamba,NB-SABS (D.S.0181)
26-1302-00-1685823-0-E,Gobierno Autonomo Municipal De Quillacollo,Consultoria,CM,Consultor Individual De Linea (Personal Apoyo C – Aux. En Enfermeria 53) Programa Mi Salud Gestion 2026,False,2026-09-02,,Contratado,Tania Castillo Rodriguez (Telf: 4260338-79788572),,Cochabamba,NB-SABS (D.S.0181)
26-1303-00-1674467-1-1,Gobierno Autonomo Municipal De Sipe Sipe,Bienes,CM,Compra De Materiales Para La Implementacion De Graderia Para Cancha U.E. 3 De Abril Y U.E. Gualberto Villarroel Del Gobierno Autonomo Municipal De Sipe Sipe,False,2026-09-02,2026-09-07,Vigente,Hector Quispe Catacora (Telf: 4381932),,Cochabamba,NB-SABS (D.S.0181)
26-1303-00-1685460-1-1,Gobierno Autonomo Municipal De Sipe Sipe,Bienes,CM,Compra De Materiales De Construccion  Para Alcantarillado Sanitario Comunidad Urinzaya Del Municipio De Sipe Sipe,False,2026-09-02,2026-09-07,Vigente,Hector Quispe Catacora (Telf: 4381932),,Cochabamba,NB-SABS (D.S.0181)
26-1303-00-1685667-1-1,Gobierno Autonomo Municipal De Sipe Sipe,Bienes,CND1,Compra De Materiales Para La Implementacion De Graderia Para Cancha U.E. 3 De Abril Y U.E. Gualberto Villarroel Del Gobierno Autonomo Municipal De Sipe Sipe (D.S. 4505),False,2026-09-02,2026-09-04,Vigente,Hector Quispe Catacora (Telf: 4381932),,Cochabamba,Compro Hecho en Bolivia (D.S.4505)
26-1303-01-1685100-1-1,Concejo Municipal Del Gobierno Autónomo Municipal De Sipe Sipe,Bienes,ANPE,Adquisición De Equipos De Computación Y Accesorios Informáticos Para El Concejo Municipal De Sipe Sipe,True,2026-09-02,2026-09-08,Vigente,Lizeth Ramos Veliz (Telf: 4380024),,Cochabamba,NB-SABS (D.S.0181)
26-1305-00-1685274-0-E,Gobierno Autonomo Municipal De Vinto,Consultoria,CM,"Contrato Administrativo - Consultor Individual De Linea ""Medico General Ecografista-I Hospital De Vinto""",False,2026-09-02,,Contratado,Laura Karen Velasco García (Telf: 4264420 - 4260150 - 4357352),,Cochabamba,NB-SABS (D.S.0181)
26-1312-00-1679514-1-2,Gobierno Autonomo Municipal De Sacaba,Bienes,ANPP,"Adq. Camaras, Alarmas Y Accesorios De Seguridad Ciudadana 3 (Adquisición De Camaras, Accesorios Y Material Electrico Para Otb Guadalquivir)",True,2026-09-02,2026-09-16,Vigente,Alejandro Cabrera Apaza (Telf: 4702301),,Cochabamba,NB-SABS (D.S.0181)
26-1312-00-1685600-1-1,Gobierno Autonomo Municipal De Sacaba,Bienes,CM,Adq. Equip. Centros De Capacitación Municipal Genero Y Generacional Distrito 3 (Compra De Equipamiento En Repostería Para Los Centros Del Distrito 3),False,2026-09-02,2026-09-07,Vigente,Alejandro Cabrera Apaza (Telf: 4702301),,Cochabamba,NB-SABS (D.S.0181)
26-1312-00-1685648-1-1,Gobierno Autonomo Municipal De Sacaba,Bienes,ANPE,Servicios De Salud Universal Y Gratuita - Sus (Adquisición De Material De Limpieza E Higiene Para El Hospital México) Segunda Compra,True,2026-09-02,2026-09-09,Vigente,Saida Mamani Quintela (Telf: 4702301),,Cochabamba,NB-SABS (D.S.0181)
26-1312-00-1685712-1-1,Gobierno Autonomo Municipal De Sacaba,Bienes,ANPE,Unidad De Transportes Y Maquinaria (Adquisicion De Filtros Para Equipos Pesados Y Semipesados),True,2026-09-02,2026-09-09,Vigente,Richard Quelca Ledezma (Telf: 4702301),,Cochabamba,NB-SABS (D.S.0181)
26-1314-00-1684730-1-1,Gobierno Autonomo Municipal De Villa Tunari,Bienes,CM,Adquisición De Materiales Para Mejoramiento Del Centro De Salud Villa 14 De Septiembre Municipio De Villa Tunari. Cm N°072/2026,False,2026-09-02,2026-09-07,Vigente,Daniel Montaño Vallejos (Telf: 44136521 ),,Cochabamba,NB-SABS (D.S.0181)
26-1314-00-1685813-1-1,Gobierno Autonomo Municipal De Villa Tunari,Bienes,CM,“Compra De Fierro Para Construcción De Bloques De Hormigón En El Rio 24 En Atención A Desastres Naturales” Compra Menor N°074/2026,False,2026-09-02,2026-09-07,Vigente,Daniel Montaño Vallejos (Telf: 44136521 ),,Cochabamba,NB-SABS (D.S.0181)
26-1315-00-1685731-1-1,Gobierno Autonomo Municipal De Punata,Obras,CM,"Const. Centro De Capacitación Integral Distrito Ii, D2 (Obras Complementarias Cielo Falso, Revoque, Pintura Y Otros)",False,2026-09-02,2026-09-07,Vigente,Jose Antonio Requiz Fuentes (Telf: 4577021),,Cochabamba,NB-SABS (D.S.0181)
26-1327-00-1685705-1-1,Gobierno Autonomo Municipal De Capinota,Bienes,CM,Compra De Placas Radiográficas Digitales Segundo Semestre,False,2026-09-02,2026-09-07,Vigente,Heraclio Colque  Sanca  (Telf: 4389007- 4388331),,Cochabamba,NB-SABS (D.S.0181)
26-1328-00-1685633-1-1,Gobierno Autonomo Municipal De Santivanez,Bienes,CM,Adquisicion De Tintas Para Impresoras Para Las Diferentes Unidades Del Gam Santivañez,False,2026-09-02,2026-09-07,Vigente,Jhamyl Mamani Condori (Telf: 4780041),,Cochabamba,NB-SABS (D.S.0181)
26-1328-00-1685666-1-1,Gobierno Autonomo Municipal De Santivanez,Bienes,CM,Adquisicion De Material De Escritorio Para Las Diferentes Unidades Del Gam Santivañez,False,2026-09-02,2026-09-07,Vigente,Jhamyl Mamani Condori (Telf: 4780041),,Cochabamba,NB-SABS (D.S.0181)
26-1335-00-1679474-2-1,Gobierno Autonomo Municipal De Puerto Villarroel,Bienes,ANPE,"Adquisición De Llantas Para Volquetas Con Placas De Control N° 2909-Uzr, 4432-Nty, 3613-Lpc Y 6479-Arp De La Unidad De Residuos Sólidos",True,2026-09-02,2026-09-08,Vigente,Ana Rossemery Moye Orosco (Telf: 44136281),,Cochabamba,NB-SABS (D.S.0181)
26-1338-00-1685749-1-1,Gobierno Autonomo Municipal De Arque,Servicios Generales,LP,"Contratacion De Seguros Multiriesgo Para El Equipo Pesado, Equipo Liviano Y Motocicletas Del Gobierno Autonomo Municipal De Arque Gestion 2026 - 2027",False,2026-09-02,2026-09-29,Anulado desde la convocatoria,Juan Carlos Camacho Perez (Telf: -),,Cochabamba,NB-SABS (D.S.0181)
26-1338-00-1685749-1-2,Gobierno Autonomo Municipal De Arque,Servicios Generales,LP,"Contratacion De Seguros Multiriesgo Para El Equipo Pesado, Equipo Liviano Y Motocicletas Del Gobierno Autonomo Municipal De Arque Gestion 2026 - 2027",False,2026-09-02,2026-09-29,Vigente,Juan Carlos Camacho Perez (Telf: -),,Cochabamba,NB-SABS (D.S.0181)
26-1340-00-1683975-1-1,Gobierno Autonomo Municipal De Bolivar,Bienes,ANPP,"Compra De Tres Motocicletas Para Los Establecimientos De Salud Carpani, Tangaleque Y Comuna Del Mucipio De Bolivar",True,2026-09-02,2026-09-16,Vigente,Orlando Salazar Castro (Telf: 71741775 - 71741779 - 71742005),,Cochabamba,NB-SABS (D.S.0181)
26-1404-00-1685401-1-1,Gobierno Autonomo Municipal De Challapata,Bienes,ANPP,"Servicios De Salud Universal Y Gratuita - Sus (Adquisición De Insumos Medicos Para El Hospital Ii Nivel San Juan De Dios, Correspondiente Al Segundo Trimestre De La Gestion 2026)",True,2026-09-02,2026-09-14,Vigente,Simeon Chambi Flores (Telf: 5572250),,Oruro,NB-SABS (D.S.0181)
26-1404-00-1685748-1-1,Gobierno Autonomo Municipal De Challapata,Bienes,CM,Mantenimiento Alumbrado Publico Challapata - Adquisicion De Materiales Electricos,False,2026-09-02,2026-09-07,Vigente,Simeon Chambi Flores (Telf: 5572250),,Oruro,NB-SABS (D.S.0181)
26-1501-00-1684764-0-E,Gobierno Autonomo Municipal De Potosi,Obras,CD,Mantenimiento Fachada Interior U.E. Santa Rosa - Mantenimiento Y Equipamiento Unidades Educativas Md,False,2026-09-02,,Contratado,Ines Quispe Rojas (Telf: 26226200),,Potosi,NB-SABS (D.S.0181)
26-1501-00-1685506-0-E,Gobierno Autonomo Municipal De Potosi,Obras,CD,Const. Cordones Y Aceras Calle Huancarani Entre Calle 1ro De Mayo Y San Geronimo J.V. Hornitos D-2,False,2026-09-02,,Contratado,Ines Quispe Rojas (Telf: 26226200),,Potosi,NB-SABS (D.S.0181)
26-1501-00-1685714-1-1,Gobierno Autonomo Municipal De Potosi,Bienes,CND1,Adquisición De Productos Para Los 11 Centros Infantiles - Programa De Fortalecimiento De Centros Infantiles Md Del G.A.M.P.,False,2026-09-02,2026-09-07,Vigente,Mirian Vargas Señoranis (Telf: 26226200),,Potosi,Compro Hecho en Bolivia (D.S.4505)
26-1501-00-1685718-0-E,Gobierno Autonomo Municipal De Potosi,Consultoria,CM,Servicio De Consultoría Individual De Línea Un (1) Ingeniero (A) Civil (Profesional Iii) - Fortalecimiento Sub Alcaldia De Chullchucani D-14,False,2026-09-02,,Contratado,Erick Roger Peredo Cabrera (Telf: 26226200),,Potosi,NB-SABS (D.S.0181)
26-1501-00-1685724-1-1,Gobierno Autonomo Municipal De Potosi,Bienes,CND1,"Adquisición De Indumentaria Deportiva (Mallas, Cortos Y Deportivos) Para La Selección Copa Bolivia U18 Damas - Fortalecimiento Juegos Estudiantiles Y Asociaciones Municipales Md “220 0 045”",False,2026-09-02,2026-09-07,Vigente,Mirian Vargas Señoranis (Telf: 26226200),,Potosi,Compro Hecho en Bolivia (D.S.4505)
26-1501-00-1685728-1-1,Gobierno Autonomo Municipal De Potosi,Bienes,CND1,Adquisición De Ropa Deportiva  Para Los Juegos Estudiantiles Municipales 2026 Categoría 12-14 - Fortalecimiento Juegos Estudiantiles Y Asociaciones Municipales Md “220 0 045”,False,2026-09-02,2026-09-07,Vigente,Mirian Vargas Señoranis (Telf: 26226200),,Potosi,Compro Hecho en Bolivia (D.S.4505)
26-1501-00-1685735-0-E,Gobierno Autonomo Municipal De Potosi,Obras,CD,Mantenimiento Fachada Exterior U. E. Santa Rosa - Mantenimiento Y Equipamiento Unidades Educativas Md,False,2026-09-02,,Contratado,Ines Quispe Rojas (Telf: 26226200),,Potosi,NB-SABS (D.S.0181)
26-1501-00-1685753-1-1,Gobierno Autonomo Municipal De Potosi,Bienes,CND1,Adquisición De Indumentaria De Competición Para Los Juegos Estudiantiles Municipales 2026 Categoría 12-14 - Fortalecimiento Juegos Estudiantiles Y Asociaciones Municipales Md “220 0 045”,False,2026-09-02,2026-09-07,Vigente,Mirian Vargas Señoranis (Telf: 26226200),,Potosi,Compro Hecho en Bolivia (D.S.4505)
26-1501-00-1685761-1-1,Gobierno Autonomo Municipal De Potosi,Bienes,CND1,Adquisición De Indumentaria Deportiva (Cortos Y Poleras) Para La Escuela Municipal De Futbol Santa Rosa - Fortalecimiento Escuela Municipal De Deportes J.V. Santa Rosa D-3 “220 0 007”,False,2026-09-02,2026-09-07,Vigente,Mirian Vargas Señoranis (Telf: 26226200),,Potosi,Compro Hecho en Bolivia (D.S.4505)
26-1501-00-1685811-1-1,Gobierno Autonomo Municipal De Potosi,Consultoria,ANPE,"Servicio De Consultoría Por Producto ""Estudio Y Diseño Para La Rehabilitación Del Puente Vehícular Y Sus Accesos Villa Nazareth - Ciudad Satélite"" - Estudios Y Proyectos Integrales De Inversión Md",False,2026-09-02,2026-09-09,Vigente,Ines Quispe Rojas (Telf: 26226200),,Potosi,NB-SABS (D.S.0181)
26-1502-00-1683832-1-1,Gobierno Autonomo Municipal De Tinguipaya,Servicios Generales,CM,Contratacion Transporte Escolar Tramo Challamayu - Anthura,False,2026-09-02,2026-09-07,Vigente,Evil Gildo Martinez Colque (Telf: 2-6136235),,Potosi,NB-SABS (D.S.0181)
26-1505-00-1681222-2-1,Gobierno Autonomo Municipal De Uncia,Bienes,ANPE,Mejoramiento De Cancha Futsal Zona 3 Con Cesped Sintetico (Adquisicion De Material),True,2026-09-02,2026-09-08,Vigente,Miguel Angel Meneses Sierra (Telf: 2-5820616),,Potosi,NB-SABS (D.S.0181)
26-1505-00-1685537-1-1,Gobierno Autonomo Municipal De Uncia,Bienes,CM,Adquisicion De Tanque Para El Mejoramiento De Riego Comunidad Saca Saca,False,2026-09-02,2026-09-07,Vigente,Miguel Angel Meneses Sierra (Telf: 2-5820616),,Potosi,NB-SABS (D.S.0181)
26-1507-00-1685831-1-1,Gobierno Autonomo Municipal De Llallagua,Servicios Generales,CM,"""Mantenimiento Infraestructura Y Equipamiento Salud Segundo Nivel"" (Servicio De Mantenimiento Correctivo Tomografo Hospital De Segundo Nivel Madre Obrera Municipio De Llallagua 2026)",False,2026-09-02,2026-09-07,Vigente,Silvia Aro Cabrera (Telf: 5822817),,Potosi,NB-SABS (D.S.0181)
26-1509-00-1683330-2-1,Gobierno Autonomo Municipal De Chaqui,Bienes,ANPE,Adquisición Materiales Para Ambientes U. E. Negro Tambo,True,2026-09-02,2026-09-09,Vigente,Ronalt Paredes Romero (Telf: 67668996 - 73896555),,Potosi,NB-SABS (D.S.0181)
26-1510-00-1673244-2-1,Gobierno Autonomo Municipal De Tacobamba,Bienes,ANPE,Adquisición De Materiales Para Cosechas De Agua Comunidad Thaco Pampa,True,2026-09-02,2026-09-08,Vigente,Christian Benavidez Mamani (Telf: 68421752 - 63723748),,Potosi,NB-SABS (D.S.0181)
26-1510-00-1679737-2-2,Gobierno Autonomo Municipal De Tacobamba,Consultoria,ANPE,Estudio Const. Puente Vehicular Comunidad Chari Chari (Edtp),False,2026-09-02,2026-09-08,Vigente,Christian Benavidez Mamani (Telf: 68421752 - 63723748),,Potosi,NB-SABS (D.S.0181)
26-1521-00-1685827-1-1,"Gobierno Autonomo Municipal De Colcha""K"" (Villa Martin)",Bienes,ANPE,Adquisición De Semillas Forrajeras Gestion 2026,True,2026-09-02,2026-09-08,Vigente,Ramiro Oracio Huanca Veliz (Telf: +591-69654122),,Potosi,NB-SABS (D.S.0181)
26-1527-00-1685591-1-1,Gobierno Autonomo Municipal De Caripuyo,Bienes,CND1,Adquisicion De Alimentos Secos Para El Internado Miraflores De Lacaya Municipio De Caripuyo Gestion 2026-Chb,False,2026-09-02,2026-09-04,Vigente,Ponciano Ajomado Estalla (Telf: 68316086),,Potosi,Compro Hecho en Bolivia (D.S.4505)
26-1527-00-1685834-1-1,Gobierno Autonomo Municipal De Caripuyo,Bienes,CM,Adquisicion E Materiales De Construccion Para La Comunidad San Miguel Municipio De Caripuyo Gestion 2026,False,2026-09-02,2026-09-07,Vigente,Ponciano Ajomado Estalla (Telf: 68316086),,Potosi,NB-SABS (D.S.0181)
26-1530-00-1685825-1-1,Gobierno Autonomo Municipal De Uyuni,Servicios Generales,LP,Contratación De Póliza De Seguros Del Parque Automotor Y Equipo Pesado Móvil Del Gam Uyuni Gestion 2026-2027,False,2026-09-02,2026-09-23,Vigente,Cesar Alvaro Ticona Baptista (Telf: 2-6932060),,Potosi,NB-SABS (D.S.0181)
26-1537-00-1685456-1-1,Gobierno Autonomo Municipal De Villazon,Bienes,ANPP,Adquisicion De Butacas Para El Paraninfo De La Unidad Educativa 9 De Abril A Y B Del Municipio De Villazon (Equipamiento U.E. Area Urbana Y Dispersa),True,2026-09-02,2026-09-15,Vigente,Sandy Miranda Bravo (Telf: 5972119),,Potosi,NB-SABS (D.S.0181)
26-1601-00-1685711-0-E,Gobierno Autonomo Municipal De Tarija,Servicios Generales,CD,"Servicio De Publicación De Artes, Edictos, Licitaciones Publicas Institucionales Para El Gobierno Autónomo Municipal De Tarija En Bolinfo, S.R.L., A Traves Del Periodico""El Periódico",False,2026-09-02,,Contratado,Mishela Nathaly Escalante Cuevas (Telf: 6643211 - 6643213),,Tarija,NB-SABS (D.S.0181)
26-1604-00-1685461-1-1,Gobierno Autonomo Municipal De Yacuiba,Bienes,ANPE,Adquisicion De Alimentacion Hospitalaria Para El Hospital Municipal Dr. Ruben Zelaya,True,2026-09-02,2026-09-09,Vigente,Juan Ricardo De La Vega Sanchez (Telf: 46822024),,Tarija,NB-SABS (D.S.0181)
26-1611-00-1685812-1-1,Gobierno Autonomo Municipal De Entre Rios Tja,Bienes,CNC,Adquisición De Medicamentos Para 15 Establecimientos De Salud De La Provincia O'Connor - Segunda Compra 2026,True,2026-09-02,2026-09-07,Vigente,Pedro Zeballos Castro (Telf: 01046133-3304),,Tarija,Compro Hecho en Bolivia (D.S.4505)
26-1701-00-1682376-2-1,Gobierno Autonomo Municipal De Santa Cruz De La Sierra,Bienes,ANPE,"Adquisicion De Alimentos Balanceados Para La Sub Direccion De Zoonosis Y Albergue De Canes Y Felinos,Sms",True,2026-09-02,2026-09-10,Vigente,Carmen Carola Capobianco Antelo (Telf: Ver Convocatoria y/o DBC. ),,Santa Cruz,NB-SABS (D.S.0181)
26-1701-00-1685564-1-1,Gobierno Autonomo Municipal De Santa Cruz De La Sierra,Bienes,ANPE,"Adquisicion De Antisepticos Y Desinfectantes Para El Hospital Municipal Bajio Del Oriente, Sms",True,2026-09-02,2026-09-10,Vigente,Carmen Carola Capobianco Antelo (Telf: Ver Convocatoria y/o DBC. ),,Santa Cruz,NB-SABS (D.S.0181)
26-1701-00-1685599-1-1,Gobierno Autonomo Municipal De Santa Cruz De La Sierra,Bienes,ANPP,"Adquisicion De Insumos De Laboratorio De Alta Rotacion Para La Red De Salud Norte, Sms",True,2026-09-02,2026-09-15,Vigente,Rosario Ingrid Vega Rojas (Telf: Ver Convocatoria y/o DBC. ),,Santa Cruz,NB-SABS (D.S.0181)
26-1701-00-1685623-1-1,Gobierno Autonomo Municipal De Santa Cruz De La Sierra,Bienes,CM,"Adquisicion De Hojas De Papel Bond Para La Red De Salud Centro,Sms.",False,2026-09-02,2026-09-07,Vigente,Maria Victoria Aldunate Pinto (Telf: Ver Convocatoria y/o DBC. ),,Santa Cruz,NB-SABS (D.S.0181)
26-1701-03-1685594-1-1,Empresa Municipal De Aseo Santa Cruz -  Emacruz,Bienes,CM,“Adquisicion De Material De Ferreteria Para El Mantenimiento De Ambientes Y Activos En Las Oficinas De La Empresa Municipal De Aseo Santa Cruz - Emacruz,False,2026-09-02,2026-09-07,Vigente,Fabiola Morales Camino (Telf: 3470346 - 3-641144),,Santa Cruz,NB-SABS (D.S.0181)
26-1701-05-1685682-1-1,Concejo Municipal Del Gobierno Autónomo Municipal De Santa Cruz,Servicios Generales,ANPP,Servicio De Limpieza De Las Instalaciones Del Concejo Municipal De Santa Cruz De La Sierra – Tercer Cuatrimestre Gestión 2026,True,2026-09-02,2026-09-15,Vigente,David Paniagua Orosco (Telf: 333-3438),,Santa Cruz,NB-SABS (D.S.0181)
26-1703-00-1675752-1-2,Gobierno Autonomo Municipal De Ayacucho (Porongo),Obras,ANPP,Const. Pavimento Articulado Prolongacion Calle 12 De Octubre,True,2026-09-02,2026-09-15,Vigente,Luis Carlos Mendez Eguez (Telf: 3888227),,Santa Cruz,NB-SABS (D.S.0181)
26-1711-00-1685669-1-1,Gobierno Autonomo Municipal De San Carlos,Bienes,ANPE,"Adquisicion De Pantallas Y Lamparas Led, Para Mejoramiento De Alumbrado Publico Del Municipio De San Carlos",True,2026-09-02,2026-09-08,Vigente,Lilian Flores Esposo (Telf: 010-39352019),,Santa Cruz,NB-SABS (D.S.0181)
26-1712-00-1669931-2-1,Gobierno Autonomo Municipal De Yapacani,Bienes,ANPE,Adquisición De Secadora De Ropa Industrial Para El Servicio De Lavandería Del Hospital 2do Nivel De Yapacani,True,2026-09-02,2026-09-09,Vigente,Laury Choque Impa (Telf: 933-6111),,Santa Cruz,NB-SABS (D.S.0181)
26-1714-00-1685144-1-1,Gobierno Autonomo Municipal De Pailon,Bienes,ANPE,"Adq. Luminarias B/ Pailon (Sn. Expedito, Sn. Jorge, 16 De Julio Y Sn, Ignacio)",True,2026-09-02,2026-09-08,Vigente,Jorge Bailon Cuellar Geiger (Telf: 33882620),,Santa Cruz,NB-SABS (D.S.0181)
26-1714-00-1685640-1-1,Gobierno Autonomo Municipal De Pailon,Bienes,CNC,Adquisicion Del Complemento Nutricional Carmelo De 900 Gramos Para Los Beneficiarios Del Programa Del Adulto Mayor Del Municipio De Pailon,True,2026-09-02,2026-09-08,Vigente,Jorge Bailon Cuellar Geiger (Telf: 33882620),,Santa Cruz,Compro Hecho en Bolivia (D.S.4505)
26-1714-00-1685668-1-1,Gobierno Autonomo Municipal De Pailon,Bienes,CNC,"Adquisicion Del Complemento Nutricional Nutribebe 750 Gr Para La Atencion De Beneficiarios Del Sistema Unico De Salud (Sus), Gestion 2026.",True,2026-09-02,2026-09-08,Vigente,Jorge Bailon Cuellar Geiger (Telf: 33882620),,Santa Cruz,Compro Hecho en Bolivia (D.S.4505)
26-1741-00-1672878-1-1,Gobierno Autonomo Municipal De Comarapa,Bienes,CM,Provisión De Medicamentos E Insumos Para Distribuir A Los Puestos De Salud Del Municipio De Comarapa  Según Ley 1152,False,2026-09-02,2026-09-07,Vigente,Teddy Mauricio Rojas Rojas (Telf: 71061555),,Santa Cruz,NB-SABS (D.S.0181)
26-1742-00-1685556-0-E,Gobierno Autonomo Municipal De Saipina,Consultoria,CM,Consultor Individual De Linea Cargo:Técnico Municipal Ap Saipina,False,2026-09-02,,Contratado,Leidy Celena Cervantes Ocaña (Telf: 72103678),,Santa Cruz,NB-SABS (D.S.0181)
26-1754-00-1685808-1-1,Gobierno Autonomo Municipal De San Pedro (Santa Cruz),Bienes,CNC,Adquisicion De Canaston Alimentario Estudiantil Por Alimentacion Complementaria Escolar Para La Gestion 2026 – En El Municipio De San Pedro,True,2026-09-02,2026-09-07,Vigente,Joel Bentura Bautista (Telf: -),,Santa Cruz,Compro Hecho en Bolivia (D.S.4505)
26-1801-00-1633281-0-E,Gobierno Autonomo Municipal De Santisima Trinidad,Consultoria,CM,Consultor Individual De Linea - Administrativo I - Bioquimico Laboratorio - Centro De Salud 30 De Julio - 1,False,2026-09-02,,Contratado,Eulis Cuellar Cardona (Telf: 4621322 - 4620447),,Beni,NB-SABS (D.S.0181)
26-1801-00-1633701-0-E,Gobierno Autonomo Municipal De Santisima Trinidad,Consultoria,CM,Consultor Individual De Linea - Administrativo I - Bioquimico Farmaceutico - Centro De Salud Nueva Trinidad,False,2026-09-02,,Contratado,Eulis Cuellar Cardona (Telf: 4621322 - 4620447),,Beni,NB-SABS (D.S.0181)
26-1801-00-1685535-0-E,Gobierno Autonomo Municipal De Santisima Trinidad,Consultoria,CM,Consultor Individual De Linea - Administrativo I - Bioquimico Farmaceutico - Centro De Salud 30 De Julio - 2,False,2026-09-02,,Contratado,Eulis Cuellar Cardona (Telf: 4621322 - 4620447),,Beni,NB-SABS (D.S.0181)
26-1801-00-1685543-0-E,Gobierno Autonomo Municipal De Santisima Trinidad,Consultoria,CM,Consultor Individual De Linea - Administrativo I - Bioquimico Farmaceutico - Centro De Salud Loma Suarez,False,2026-09-02,,Contratado,Eulis Cuellar Cardona (Telf: 4621322 - 4620447),,Beni,NB-SABS (D.S.0181)
26-1801-00-1685552-0-E,Gobierno Autonomo Municipal De Santisima Trinidad,Consultoria,CM,Consultor Individual De Linea - Administrativo I - Bioquimico Laboratorio - Centro De Salud Pedro Marban - 2,False,2026-09-02,,Contratado,Eulis Cuellar Cardona (Telf: 4621322 - 4620447),,Beni,NB-SABS (D.S.0181)
26-1801-00-1685606-0-E,Gobierno Autonomo Municipal De Santisima Trinidad,Consultoria,CM,Consultor Individual De Linea - Administrativo I - Bioquimico Laboratorio - Centro De Salud Cipriano Barace,False,2026-09-02,,Contratado,Eulis Cuellar Cardona (Telf: 4621322 - 4620447),,Beni,NB-SABS (D.S.0181)
26-1801-00-1685612-0-E,Gobierno Autonomo Municipal De Santisima Trinidad,Consultoria,CM,Consultor Individual De Linea - Administrativo I - Bioquimico Laboratorio - Centro De Salud Central - 3,False,2026-09-02,,Contratado,Eulis Cuellar Cardona (Telf: 4621322 - 4620447),,Beni,NB-SABS (D.S.0181)
26-1801-00-1685656-0-E,Gobierno Autonomo Municipal De Santisima Trinidad,Consultoria,CM,Consultor Indiviadual De Linea - Administrativo I - Bioquimico Farmaceutico - Centro De Salud Pompeya,False,2026-09-02,,Contratado,Schefri Pinto Rocha (Telf: 4621322 - 4620447),,Beni,NB-SABS (D.S.0181)
26-1801-00-1685697-0-E,Gobierno Autonomo Municipal De Santisima Trinidad,Consultoria,CM,Consultor Individual De Linea - Administrativo I - Bioquimico Farmaceutico - Centro De Salud Pedro Ignacio Muiba,False,2026-09-02,,Contratado,Eulis Cuellar Cardona (Telf: 4621322 - 4620447),,Beni,NB-SABS (D.S.0181)
26-1801-00-1685723-0-E,Gobierno Autonomo Municipal De Santisima Trinidad,Consultoria,CM,Consultor Individual De Linea - Administrativo I - Bioquimico Farmaceutico - Centro De Salud Mana,False,2026-09-02,,Contratado,Schefri Pinto Rocha (Telf: 4621322 - 4620447),,Beni,NB-SABS (D.S.0181)
26-1801-00-1685743-0-E,Gobierno Autonomo Municipal De Santisima Trinidad,Consultoria,CM,Consultor Individual De Linea - Administrativo I- Odontologo - Centro De Salud Puerto Ballivian,False,2026-09-02,,Contratado,Schefri Pinto Rocha (Telf: 4621322 - 4620447),,Beni,NB-SABS (D.S.0181)
26-1801-00-1685758-0-E,Gobierno Autonomo Municipal De Santisima Trinidad,Consultoria,CM,Consultor Individual De Linea - Administrativo I- Bioquimico Farmaceutico - Centro De Salud San Jose,False,2026-09-02,,Contratado,Schefri Pinto Rocha (Telf: 4621322 - 4620447),,Beni,NB-SABS (D.S.0181)
26-1801-00-1685766-0-E,Gobierno Autonomo Municipal De Santisima Trinidad,Consultoria,CM,Consultor Individual De Linea - Administrativo I- Bioquimico Laboratorio - Centro De Salud Central - 4,False,2026-09-02,,Contratado,Schefri Pinto Rocha (Telf: 4621322 - 4620447),,Beni,NB-SABS (D.S.0181)
26-1801-00-1685769-0-E,Gobierno Autonomo Municipal De Santisima Trinidad,Consultoria,CM,Consultor Individual De Linea - Administrativo I - Bioquimico Farmaceutico - Centro De Salud 30 De Julio - 5,False,2026-09-02,,Contratado,Eulis Cuellar Cardona (Telf: 4621322 - 4620447),,Beni,NB-SABS (D.S.0181)
26-1801-00-1685772-0-E,Gobierno Autonomo Municipal De Santisima Trinidad,Consultoria,CM,Consultor Individual De Linea - Administrativo I Bioquimico Farmaceutico - Centro De Salud 30 De Julio - 4,False,2026-09-02,,Contratado,Schefri Pinto Rocha (Telf: 4621322 - 4620447),,Beni,NB-SABS (D.S.0181)
26-1801-00-1685776-0-E,Gobierno Autonomo Municipal De Santisima Trinidad,Consultoria,CM,Consultor Individual De Linea - Administrativo I - Bioquimico Farmaceutico - Centro De Salud Villa Monasterio,False,2026-09-02,,Contratado,Eulis Cuellar Cardona (Telf: 4621322 - 4620447),,Beni,NB-SABS (D.S.0181)
26-1801-00-1685778-0-E,Gobierno Autonomo Municipal De Santisima Trinidad,Consultoria,CM,Consultor Individual De Linea - Administrativo I - Bioquimico Farmaceutico - Centro De Salud Villa Vecinal,False,2026-09-02,,Contratado,Eulis Cuellar Cardona (Telf: 4621322 - 4620447),,Beni,NB-SABS (D.S.0181)
26-1801-00-1685779-0-E,Gobierno Autonomo Municipal De Santisima Trinidad,Consultoria,CM,Consultor Individual De Linea - Administrativo I -Imagenologo - Centro De Salud 30 Julio - 1,False,2026-09-02,,Contratado,Schefri Pinto Rocha (Telf: 4621322 - 4620447),,Beni,NB-SABS (D.S.0181)
26-1801-00-1685784-0-E,Gobierno Autonomo Municipal De Santisima Trinidad,Consultoria,CM,Consultor Individual De Linea - Administrativo I - Bioquimico Farmaceutico - Centro De Salud Central - 4,False,2026-09-02,,Contratado,Eulis Cuellar Cardona (Telf: 4621322 - 4620447),,Beni,NB-SABS (D.S.0181)
26-1801-00-1685788-0-E,Gobierno Autonomo Municipal De Santisima Trinidad,Consultoria,CM,Consultor Individual De Linea - Administrativo I- Bioquimico Laboratorio - Centro De Salud Plataforma,False,2026-09-02,,Contratado,Schefri Pinto Rocha (Telf: 4621322 - 4620447),,Beni,NB-SABS (D.S.0181)
26-1801-00-1685789-0-E,Gobierno Autonomo Municipal De Santisima Trinidad,Consultoria,CM,Consultor Individual De Linea - Administrativo I - Bioquimico Laboratorio - Centro De Salud Puerto Varador,False,2026-09-02,,Contratado,Eulis Cuellar Cardona (Telf: 4621322 - 4620447),,Beni,NB-SABS (D.S.0181)
26-1801-00-1685795-0-E,Gobierno Autonomo Municipal De Santisima Trinidad,Consultoria,CM,Consultor Individual De Linea - Administrativoi - Odontologo - Centro De Salud 30 De Julio,False,2026-09-02,,Contratado,Schefri Pinto Rocha (Telf: 4621322 - 4620447),,Beni,NB-SABS (D.S.0181)
26-1801-00-1685797-0-E,Gobierno Autonomo Municipal De Santisima Trinidad,Consultoria,CM,Consultor Individual De Linea - Administrativo I - Bioquimico Farmaceutico - Centro De Salud Pedro Marban,False,2026-09-02,,Contratado,Eulis Cuellar Cardona (Telf: 4621322 - 4620447),,Beni,NB-SABS (D.S.0181)
26-1801-00-1685800-0-E,Gobierno Autonomo Municipal De Santisima Trinidad,Consultoria,CM,Consultor Individual De Linea -  Administrativo I- Bioquimico Farmaceutico - Centro De Salud Nueva Jerusalen,False,2026-09-02,,Contratado,Schefri Pinto Rocha (Telf: 4621322 - 4620447),,Beni,NB-SABS (D.S.0181)
26-1803-00-1685630-0-E,Gobierno Autonomo Municipal De Riberalta,Consultoria,CM,Contratacion De Un Consultor Individual De Linea Tecnico Ii De Apoyo En La Elaboracion De Proyectos Productivos Sector Indigena Para La Unidad De Desarrollo Productivo Gestion 2026,False,2026-09-02,,Contratado,Julio Cesar Chavez Marigua (Telf: 8522417),,Beni,NB-SABS (D.S.0181)
26-1803-00-1685683-0-E,Gobierno Autonomo Municipal De Riberalta,Consultoria,CM,Contratacion De Consultor En Linea Para El Cargo De Gerenciamiento Del Programa Equipamiento Para La Produccion Agricola Mecanizada En Comunidades Campesinas E Indigenas Del Municipio De Riberalta,False,2026-09-02,,Contratado,Julio Cesar Chavez Marigua (Telf: 8522417),,Beni,NB-SABS (D.S.0181)
26-1807-00-1685542-1-1,Gobierno Autonomo Municipal De Puerto Rurrenabaque,Obras,ANPP,Const. Enlosetado Calle Bolivar D2 Mun. De Rurrenabaque,True,2026-09-02,2026-09-14,Vigente,G. Daniel Martinez Zambrana (Telf: 03-8922200),,Beni,NB-SABS (D.S.0181)
26-1810-00-1685603-1-1,Gobierno Autonomo Municipal De Santa Ana,Bienes,CM,"""Adquisicion De Medicamentos De Anestesiologia Para El Hospital Municipal Dr. Jacobo Abularach A., Correspondiente Al Segundo Semestre De La Gestion 2026"".",False,2026-09-02,2026-09-07,Vigente,Dixon Suarez Cadima (Telf: 34842062),,Beni,NB-SABS (D.S.0181)
26-1818-00-1684033-2-1,Gobierno Autonomo Municipal De Baures,Bienes,ANPE,Adquisicion De Materiales E Instrumental Quirurgico Para El Centro De Salud Hugo Banzer Suarez,True,2026-09-02,2026-09-08,Vigente,Jose Luis Suarez Perez (Telf: 67271485),,Beni,NB-SABS (D.S.0181)
26-1902-00-1685531-1-1,Gobierno Autonomo Municipal De Porvenir,Consultoria,OF,“Auditoria Financiera Externa Al Proyecto Construcción De Estanques Para La Producción Piscícola En Comunidades Del Municipio De Porvenir” Convenio Intergubernativo De Financiamiento Fdi/Conv/N° 096/2019 Suscrito Entre El Fondo De Desarrollo Indígena Y El Gobierno Autónomo Municipal De Porvenir,False,2026-09-02,2026-09-15,Vigente,Edgar Armando Sejas Rivas (Telf: 67660011),,Pando,Otra Normativa especifica nacional
26-1902-00-1685803-1-1,Gobierno Autonomo Municipal De Porvenir,Bienes,ANPE,Adquisición De Equipos De Computación Para Dirección De Desarrollo Humano (Sector Educación Para Las Unidades Educativas Monseñor Santiesteban Y Serafín Castedo Bth) 15 Computadoras De Escritorio,True,2026-09-02,2026-09-08,Vigente,Jose Richard Garcia Mamani (Telf: 67660011),,Pando,NB-SABS (D.S.0181)
26-2315-00-1685818-1-1,Empresa Municipal De Servicios De Aseo - Emsa,Consultoria,ANPE,"Inventariacion, Codificacion Y Revalorizacion Tecnica De Activos Fijos",False,2026-09-02,2026-09-08,Vigente,Juan Carlos Rojas  Altuzarra (Telf: 4298241),,Cochabamba,NB-SABS (D.S.0181)
26-2330-00-1685549-1-1,Empresa Publica Departamental De Servicios Electricos Tarija - Setar,Servicios Generales,CM,Contratacion De Servicio Para Refaccion Y Mantenimiento De Oficinas Del Dpto. De Perdidas Y Laboratorio De Medidores,False,2026-09-02,2026-09-07,Vigente,Jose Nivardo Ruiz Vega (Telf: 46642213 - INT. 102),,Tarija,NB-SABS (D.S.0181)
26-2330-00-1685658-1-1,Empresa Publica Departamental De Servicios Electricos Tarija - Setar,Servicios Generales,LP,Contratacion De Seguros Y Ramas Afines,False,2026-09-02,2026-09-23,Vigente,Jose Nivardo Ruiz Vega (Telf: 46642213 - INT. 102),,Tarija,NB-SABS (D.S.0181)
26-2330-00-1685727-1-1,Empresa Publica Departamental De Servicios Electricos Tarija - Setar,Bienes,ANPE,Adquisición De Medidores Monofásicos Para Instalación De Usuarios Nuevosyacuiba-Carapari,True,2026-09-02,2026-09-08,Vigente,Luis Miguel Duran Ojopi (Telf: 46642213 - INT. 102),,Tarija,NB-SABS (D.S.0181)
26-3402-00-1683167-2-1,Gobierno Autonomo Indigena Originario Campesino De Salinas,Bienes,ANPE,Const. De Aula U.E. San Martin (Adq. De Materiales),True,2026-09-02,2026-09-08,Vigente,Maria Carol Garcia Colque (Telf: 68511484),,Oruro,NB-SABS (D.S.0181)
26-3402-00-1685842-1-1,Gobierno Autonomo Indigena Originario Campesino De Salinas,Bienes,CM,Conexion De Red De Tanque Aroma A Tanque Comunidad Cruce Challviri (Adq. De Materiales),False,2026-09-02,2026-09-07,Vigente,Maria Carol Garcia Colque (Telf: 68511484),,Oruro,NB-SABS (D.S.0181)
26-3402-00-1685845-1-1,Gobierno Autonomo Indigena Originario Campesino De Salinas,Bienes,CM,Mejoramiento De Cordones De Plazas Comunidades (Chite Y Lipipujio) (Adq. De Material),False,2026-09-02,2026-09-07,Vigente,Maria Carol Garcia Colque (Telf: 68511484),,Oruro,NB-SABS (D.S.0181)
26-4601-02-1685752-1-1,Gobierno Autonomo Regional Del Gran Chaco - Carapari,Bienes,CND1,Adquisicion De Productos Metalicos Y Plasticos Para Funcionamiento Del Programa Conservación De Bosques Y Biodiversidad En La Región Autónoma Del Gran Chaco,False,2026-09-02,2026-09-07,Vigente,Rossy Lorena Rodriguez Ruiz (Telf: 74511947),,Tarija,Compro Hecho en Bolivia (D.S.4505)
26-906-23-1685687-1-1,Banco De Sangre De Referencia Departamental De Tarija,Bienes,CM,Adquisición De 09 Sets De Aféresis Spetra Optia Platelet Para Cosecha De Plaquetas 12400 Mas Solución Acda Para El Banco De Sangre De Referencia Departamental Tarija,False,2026-09-02,2026-09-07,Vigente,Roberto Carlos Soliz Lopez (Telf: 6664295),,Tarija,NB-SABS (D.S.0181)
26-0015-00-1684417-0-E,Ministerio De Gobierno,Consultoria,CM,Consultoría Por Producto: Evaluación Y Diseño De La Primera Fase De Implementación Del Sistema Nacional De Información Sobre Seguridad Estatal (Snise),False,2026-09-03,,Contratado,Guido Boris  Ajuacho (Telf: 2120002 - 2120003),,La Paz,NB-SABS (D.S.0181)
26-0015-00-1685954-0-E,Ministerio De Gobierno,Consultoria,CM,Consultoría Individual De Línea: Profesional Vii – Asesoría Legal – Santa Cruz,False,2026-09-03,,Contratado,Guido Boris  Ajuacho (Telf: 2120002 - 2120003),,La Paz,NB-SABS (D.S.0181)
26-0015-01-1684342-1-1,Policia Boliviana,Bienes,CM,"Adquisicion De Material De Limpieza, Correspondiente Al Segundo Trimestre Para El Comando Departamental De Policia La Paz, Gestion 2026.",False,2026-09-03,2026-09-09,Vigente,Gualberto Aruquipa Morales (Telf: 2-433211),,La Paz,NB-SABS (D.S.0181)
26-0015-01-1685904-1-1,Policia Boliviana,Servicios Generales,CM,"Para La Adquisición De Alimentos Frescos (Verduras, Hortalizas Y Frutas) Correspondiente Al Tercer Trimestre Gestión 2026 Para La Estación Policial Integral N° 5 Dependiente Del Comando Departamental De Policía Oruro",False,2026-09-03,2026-09-07,Vigente,Alberto Saul Blanco Vino (Telf: 2-433211),,La Paz,NB-SABS (D.S.0181)
26-0016-00-1685964-0-E,Ministerio De Educación,Consultoria,CM,Consultoría Individual De Línea Tecnico Iii En Auditoria De Confiabilidad,False,2026-09-03,,Contratado,Henry Efrain Morales Usnayo (Telf: 2442144   -   2441752),,La Paz,NB-SABS (D.S.0181)
26-0020-10-1685981-1-1,Comando General Del Ejercito,Servicios Generales,ANPP,Mantenimiento Del Sistema Hidrosanitario Del Bat. Com I “Cnl. Vidaurre”,True,2026-09-03,2026-09-15,Vigente,Grover Ponce Fernandez Cussi (Telf: 2977600),,La Paz,NB-SABS (D.S.0181)
26-0035-01-1677769-2-1,Servicio De Impuestos Nacionales,Servicios Generales,ANPE,Servicio De Mantenimiento Preventivo Y Correctivo Del Sistema De Seguridad Y Video Vigilancia,True,2026-09-03,2026-09-10,Vigente,Laura Rosario Gomez Miranda (Telf: 2606060 ),,La Paz,NB-SABS (D.S.0181)
26-0035-01-1685882-1-1,Servicio De Impuestos Nacionales,Bienes,CM,"Adquisición De Tóner Para La Iniciativa Del Proyecto “Multitrámites” Del Departamento De Recaudación Y  Empadronamiento - Para La Gerencia Distrital Montero - Gestión 2026""",False,2026-09-03,2026-09-08,Vigente,Marco Antonio Dorado Escobar (Telf: 2606060 ),,La Paz,NB-SABS (D.S.0181)
26-0035-01-1685918-1-1,Servicio De Impuestos Nacionales,Consultoria,ANPE,"Contratación De Cinco (05) Consultores Individuales De Línea Consultor J, Para La Iniciativa Procesos De Determinación - Gdscz Ii Gestion 2026",False,2026-09-03,2026-09-10,Vigente,Alvaro Gabriel Rojas Mejia (Telf: 2606060 ),,La Paz,NB-SABS (D.S.0181)
26-0035-01-1686084-0-E,Servicio De Impuestos Nacionales,Consultoria,CM,"Contratación De Un (1) Consultor Individual De Línea, Consultor J Para La Iniciativa ""Control De Obligaciones Fiscales Y Facilidades De Pago"" De La Gerencia Distrital Quillacollo - Gestión 2026",False,2026-09-03,,Contratado,Paola Indira Vasquez Carreño (Telf: 2606060 ),,La Paz,NB-SABS (D.S.0181)
26-0035-07-1685951-1-1,Registro Unico Para La Administracion Tributaria Municipal - Ruat,Servicios Generales,ANPP,Servicio De Soporte Para Equipos Servidores Dl360 - 2026,True,2026-09-03,2026-09-16,Vigente,Elena Condori Chura (Telf: 2112727),,La Paz,NB-SABS (D.S.0181)
26-0035-07-1686026-1-1,Registro Unico Para La Administracion Tributaria Municipal - Ruat,Servicios Generales,ANPP,Servicio De Soporte Técnico Para Equipo De Almacenamiento Hitachi E590-2026,True,2026-09-03,2026-09-16,Vigente,Elena Condori Chura (Telf: 2112727),,La Paz,NB-SABS (D.S.0181)
26-0041-20-1685661-0-E,Unidad Desconcentrada Empoderar,Consultoria,OF,Acompañante De Alianzas Productivas Uor Chaco Cipa 040/2026,False,2026-09-03,,Contratado,Carmen Tatiana Sanjinez Segovia (Telf: 2141750-2145337-71952144),,La Paz,Normativa del Financiador (BM)
26-0041-20-1685903-0-E,Unidad Desconcentrada Empoderar,Consultoria,OF,Acompañante De Alianzas Productivas Uor Chaco Cipa 041/2026,False,2026-09-03,,Contratado,Carmen Tatiana Sanjinez Segovia (Telf: 2141750-2145337-71952144),,La Paz,Normativa del Financiador (BM)
26-0041-20-1685916-0-E,Unidad Desconcentrada Empoderar,Consultoria,OF,Acompañante De Alianzas Productivas Uor Chaco Cipa 042/2026,False,2026-09-03,,Contratado,Carmen Tatiana Sanjinez Segovia (Telf: 2141750-2145337-71952144),,La Paz,Normativa del Financiador (BM)
26-0041-20-1685947-0-E,Unidad Desconcentrada Empoderar,Consultoria,OF,Acompañante De Alianzas Productivas Uor Chaco Cipa 043/2026,False,2026-09-03,,Contratado,Carmen Tatiana Sanjinez Segovia (Telf: 2141750-2145337-71952144),,La Paz,Normativa del Financiador (BM)
26-0041-20-1685984-0-E,Unidad Desconcentrada Empoderar,Consultoria,OF,Acompañante De Alianzas Productivas Uor Chaco Cipa 044/2026,False,2026-09-03,,Contratado,Carmen Tatiana Sanjinez Segovia (Telf: 2141750-2145337-71952144),,La Paz,Normativa del Financiador (BM)
26-0041-20-1686015-0-E,Unidad Desconcentrada Empoderar,Consultoria,OF,Acompañante De Alianzas Productivas Uor Chaco Cipa 045/2026,False,2026-09-03,,Contratado,Carmen Tatiana Sanjinez Segovia (Telf: 2141750-2145337-71952144),,La Paz,Normativa del Financiador (BM)
26-0041-20-1686035-0-E,Unidad Desconcentrada Empoderar,Consultoria,OF,Acompañante De Alianzas Productivas Uor Chaco Cipa 046/2026,False,2026-09-03,,Contratado,Carmen Tatiana Sanjinez Segovia (Telf: 2141750-2145337-71952144),,La Paz,Normativa del Financiador (BM)
26-0041-20-1686055-0-E,Unidad Desconcentrada Empoderar,Consultoria,OF,Acompañante De Alianzas Productivas Uor Chaco Cipa 047/2026,False,2026-09-03,,Contratado,Carmen Tatiana Sanjinez Segovia (Telf: 2141750-2145337-71952144),,La Paz,Normativa del Financiador (BM)
26-0041-24-1686154-1-1,Unidad De Coordinacion Y Ejecucion De Proyectos - Ucep Mi Riego,Consultoria,OF,Supervision Construccion Sistema De Riego En Las Comunidades De Cera Cera Y Cucuri (Poroma),False,2026-09-03,2026-09-23,Vigente,Karol Maria Natalia Andrade Mostajo (Telf: 2145792 - 72852834),,La Paz,Normativa del Financiador
26-0041-25-1686074-1-1,"Unidad Coordinadora Y Ejecutora De Programas Y Proyectos Del Ministerio De Desarrollo Productivo, Rural Y Agua, (Ucep - Mdprya)",Obras,LP,Mejoramiento Y Ampliación Red De Distribución De Sistema De Agua Potable Comunidad Los Pozos - Municipio De Yapacani,True,2026-09-03,2026-09-25,Vigente,Sergio Vidal Perez Millares (Telf: 2149951 - 21499861 - 2149964),,La Paz,NB-SABS (D.S.0181)
26-0046-00-1685434-1-1,Ministerio De Salud Y Deportes,Consultoria,ANPP,Contratación De Odontologos (Segun Contrato). Contratación De Profesionales Odontólogos Para Integrar Las Brigadas De Rehabilitación Oral Mediante Prótesis Dental,False,2026-09-03,2026-09-16,Vigente,Fermin Gonzales Miranda (Telf: 2497079),,La Paz,NB-SABS (D.S.0181)
26-0046-21-1685871-1-1,Seguro Social Universitario - Cochabamba,Bienes,ANPE,Materiales E Insumos De Laboratorio 6,True,2026-09-03,2026-09-10,Vigente,Elsa Victoria Silva Bustillo (Telf: 4226772),,Cochabamba,NB-SABS (D.S.0181)
26-0054-02-1685999-0-E,Conoce Bolivia,Servicios Generales,OF,Servicio De Limpieza Para La Gestion 2026 Para La Uep,False,2026-09-03,,Contratado,Luis Rodrigo Tapia Torrez (Telf: 2157773),,La Paz,Normativa del Financiador (BID)
26-0078-00-1685886-0-E,Ministerio De Hidrocarburos Y Energias,Consultoria,OF,Auditoria De Estados Financieros De Propósito Especial Del Programa De Electrificación Rural Iii,False,2026-09-03,,Contratado,Gabriela Katherine Castañon Marin (Telf: 2374050),,La Paz,Normativa del Financiador (BID)
26-0081-61-1671058-1-2,Unidad Tecnica Aeroportuaria - Uta,Consultoria,OF,Consultor De Línea Especialista Financiero,False,2026-09-03,2026-09-10,Vigente,Ivan Pena Yujra (Telf: 2156631),,La Paz,Normativa del Financiador (BID)
26-0081-61-1671064-1-2,Unidad Tecnica Aeroportuaria - Uta,Consultoria,OF,"Consultor De Línea Especialista En Monitoreo, Planificación Y Seguimiento",False,2026-09-03,2026-09-10,Vigente,Ivan Pena Yujra (Telf: 2156631),,La Paz,Normativa del Financiador (BID)
26-0132-00-1685988-0-E,Servicio De Desarrollo De Las Empresas Públicas Productivas,Servicios Generales,OF,"Envibol - Servicio De Transporte Y Logistica De Envases De Vidrio, Vidrio Reciclado, Pallets, Suministros Para La Fabrica De La Empresa Publica Productiva De Envases De Vidrio De Bolivia",False,2026-09-03,,Contratado,Sandra Ticona Juaniquina (Telf: 2147001),,La Paz,Otra Normativa especifica nacional
26-0134-00-1686073-1-1,Consejo Nacional De Vivienda Policial Covipol,Bienes,CND1,Adquisición De Estantes Metalico Tipo Mecano Para El Consejo Nacional De Vivienda Policial,False,2026-09-03,2026-09-08,Vigente,Margot Janett Cazon Cuenca (Telf:  2911820 -2911821),,La Paz,Compro Hecho en Bolivia (D.S.4505)
26-0138-00-1685259-0-E,Universidad Mayor Real Y Pontificia De San Francisco Xavier,Consultoria,CM,"Contratacion Consultor Individual Por Producto: Docente Con Radicatoria En El Extrajero Para El Modulo Ii Avanzado, Asignatura 5 “Diseño De Hormigon Armado: Tradicional, Pretensado Y Postensado”, Del Programa De Maestria En Ingenieria De Estructuras Sismorresistentes, Version Ii Modalidad Virtual Del Centro De Estudios De Posgrado E Investigacion De La Universidad Mayor Real Y Pontificia De San Francisco Xavier De Chuquisaca.",False,2026-09-03,,Contratado,Marieli Glenda Veramendi Alba (Telf: 6451970),,Chuquisaca,NB-SABS (D.S.0181)
26-0139-00-1686060-1-1,Universidad Mayor De San Andres - Umsa,Obras,ANPE,Refaccion Centro Regional Universitario Altiplano Norte Lacustre Achacachi,True,2026-09-03,2026-09-10,Vigente,Adalid Bejarano Salas (Telf: 2441994),,La Paz,NB-SABS (D.S.0181)
26-0142-00-1682905-1-1,Universidad Tecnica De Oruro Uto,Bienes,ANPE,Equip. Laboratorio De Hidraulica Carr. Ing. Civil-Fni-Uto,True,2026-09-03,2026-09-10,Vigente,Claudia Ximena Fernandez Burgoa (Telf: 5286039),,Oruro,NB-SABS (D.S.0181)
26-0146-00-1685670-0-E,Universidad Autonoma Gabriel Rene Moreno,Consultoria,CM,Contratacion De Un Consultor Individual De Linea Para La Elaboracion De Una Base De Datos Digitalizada De Los Programas Academicos De La Gestion 2026 De La Unidad De Postgrado De La Facultad De Ciencias Agricolas,False,2026-09-03,,Contratado,Mariela Lupita Sanchez Orellana (Telf: 3398516),,Santa Cruz,NB-SABS (D.S.0181)
26-0146-00-1685927-0-E,Universidad Autonoma Gabriel Rene Moreno,Consultoria,CM,Contratacion De Un Consultor Individual De Linea Pra Brindar Soporte Tecnico A La Plataforma De Aulas Virtuales De La Unidad De Postgrado De La Facultad De Ciencias Agricolas,False,2026-09-03,,Contratado,Mariela Lupita Sanchez Orellana (Telf: 3398516),,Santa Cruz,NB-SABS (D.S.0181)
26-0203-00-1685584-1-1,Autoridad De Supervision Del Sistema Financiero,Servicios Generales,ANPP,Servicio De Centro De Operaciones De Seguridad (Soc),True,2026-09-03,2026-09-15,Vigente,Erick Gonzalo Catunta Choque (Telf:  2174444 - 2431919 ),,La Paz,NB-SABS (D.S.0181)
26-0206-05-1685876-0-E,Fortalecimiento Del Sistema Estadístico Del Estado Plurinacional De Bolivia,Consultoria,OF,Técnico 1 Encargado En Operativo De Campo Nacional - Pfseepb,False,2026-09-03,,Contratado,Xavier Marcelo Palenque Avilés (Telf: 2222333),,La Paz,Normativa del Financiador (BID)
26-0206-05-1685880-0-E,Fortalecimiento Del Sistema Estadístico Del Estado Plurinacional De Bolivia,Consultoria,OF,Técnico 1 Encargado En Operativo De Campo Nacional - Pfseepb,False,2026-09-03,,Contratado,Xavier Marcelo Palenque Avilés (Telf: 2222333),,La Paz,Normativa del Financiador (BID)
26-0206-05-1685992-0-E,Fortalecimiento Del Sistema Estadístico Del Estado Plurinacional De Bolivia,Consultoria,OF,Especialista 3 En Socializacion Con Organizaciones Productivas,False,2026-09-03,,Contratado,Felix Espinoza Merida (Telf: 2222333),,La Paz,Normativa del Financiador
26-0212-00-1685924-0-E,Instituto Nacional De Reforma Agraria Inra,Consultoria,CM,“Contratacion Del Servicio De Una Consultoria Indivicual De Linea Tecnico I Juridico”,False,2026-09-03,,Contratado,Juan Carlos Garron Mamani (Telf: 2408757 - 2407694),,La Paz,NB-SABS (D.S.0181)
26-0254-00-1686083-1-1,Instituto Del Seguro Agrario,Servicios Generales,CM,Servicio De Elaboración De Globos Inflables Publicitarios Institucionales Para Fortalecer La Difusión E Información De La Imagen Institucional,False,2026-09-03,2026-09-08,Vigente,Juan Carlos Tupa Arnez (Telf: 2148288),,La Paz,NB-SABS (D.S.0181)
26-0283-04-1686118-1-1,Gerencia Regional Potosi - Aduana Nacional De Bolivia,Servicios Generales,CM,"Servicio De Mantenimiento De Grupos Electrógenos De La Gerencia Regional Potosí, Administraciones Dependientes Y Ucoe",False,2026-09-03,2026-09-09,Vigente,Vicente Mollo Blaz (Telf: (2) 6231644),,Potosi,NB-SABS (D.S.0181)
26-0283-04-1686132-1-1,Gerencia Regional Potosi - Aduana Nacional De Bolivia,Servicios Generales,CM,Contratación Del Servicio De Transporte Para El Traslado De Mercancía Incautada De Los Puntos De Inspección Aduaneros (Pias) Al Recinto Albo S.A. Villazon,False,2026-09-03,2026-09-09,Vigente,Vicente Mollo Blaz (Telf: (2) 6231644),,Potosi,NB-SABS (D.S.0181)
26-0287-00-1685674-0-E,Fondo Nacional De Inversion Productiva Y Social  -  Fps,Consultoria,CM,"“Contratacion De Servicio De Consultoria Individual De Linea – Encargada (O) De Produccion Audiovisual, Diseño Grafico Y Marketing Para Programa Focipp, Oficina Centraldel Fps  ”",False,2026-09-03,,Contratado,Jose Luis Alandia Mercado (Telf: 2-412474 - 411995),,La Paz,NB-SABS (D.S.0181)
26-0287-01-1619218-2-1,Fondo Nacional De Inversion Productiva Y Social  -  La Paz,Obras,OF,Const. Enlosetado Comunidad Chicani (Palca),False,2026-09-03,2026-09-24,Vigente,Andrea Valdez Aramayo (Telf: 2125454),,La Paz,Normativa del Financiador
26-0291-00-1672886-2-1,Administradora Boliviana De Carreteras (Abc),Obras,LP,Conser. Tramo Lp09 La Paz - Oruro (Autopista La Paz - El Alto/Senkata - Oruro),True,2026-09-03,2026-09-25,Vigente,Denis Arturo Apaza Chuquimia (Telf: 2159800),,La Paz,NB-SABS (D.S.0181)
26-0291-00-1686112-1-1,Administradora Boliviana De Carreteras (Abc),Servicios Generales,ANPE,Servicio De Pasajes Aereos Nacionales Para La Abc Ultimo Cuatrimestre Del Año 2026,False,2026-09-03,2026-09-09,Vigente,Paolo Roberto Vega Bellido (Telf: 2159800),,La Paz,NB-SABS (D.S.0181)
26-0291-07-1683132-1-1,Administradora Boliviana De Carreteras - Regional Santa Cruz,Obras,OF,Banegas Bridge Expansion Joint Replacement,False,2026-09-03,2026-10-19,Vigente,Julio Andres Quiroga Rios (Telf: 3547031),,Santa Cruz,Normativa del Financiador
26-0292-00-1686033-0-E,Vias Bolivia,Bienes,CD,Adquisición De Combustible Para Los Vehículos Y Generadores De Energía Para Las Estaciones De La Oficina Regional La Paz - Gestión 2026 (Segundo Semestre),False,2026-09-03,,Contratado,Isbel Rocio Rueda Teran (Telf: 800-10-8427),,La Paz,NB-SABS (D.S.0181)
26-0309-00-1686144-0-E,Autoridad De Fiscalizacion Del Juego - Aj,Consultoria,CM,Consultor Individual De Linea Profesional Iv - Enlace Administrativo Para La Direccion Regional La Paz - Gestion 2026,False,2026-09-03,,Contratado,Gladys Isabel Cuevas Calle (Telf: 2125057 - 2125081),,La Paz,NB-SABS (D.S.0181)
26-0340-00-1685336-1-1,Servicio General De Identificacion Personal,Bienes,CM,Adquisicion De Material De Escritorio Para La Oficina Nacional 2do Semestre,False,2026-09-03,2026-09-08,Vigente,Rosangela Canaviri Bautista (Telf: 2117405 - 2141370),,La Paz,NB-SABS (D.S.0181)
26-0340-00-1686034-0-E,Servicio General De Identificacion Personal,Consultoria,CM,Consultoria Individual De Linea - Tecnico En Soporte A Usuarios,False,2026-09-03,,Contratado,Rosangela Canaviri Bautista (Telf: 2117405 - 2141370),,La Paz,NB-SABS (D.S.0181)
26-0340-00-1686053-0-E,Servicio General De Identificacion Personal,Consultoria,CM,Consultoria Individual De Linea - Tecnico De Operaciones Para La Direccion Departamental De Beni,False,2026-09-03,,Contratado,Rosangela Canaviri Bautista (Telf: 2117405 - 2141370),,La Paz,NB-SABS (D.S.0181)
26-0389-00-1685934-1-1,Navegacion Aerea Y Aeropuertos Bolivianos,Servicios Generales,CM,Servicio Medico De Audiometría En Los Aeropuertos De La Regional Cochabamba,False,2026-09-03,2026-09-08,Vigente,Adalid Vargas Escalera (Telf: 2351305),,La Paz,NB-SABS (D.S.0181)
26-0389-00-1686122-1-1,Navegacion Aerea Y Aeropuertos Bolivianos,Bienes,ANPP,Adquiscion De Material De Escritorio Regional Beni Segundo Semestre,True,2026-09-03,2026-09-16,Vigente,Gabriela Cecilia Gonzales Subirana (Telf: 2351305),,La Paz,NB-SABS (D.S.0181)
26-0417-01-1685850-1-1,Caja Nacional De Salud (Regional Tarija),Bienes,CNC,Adquisicion De Medicamentos D.S. 4505 Para Regencia De Farmacia (8),True,2026-09-03,2026-09-08,Vigente,Fabian Valeriano Lopez (Telf: 6642940),,Tarija,Compro Hecho en Bolivia (D.S.4505)
26-0417-02-1670437-3-1,Caja Nacional De Salud (Regional Cobija),Bienes,CM,Adquisicion De Materiales Y Accesorios Para Equipos De Climatizacion Para El Hies Obrero Nº9 Cns Regional Pando,False,2026-09-03,2026-09-08,Vigente,Udale Tina Villegas Piloy (Telf: 8422409),,Pando,NB-SABS (D.S.0181)
26-0417-03-1675924-2-1,Caja Nacional De Salud Regional Santa Cruz ,Bienes,CM,"35 Pieza Pinza De Cuerpo Extraño Para Endoscopia, 105 Pieza Pinza De Biopsia Para Endoscopia Alta Desechable, 105 Pieza Pinza De Biopsia Para Endoscopia  Baja Desechable - Serv. De Gastroenterologia Endoscopia Digestiva - Medicna Interna",False,2026-09-03,2026-09-08,Vigente,Maria Eugenia Morales Jimenez (Telf: 3-393354),,Santa Cruz,NB-SABS (D.S.0181)
26-0417-03-1680776-2-1,Caja Nacional De Salud Regional Santa Cruz ,Bienes,ANPE,"9200 Ampolla/Inyectable Paracetamol (Acetaminofeno) 1 Gr.
 Supervision Regional De Farmacia",True,2026-09-03,2026-09-09,Vigente,Ludwing Omar Romero Paz (Telf: 3-393354),,Santa Cruz,NB-SABS (D.S.0181)
26-0417-03-1685898-1-1,Caja Nacional De Salud Regional Santa Cruz ,Bienes,ANPE,"04 Equipo Monitor De Signos Vitales
Direccion Policlinico Cns Paise Irala",True,2026-09-03,2026-09-09,Vigente,Robert Cabrera Cuellar (Telf: 3-393354),,Santa Cruz,NB-SABS (D.S.0181)
26-0417-03-1685963-1-1,Caja Nacional De Salud Regional Santa Cruz ,Bienes,ANPE,"28 Item Producto Quimicos - Pintura Sintetica - Removedor Y Masas Corrida
Dpto. Regional De Infraestructura",True,2026-09-03,2026-09-09,Vigente,Juan Gabriel Arancibia Coronado (Telf: 3-393354),,Santa Cruz,NB-SABS (D.S.0181)
26-0417-03-1685995-1-1,Caja Nacional De Salud Regional Santa Cruz ,Bienes,CM,30 Pieza Pasta Para Electroencefalograma De 400 Gramos - Enfermeria Paise Irala,False,2026-09-03,2026-09-08,Vigente,Maria Eugenia Morales Jimenez (Telf: 3-393354),,Santa Cruz,NB-SABS (D.S.0181)
26-0417-03-1686017-1-1,Caja Nacional De Salud Regional Santa Cruz ,Bienes,CM,"150 Pieza Filtro Hidrofogo Para Aspirador  Descartable, 20 Pieza Drenaje Aspirativo 600ml Con Cateter N° 16, 108 Frasco Espuma Detergente Desinfectante  De Superficies - His Montero ( Servicio De Quirofano)",False,2026-09-03,2026-09-08,Vigente,Maria Eugenia Morales Jimenez (Telf: 3-393354),,Santa Cruz,NB-SABS (D.S.0181)
26-0417-04-1685875-1-1,Caja Nacional De Salud Regional Cochabamba,Bienes,CNC,"Atorvastatina 20 Mg  - Comprimido
",True,2026-09-03,2026-09-09,Vigente,Nelson Evert Siles Balderrama (Telf: 4234378),,Cochabamba,Compro Hecho en Bolivia (D.S.4505)
26-0417-04-1685929-1-1,Caja Nacional De Salud Regional Cochabamba,Bienes,ANPE,Detergente Enzimatico,True,2026-09-03,2026-09-09,Vigente,Boris Javier Alarcon Hinojosa (Telf: 4234378),,Cochabamba,NB-SABS (D.S.0181)
26-0417-04-1685970-1-1,Caja Nacional De Salud Regional Cochabamba,Bienes,ANPE,Pinzas Selladoras De Vasos Caiman,True,2026-09-03,2026-09-09,Vigente,Ulisses Hernan Martinez Arteaga (Telf: 4234378),,Cochabamba,NB-SABS (D.S.0181)
26-0417-04-1686024-1-1,Caja Nacional De Salud Regional Cochabamba,Bienes,ANPP,Pallet Plásticos,True,2026-09-03,2026-09-16,Vigente,Ulisses Hernan Martinez Arteaga (Telf: 4234378),,Cochabamba,NB-SABS (D.S.0181)
26-0417-06-1675057-1-2,Caja Nacional De Salud (Regional Chuquisaca),Bienes,ANPE,Adquisicion De Reactivos E Insumos Para El Gasometro Abl-835 Para El Servicio De Laboratorio Del Hospital Jaime Mendoza,True,2026-09-03,2026-09-10,Vigente,Iveth Helen Mancilla Cervantes (Telf: 64-53226),,Chuquisaca,NB-SABS (D.S.0181)
26-0417-08-1681432-2-1,Caja Nacional De Salud (Regional Potosi),Bienes,ANPP,Equipos De Computación De Escritorio Declarados Desierto (2da Convocatoria),True,2026-09-03,2026-09-15,Vigente,Raul Rengipo Montaño (Telf: 6223840),,Potosi,NB-SABS (D.S.0181)
26-0417-08-1684119-1-1,Caja Nacional De Salud (Regional Potosi),Bienes,ANPE,Adquisición De Insumos Médicos (Guantes Descartables Y Quirúrgicos)..,True,2026-09-03,2026-09-09,Vigente,Raul Rengipo Montaño (Telf: 6223840),,Potosi,NB-SABS (D.S.0181)
26-0417-08-1685993-1-1,Caja Nacional De Salud (Regional Potosi),Bienes,CNC,Compra De 36 Ítems De Medicamentos Para La Distrital De Uyuni ,True,2026-09-03,2026-09-10,Vigente,Heriberto Tito Condori Villca (Telf: 6223840),,Potosi,Compro Hecho en Bolivia (D.S.4505)
26-0417-08-1686023-1-1,Caja Nacional De Salud (Regional Potosi),Bienes,CM,Insumos Médicos (Yeso De Vidrio Acrílicos De Diferentes Medidas),False,2026-09-03,2026-09-08,Vigente,Raul Rengipo Montaño (Telf: 6223840),,Potosi,NB-SABS (D.S.0181)
26-0417-08-1686039-1-1,Caja Nacional De Salud (Regional Potosi),Bienes,CND1,Adqusiscion De Muebles A Solicitud De La Unidad De Gestion De Calidad H.O.  N°5,False,2026-09-03,2026-09-08,Vigente,Raul Rengipo Montaño (Telf: 6223840),,Potosi,Compro Hecho en Bolivia (D.S.4505)
26-0417-08-1686047-1-1,Caja Nacional De Salud (Regional Potosi),Bienes,CND1,Adquisison De Muebles Para El Servicio De Pediatria H.O N°5,False,2026-09-03,2026-09-08,Vigente,Raul Rengipo Montaño (Telf: 6223840),,Potosi,Compro Hecho en Bolivia (D.S.4505)
26-0417-09-1684566-1-1,Caja Nacional De Salud - Regional La Paz,Bienes,CND1,6 Items Material De Limpieza - Hode Psiquiatria,False,2026-09-03,2026-09-07,Vigente,Brayan Luis Cabrera Vera (Telf: 2-901777),,La Paz,Compro Hecho en Bolivia (D.S.4505)
26-0417-09-1684587-1-1,Caja Nacional De Salud - Regional La Paz,Bienes,CNC,2100 Frasco Solucion Basica Segun Disponibilidad Supervision De Farmacia Regional La Paz ,True,2026-09-03,2026-09-08,Vigente,Brayan Luis Cabrera Vera (Telf: 2-901777),,La Paz,Compro Hecho en Bolivia (D.S.4505)
26-0417-09-1685917-1-1,Caja Nacional De Salud - Regional La Paz,Bienes,ANPE,3 Items. Insumos De Odontologia. Supervison De Odontologia Regional La Paz,True,2026-09-03,2026-09-09,Vigente,Brayan Luis Cabrera Vera (Telf: 2-901777),,La Paz,NB-SABS (D.S.0181)
26-0417-09-1685941-1-1,Caja Nacional De Salud - Regional La Paz,Bienes,ANPP,"2 Items. Otra Maquinaria Y Equipo. 
Servicio De Nutricion. Haig Obrero No. 1",True,2026-09-03,2026-09-15,Vigente,Manuel Alejandro Almendro Lazarte (Telf: 2-901777),,La Paz,NB-SABS (D.S.0181)
26-0417-09-1685953-1-1,Caja Nacional De Salud - Regional La Paz,Bienes,CNC,"19926 Frasco Lagrimas Artificiales 0,3% O 1% Supervision De Farmacia Regional La Paz",True,2026-09-03,2026-09-08,Vigente,Brayan Luis Cabrera Vera (Telf: 2-901777),,La Paz,Compro Hecho en Bolivia (D.S.4505)
26-0417-09-1685983-1-1,Caja Nacional De Salud - Regional La Paz,Bienes,ANPP,1985 Frasco. Solucion Basica. Servicio De Farmacia. Haig Obrero N1,True,2026-09-03,2026-09-15,Vigente,Brayan Luis Cabrera Vera (Telf: 2-901777),,La Paz,NB-SABS (D.S.0181)
26-0417-09-1685990-1-1,Caja Nacional De Salud - Regional La Paz,Bienes,ANPP,380 Ampolla. Inmunoglobulina Humana Normal 5g Iv. Servicio De Farmacia. Haig Obrero N1,True,2026-09-03,2026-09-15,Vigente,Brayan Luis Cabrera Vera (Telf: 2-901777),,La Paz,NB-SABS (D.S.0181)
26-0417-09-1686009-1-1,Caja Nacional De Salud - Regional La Paz,Bienes,ANPP,"4 Items Equipos De Comunicacion. 
Unidad De Sistemas Regional La Paz",True,2026-09-03,2026-09-15,Vigente,Manuel Alejandro Almendro Lazarte (Telf: 2-901777),,La Paz,NB-SABS (D.S.0181)
26-0417-09-1686019-1-1,Caja Nacional De Salud - Regional La Paz,Bienes,ANPP,14 Items. Utiles Y Materiales Electricos. Unidad De Sistemas Regional La Paz,True,2026-09-03,2026-09-15,Vigente,Brayan Luis Cabrera Vera (Telf: 2-901777),,La Paz,NB-SABS (D.S.0181)
26-0417-09-1686044-1-1,Caja Nacional De Salud - Regional La Paz,Bienes,ANPP,"350 Ampolla Albumina Humana 20%. 
Servicio De Farmacia. Haig Obrero N1",True,2026-09-03,2026-09-15,Vigente,Manuel Alejandro Almendro Lazarte (Telf: 2-901777),,La Paz,NB-SABS (D.S.0181)
26-0418-03-1685715-1-1,Caja Petrolera De Salud Departamental Cochabamba,Bienes,CM,Adquisicion De Instrumental Medico Menor I Declarados Desierto Ii,False,2026-09-03,2026-09-08,Vigente,Deisy Janeth Chacon Baldiviezo (Telf: 4512198),,Cochabamba,NB-SABS (D.S.0181)
26-0422-00-1677550-2-1,Caja Bancaria Estatal De Salud,Servicios Generales,ANPP,Servicios Complementarios De Resonancia Magnética Para La Cbes Regional Cochabamba Gestión 2026,False,2026-09-03,2026-09-16,Vigente,Hernan Eddy Marconi Marcani (Telf: 2220404),,La Paz,NB-SABS (D.S.0181)
26-0422-00-1677559-2-1,Caja Bancaria Estatal De Salud,Servicios Generales,ANPP,"Servicios Complementarios De Ecografía, Rayos X Y Tomografía Para La Cbes Regional Cochabamba Gestión 2026",False,2026-09-03,2026-09-16,Vigente,Hernan Eddy Marconi Marcani (Telf: 2220404),,La Paz,NB-SABS (D.S.0181)
26-0422-00-1677890-2-1,Caja Bancaria Estatal De Salud,Servicios Generales,CM,Servicio De Estudio Electrofisiologico Para Ablacion Por Radiofrecuencia Via Accesoria,False,2026-09-03,2026-09-08,Vigente,Joan Katherine Espinoza Torrez (Telf: 2220404),,La Paz,NB-SABS (D.S.0181)
26-0423-00-1686108-1-1,Caja De Salud De Caminos Y Ramas Anexas,Bienes,CND1,"Adquisición De Equipo De Computación Para El Servicio De Imagenología Ítem Con Ficha Técnica Regional Potosí – Tupiza.
",False,2026-09-03,2026-09-07,Vigente,Carlos Nildo Lazo Cordova (Telf: 2916539),,La Paz,Compro Hecho en Bolivia (D.S.4505)
26-0424-08-1686028-1-1,Caja De Salud Cordes Regional Cochabamba,Bienes,CM,Adquisicion De Papel Bond Tamaño Oficio Ii,False,2026-09-03,2026-09-09,Vigente,Julio Cesar Huarachi Torricos (Telf: 4417000-44794820),,Cochabamba,NB-SABS (D.S.0181)
26-0435-00-1685270-1-1,Seguro Integral De Salud Sinec,Bienes,ANPP,Compra De Medicamentos Iii,True,2026-09-03,2026-09-15,Vigente,Susy Lizondo Balon (Telf: 3323173),,Santa Cruz,NB-SABS (D.S.0181)
26-0513-00-1685867-0-E,Yacimientos Petroliferos Fiscales Bolivianos - Ypfb,Bienes,OF,Adquisición Equipo Y Accesorios De Adecuación Y Muestreo Para Determinación De Hg En El Gas Natural De Planta Psl Río Grande,False,2026-09-03,,Contratado,Wilfredo Ruben Arenas Aguilar (Telf: 2176300),,La Paz,Otra Normativa especifica nacional
26-0513-00-1685901-0-E,Yacimientos Petroliferos Fiscales Bolivianos - Ypfb,Bienes,OF,Adquisición De Elementos Filtrantes Para Los Filtros De La Planta Psl Río Grande – Gind,False,2026-09-03,,Contratado,Wilfredo Ruben Arenas Aguilar (Telf: 2176300),,La Paz,Otra Normativa especifica nacional
26-0513-00-1685986-0-E,Yacimientos Petroliferos Fiscales Bolivianos - Ypfb,Servicios Generales,OF,"Servicio De Mantenimiento De Luminarias, Aires Acondicionados, Cctv Y Limpieza Externa De Equipos Criogénicos De Las Esr – Gind",False,2026-09-03,,Contratado,Wilfredo Ruben Arenas Aguilar (Telf: 2176300),,La Paz,Otra Normativa especifica nacional
26-0513-00-1686109-0-E,Yacimientos Petroliferos Fiscales Bolivianos - Ypfb,Obras,OF,Construccion De Red Secundaria Ciudad De Santa Cruz Fase 1/2026 - Drsb,False,2026-09-03,,Contratado,Mabel Catacora Copa (Telf: 2176300),,La Paz,Otra Normativa especifica nacional
26-0517-02-1685932-1-1,Empresa Minera Huanuni,Bienes,ANPP,Adquisicion De Equipos De Telecomunicacion (Emh-Os-2026),True,2026-09-03,2026-09-16,Vigente,Jhon Milo Rodriguez Reyes (Telf: 25520033 - 25520034),,Oruro,NB-SABS (D.S.0181)
26-0517-02-1686062-1-1,Empresa Minera Huanuni,Servicios Generales,ANPE,Servicio De Mantenimiento Y Reparacion De Vehiculos Pedido 3 (Tyg-Emh-2026),True,2026-09-03,2026-09-10,Vigente,Jhon Milo Rodriguez Reyes (Telf: 25520033 - 25520034),,Oruro,NB-SABS (D.S.0181)
26-0517-02-1686077-1-1,Empresa Minera Huanuni,Servicios Generales,ANPP,Servicio De Mantenimiento Y Reparacion De Volquetas Pedido 2 (Tyg-Emh-2026),True,2026-09-03,2026-09-16,Vigente,Jhon Milo Rodriguez Reyes (Telf: 25520033 - 25520034),,Oruro,NB-SABS (D.S.0181)
26-0517-02-1686119-1-1,Empresa Minera Huanuni,Servicios Generales,ANPP,"Servicio De Alimentacion Oficiales Y Soldados Del Ejercito Nacional, Desayuno, Almuerzo, Cena Té 2 (Vig-Emh-2026)",True,2026-09-03,2026-09-17,Vigente,Jhon Milo Rodriguez Reyes (Telf: 25520033 - 25520034),,Oruro,NB-SABS (D.S.0181)
26-0517-08-1685899-1-1,Empresa Minera Colquiri,Bienes,ANPE,Clq-26-Anpe-164/2026 Adquisición De Rodamientos Y Retenes,True,2026-09-03,2026-09-10,Vigente,Rilberth Cristhian Villegas Marca (Telf: 68350816-68350810),,La Paz,NB-SABS (D.S.0181)
26-0517-08-1686088-1-1,Empresa Minera Colquiri,Bienes,ANPP,Clq-26-Anpe-228/2026 Adquisicion De Repuestos Baja Rotacion Perforadoras Neumaticas Seco Jackleg Y Stoper S250,True,2026-09-03,2026-09-16,Vigente,Bernardino Bautista Mamani (Telf: 68350816-68350810),,La Paz,NB-SABS (D.S.0181)
26-0520-00-1686000-1-1,Empresa Metalurgica Vinto - Nacionalizada,Bienes,ANPE,Adquisición De Electrodo Revestido E-7018,True,2026-09-03,2026-09-09,Vigente,Jhenny Mostacedo Flores (Telf: 252-78091 - 252-78098),,Oruro,NB-SABS (D.S.0181)
26-0526-00-1685994-1-1,Empresa Estatal De Televisión Bolivia Tv,Bienes,ANPE,“Adquisición De Repuestos Transistores De Alta Potencia Repetidoras”,True,2026-09-03,2026-09-10,Vigente,Limbert Willy Flores Flores (Telf: 2187300),,La Paz,NB-SABS (D.S.0181)
26-0526-00-1685998-1-1,Empresa Estatal De Televisión Bolivia Tv,Bienes,CM,Adquisición De Repuestos Para Transmisores De Baja Potencia,False,2026-09-03,2026-09-08,Vigente,Jaqueline Fidelia Apaza Nina (Telf: 2187300),,La Paz,NB-SABS (D.S.0181)
26-0548-00-1686069-1-1,Cofadena Oficina Central,Bienes,ANPE,"Adquisicion De Tuberias De Pvc De 6” Esq. 80 Para La Perforacion De Pozo Del Proyecto El Ajadito, Municipio San Isidro Del Espino, Comunidad Masavi.",True,2026-09-03,2026-09-09,Vigente,Nancy Norah Montaño Zuñiga (Telf: 2433810),,La Paz,NB-SABS (D.S.0181)
26-0578-00-1685019-0-E,Empresa Publica Nacional Estrategica Boliviana De Aviacion - Bo A,Bienes,CD,(Rep 6200) Compra De Repuesto Por Intercambio (Flat Exchange) Lote 57,False,2026-09-03,,Contratado,Andrea Zulema Balderrama Bravo (Telf: 4150000),,Cochabamba,NB-SABS (D.S.0181)
26-0580-00-1686013-1-1,Depósitos Aduaneros Bolivianos ,Servicios Generales,CM,Servicio De Limpieza De Pozo Séptico - Rafch,False,2026-09-03,2026-09-08,Vigente,Micaela Gabriela Quisbert Vargas (Telf: 2154035),,La Paz,NB-SABS (D.S.0181)
26-0650-03-1686067-1-1,Camara De Diputados ,Bienes,ANPE,Adquisición De Impresoras A Tinta Para El Área Administrativa Y Otros De La Cámara De Diputados - Gestión 2026,True,2026-09-03,2026-09-10,Vigente,Anneliz Ramirez Tapia (Telf: 214 4724 - 214 4725),,La Paz,NB-SABS (D.S.0181)
26-0660-12-1685736-1-1,Direccion Administrativa Y Financiera - Organo Judicial - Chuquisaca,Servicios Generales,CM,Mantenimiento Y Reparacion De Mobiliario De Propiedad Del Tribunal Departamental De Justicia De Chuquisaca,False,2026-09-03,2026-09-08,Vigente,Vania Nayeli Cuellar Ortuño (Telf: 64-57136),,Chuquisaca,NB-SABS (D.S.0181)
26-0682-00-1685909-0-E,Defensoría Del Pueblo,Consultoria,CM,"Consultoría Individual De Línea – Profesional Ii Para El Levantamiento Y Análisis De Información Territorial, Biofísica Y Social En El Cerro Manomó Y Pantanal",False,2026-09-03,,Contratado,Nelson Nattes Guerrero (Telf: 2113600),,La Paz,NB-SABS (D.S.0181)
26-0802-00-1685878-0-E,Empresa Local De Agua Potable Y Alcantarillado Elapas Sucre - Elapas,Consultoria,CM,Consultoria Por Producto Supervisión Técnica De La Obra Construcción Redes De Alcantarillado Sanitario Distrito 4,False,2026-09-03,,Contratado,Gregorio Otrillas Laime (Telf: 6453151),,Chuquisaca,NB-SABS (D.S.0181)
26-0802-00-1685889-0-E,Empresa Local De Agua Potable Y Alcantarillado Elapas Sucre - Elapas,Consultoria,CM,Consultoria Por Producto Supervisión Técnica De La Obra Construcción Redes De Alcantarillado Sanitario Distrito 3,False,2026-09-03,,Contratado,Gregorio Otrillas Laime (Telf: 6453151),,Chuquisaca,NB-SABS (D.S.0181)
26-0831-00-1685071-1-2,Servicio Local Acueducto Y Alcantarillado - Sela Oruro,Bienes,ANPP,Provisión De Cuatro Motocicletas Todo Terreno De 184 Cc,True,2026-09-03,2026-09-15,Vigente,Roberto Franco Choque Blaz (Telf: 5247701),,Oruro,NB-SABS (D.S.0181)
26-0831-00-1685230-1-1,Servicio Local Acueducto Y Alcantarillado - Sela Oruro,Bienes,CM,Adquisición De Una Pieza Hidrante Enterrado Con Arqueta Y Tapa Una Salida,False,2026-09-03,2026-09-08,Vigente,Roberto Franco Choque Blaz (Telf: 5247701),,Oruro,NB-SABS (D.S.0181)
26-0901-02-1686003-1-1,Servicio Departamental De Salud Chuquisaca,Bienes,CNC,Adquisicion De Medicamentos ( 3 Items ) Para El Servicio De Farmacia Del Instituto Chuquisaqueño De Oncologia Correspondiente Al Segundo Cuatrimestre De La Gestion 2026,True,2026-09-03,2026-09-09,Vigente,Dayana Serrudo Hidalgo (Telf: 64-53147 - 64-54891),,Chuquisaca,Compro Hecho en Bolivia (D.S.4505)
26-0901-02-1686004-1-1,Servicio Departamental De Salud Chuquisaca,Bienes,ANPE,Adquisicion De Propofol Inyectable 10 Mg/Ml 20 Ml Para Pacientes S.U.S.Del Hospital De Tercer Nivel De Chuquisaca Segundo Cuatrimestre 2026,True,2026-09-03,2026-09-09,Vigente,Jose Alfredo Sanchez Moscoso (Telf: 64-53147 - 64-54891),,Chuquisaca,NB-SABS (D.S.0181)
26-0901-02-1686008-1-1,Servicio Departamental De Salud Chuquisaca,Bienes,CNC,Adquisicion De Medicamentos ( 6 Items ) Para El Servicio De Farmacia Del Instituto Chuquisaqueño De Oncologia Correspondiente Al Segundo Cuatrimestre De La Gestion 2026 ,True,2026-09-03,2026-09-09,Vigente,Dayana Serrudo Hidalgo (Telf: 64-53147 - 64-54891),,Chuquisaca,Compro Hecho en Bolivia (D.S.4505)
26-0901-02-1686010-1-1,Servicio Departamental De Salud Chuquisaca,Bienes,ANPE,Adquisicion De Filtro Para Hemodialisis Nº 7 Bajo Flujo Para Los Pacientes Del Programa Renal Del Hospital De Tercer Nivel De Chuquisaca Segundo Cuatrimestre 2026,True,2026-09-03,2026-09-09,Vigente,Jose Alfredo Sanchez Moscoso (Telf: 64-53147 - 64-54891),,Chuquisaca,NB-SABS (D.S.0181)
26-0901-02-1686012-1-1,Servicio Departamental De Salud Chuquisaca,Bienes,CNC,Adquisicion De Medicamentos ( 4 Items ) Para El Servicio De Farmacia Del Instituto Chuquisaqueño De Oncología Correspondiente Al Segundo Cuatrimestre De La Gestion 2026,True,2026-09-03,2026-09-09,Vigente,Dayana Serrudo Hidalgo (Telf: 64-53147 - 64-54891),,Chuquisaca,Compro Hecho en Bolivia (D.S.4505)
26-0901-02-1686040-1-1,Servicio Departamental De Salud Chuquisaca,Bienes,ANPP,Adquisicion De Eritropoyetina Inyectable 4000 Ui Para Los Pacientes Programa Renal Del Hospital De Tercer Nivel De Chuquisaca Segundo Cuatrimestre 2026,True,2026-09-03,2026-09-15,Vigente,Jose Alfredo Sanchez Moscoso (Telf: 64-53147 - 64-54891),,Chuquisaca,NB-SABS (D.S.0181)
26-0901-02-1686052-1-1,Servicio Departamental De Salud Chuquisaca,Bienes,CNC,Adquisicion De Solucion  Fisiológica De 500 Cc Para El Servicio De Farmacia Del Instituto Chuquisaqueño De Oncología Correspondiente Al Segundo Cuatrimestre De La Gestion 2026,True,2026-09-03,2026-09-09,Vigente,Dayana Serrudo Hidalgo (Telf: 64-53147 - 64-54891),,Chuquisaca,Compro Hecho en Bolivia (D.S.4505)
26-0901-05-1686125-1-1,Servicio Departamental De Gestion Social Chuquisaca,Bienes,CND1,"Adquisición De Alimentos Secos (Aceite, Api, Arroz, Azúcar Y Otros) Para Los Adultos Mayores Del Comedor Del Municipio De San Lucas, Correspondiente A Los Meses De Agosto A Diciembre De La Gestión 2026, Dependientes Del Servicio Departamental De Gestión Social Chuquisaca.",False,2026-09-03,2026-09-08,Vigente,Kevin Villavicencio Rodriguez (Telf: 75792285),,Chuquisaca,Compro Hecho en Bolivia (D.S.4505)
26-0901-05-1686127-1-1,Servicio Departamental De Gestion Social Chuquisaca,Bienes,CND1,"Adquisición De Alimentos Secos (Aceite, Api, Arroz, Azúcar Y Otros) Para Los Adultos Mayores Del Comedor Del Municipio De Presto, Correspondiente A Los Meses De Agosto A Diciembre De La Gestión 2026, Dependientes Del Servicio Departamental De Gestión Social Chuquisaca.",False,2026-09-03,2026-09-08,Vigente,Kevin Villavicencio Rodriguez (Telf: 75792285),,Chuquisaca,Compro Hecho en Bolivia (D.S.4505)
26-0901-05-1686129-1-1,Servicio Departamental De Gestion Social Chuquisaca,Bienes,CND1,"Adquisición De Alimentos Secos (Aceite, Api, Arroz, Azúcar Y Otros) Para Los Adultos Mayores Del Comedor Del Municipio De Padilla, Correspondiente A Los Meses De Agosto A Diciembre De La Gestión 2026, Dependientes Del Servicio Departamental De Gestión Social Chuquisaca.",False,2026-09-03,2026-09-08,Vigente,Kevin Villavicencio Rodriguez (Telf: 75792285),,Chuquisaca,Compro Hecho en Bolivia (D.S.4505)
26-0901-05-1686134-1-1,Servicio Departamental De Gestion Social Chuquisaca,Bienes,CND1,"Adquisición De Alimentos Secos (Aceite, Api, Arroz, Azúcar Y Otros) Para Los Adultos Mayores Del Comedor-Albergue De Villa Serrano Y Los Comedores De Nuevo Mundo Y La Mendoza Del Municipio De  Villa Serrano Correspondiente A Los Meses De Agosto A Diciembre De La Gestión 2026, Dependientes Del Servicio Departamental De Gestión Social Chuquisaca.",False,2026-09-03,2026-09-08,Vigente,Kevin Villavicencio Rodriguez (Telf: 75792285),,Chuquisaca,Compro Hecho en Bolivia (D.S.4505)
26-0901-05-1686137-1-1,Servicio Departamental De Gestion Social Chuquisaca,Bienes,CND1,"Adquisición De Alimentos Secos (Aceite, Api, Arroz, Azúcar Y Otros) Para Los Adultos Mayores De Los Comedores Del Municipio De Incahuasi Y Jolencia, Correspondiente A Los Meses De Agosto A Diciembre De La Gestión 2026, Dependientes Del Servicio Departamental De Gestión Social Chuquisaca.",False,2026-09-03,2026-09-08,Vigente,Kevin Villavicencio Rodriguez (Telf: 75792285),,Chuquisaca,Compro Hecho en Bolivia (D.S.4505)
26-0901-05-1686140-1-1,Servicio Departamental De Gestion Social Chuquisaca,Bienes,CND1,"Adquisición De Alimentos Secos (Aceite, Api, Arroz, Azúcar Y Otros) Para Los Adultos Mayores Del Comedor Del Municipio De Yamparaez, Correspondiente A Los Meses De Agosto A Diciembre De La Gestión 2026, Dependientes Del Servicio Departamental De Gestión Social Chuquisaca.",False,2026-09-03,2026-09-08,Vigente,Kevin Villavicencio Rodriguez (Telf: 75792285),,Chuquisaca,Compro Hecho en Bolivia (D.S.4505)
26-0902-00-1685925-0-E,Gobierno Autónomo Departamental De La Paz,Consultoria,CM,Consultor Individual De Linea: Profesional Ii – Tecnico En Delimitacion De Unidades Territoriales Interdepartamental - “Gestion Y Coordinacion De Limites Y Org. Territorial”,False,2026-09-03,,Contratado,Wanda Geraldine Cabrera Chambi (Telf: 2202567),,La Paz,NB-SABS (D.S.0181)
26-0902-00-1686056-0-E,Gobierno Autónomo Departamental De La Paz,Consultoria,CM,Consultor Individual De Linea: Profesional Ii – Normativa Y Legislación Pública – “Prog. De Integración Territorial Y Fortalecimiento Institucional”,False,2026-09-03,,Contratado,Jesus Alejandro Quisbert Loayza (Telf: 2202567),,La Paz,NB-SABS (D.S.0181)
26-0902-21-1686123-1-1,Hospital De Clinicas,Bienes,ANPE,Adquisicion De Ropa De Trabajo De Personal Asistencial,True,2026-09-03,2026-09-09,Vigente,Cesar Augusto Cespedes Quisbert (Telf: 2245059),,La Paz,NB-SABS (D.S.0181)
26-0902-21-1686143-1-1,Hospital De Clinicas,Bienes,ANPE,Adquisicion De Material De Limpieza Para El Hospital De Clinicas 3er Cuatrimestre,True,2026-09-03,2026-09-09,Vigente,Cesar Augusto Cespedes Quisbert (Telf: 2245059),,La Paz,NB-SABS (D.S.0181)
26-0902-39-1685891-1-1,Hospital De La Mujer,Bienes,ANPE,Adquisición De Ropa De Trabajo Para Área Médica Y Enfermería – Gestión 2026 (Recursos Humanos),True,2026-09-03,2026-09-10,Vigente,Juan Carlos Layme Sullca (Telf: 2240096),,La Paz,NB-SABS (D.S.0181)
26-0902-43-1685896-1-1,Hospital Del Norte,Bienes,CM,Compra Menor De Insumos Medicos Para Atencion Hospitalaria Del Hdn,False,2026-09-03,2026-09-08,Vigente,Jose Macario Apaza Huanca (Telf: 2864070),,La Paz,NB-SABS (D.S.0181)
26-0903-17-1685649-1-1,Hospital Del Niño Manuel Ascencio Villarroel,Bienes,ANPP,Compra De Instrumental Quirurgico Para La Unidad De Cuidados Quirurgicos Del Hospital Del Niño Manuel Ascencio Villarroel Anpe-2,True,2026-09-03,2026-09-15,Vigente,Ariel Trujillo Castro (Telf: 4235254),,Cochabamba,NB-SABS (D.S.0181)
26-0903-17-1685662-1-1,Hospital Del Niño Manuel Ascencio Villarroel,Bienes,ANPP,Compra De Instrumental Quirurgico Para La Unidad De Cuidados Quirurgicos Del Hospital Del Niño Manuel Ascencio Villarroel Anpe-3,True,2026-09-03,2026-09-15,Vigente,Ariel Trujillo Castro (Telf: 4235254),,Cochabamba,NB-SABS (D.S.0181)
26-0903-19-1685865-1-1,Hospital Clinico Viedma,Bienes,CM,Adquisicion De Unidad De Calentamiento De Mantas Termicas Para El Servicio De Trasplante Renal Del Hospital Clinico Viedma,False,2026-09-03,2026-09-08,Vigente,Vanessa Aguilar Soliz (Telf: 4235254),,Cochabamba,NB-SABS (D.S.0181)
26-0903-19-1685978-1-1,Hospital Clinico Viedma,Bienes,CNC,Adquisición De Detergentes Para El Hospital Clínico Viedma (C),True,2026-09-03,2026-09-09,Vigente,Vanessa Aguilar Soliz (Telf: 4235254),,Cochabamba,Compro Hecho en Bolivia (D.S.4505)
26-0904-00-1685921-1-1,Gobierno Autónomo Departamental De Oruro,Consultoria,ANPE,"Supervision Del Proyecto: ""Construccion Electrificacion Provincia Ladislao Cabrera Fase Iii"" Paquete 3 (Villa Esperanza - Aroma)",False,2026-09-03,2026-09-09,Vigente,Milca Erika Viza Acevedo (Telf: -),,Oruro,NB-SABS (D.S.0181)
26-0904-06-1686014-1-1,Servicio Departamental De Caminos - Oruro,Bienes,CM,"Adquisicion De 4 Piezas Cuchillas De 14 Huecos Y 4 Piezas Cuchillas De 13 Huecos, Para Motoniveladora Om-5, Om-8, M-447 Y M-448 De La Residencia Lequepalca.",False,2026-09-03,2026-09-10,Vigente,Waldo Antonio Medrano Sivila (Telf: 5240701),,Oruro,NB-SABS (D.S.0181)
26-0905-00-1686038-1-1,Gobierno Autónomo Departamental De Potosí,Bienes,CND1,"Adquisicion De Material Deportivo De Presentacion Y Competicion (Chaqueta-Pantalon Deportivo, Malla Y Corto) Para La Asociacion Departamental De Atletismo, Campeonato Nacional U16",False,2026-09-03,2026-09-08,Vigente,Heydi Magali Ramos Marca (Telf: 6226431 - 73891341),,Potosi,Compro Hecho en Bolivia (D.S.4505)
26-0905-00-1686103-0-E,Gobierno Autónomo Departamental De Potosí,Bienes,EM,"""Compra De Alimentos Para Animales Heno De Alfalfa Y Afrecho De Trigo"" Por La Modalidad De Desastre Y/O Emergencia",False,2026-09-03,,Contratado,Heydi Magali Ramos Marca (Telf: 6226431 - 73891341),,Potosi,NB-SABS (D.S.0181)
26-0905-00-1686126-0-E,Gobierno Autónomo Departamental De Potosí,Bienes,EM,"""Compra De Medicamento Vitaminico Para Ganado Mayor Y Menor Bajo La Modalidad De Desastres Y/O Emergencias",False,2026-09-03,,Contratado,Heydi Magali Ramos Marca (Telf: 6226431 - 73891341),,Potosi,NB-SABS (D.S.0181)
26-0905-00-1686133-1-1,Gobierno Autónomo Departamental De Potosí,Bienes,CM,"""Adquisicion De Impresoras Y Repuestos De Impresion (Tres Impresoras Multifuncionales De Inyeccion De Tinta Y Tres Kits De Rodillos De Arrastre Y Separacion Compatibles) Destinados Al Fortalecimiento De La Capacidad Departamental De Industrializacion Del G.A.D.P.""",False,2026-09-03,2026-09-08,Vigente,David Juan Limachi Mendez (Telf: 6226431 - 73891341),,Potosi,NB-SABS (D.S.0181)
26-0905-01-1679345-1-1,Servicio Departamental De Gestion Social - Potosi,Bienes,CM,Adquisicion De Impresoras Para El Centro De Acogida Para Nnas Con Discapacidad – Gestion 2026,False,2026-09-03,2026-09-08,Vigente,Milan Gregorio Chavez Sequeiros (Telf: 6222962 - 63018793),,Potosi,NB-SABS (D.S.0181)
26-0905-01-1683936-1-1,Servicio Departamental De Gestion Social - Potosi,Bienes,ANPE,Contratacion De  Proveedor/A De  Alimentos Frescos  (Carnes) Para El Centro De Acogida  Miraflores De La Sub Regional De Uncia - Gestion 2026,True,2026-09-03,2026-09-09,Vigente,Milan Gregorio Chavez Sequeiros (Telf: 6222962 - 63018793),,Potosi,NB-SABS (D.S.0181)
26-0905-01-1686059-1-1,Servicio Departamental De Gestion Social - Potosi,Bienes,CND1,"Adquisicion De Alimentos Secos Para El Centro De Acogida Para Niños, Niñas Y Adolescentes Con Discapacidad – Primera Entrega",False,2026-09-03,2026-09-08,Vigente,Milan Gregorio Chavez Sequeiros (Telf: 6222962 - 63018793),,Potosi,Compro Hecho en Bolivia (D.S.4505)
26-0905-09-1686113-1-1,Hospital Daniel Bracamonte,Bienes,ANPP,Pedido 198 Adquisicion De Medicamentos (Propofol) Para El Hospital Daniel Bracamonte – Compra Anpe,True,2026-09-03,2026-09-15,Vigente,Juan Marcelo Villalpando Montoya (Telf: 6244961),,Potosi,NB-SABS (D.S.0181)
26-0905-09-1686136-1-1,Hospital Daniel Bracamonte,Bienes,ANPE,Pedido N° 200 Adquisicion De Medicamentos (Factor Ix) Para El Hospital Daniel Bracamonte – Compra Mayor Anpe,True,2026-09-03,2026-09-09,Vigente,Juan Marcelo Villalpando Montoya (Telf: 6244961),,Potosi,NB-SABS (D.S.0181)
26-0905-09-1686146-1-1,Hospital Daniel Bracamonte,Bienes,ANPP,"“Adquisicion De Reactivos Varios Cartridge Bg 10 (2x25)+ Gel Calibrante Cp 50 + Controles 1, 2, 3 Para El Area De Quimica Sanguinea Del Servicio De Laboratorio De Analisis Clinico Para La Atencion De Pacientes Beneficiarios Del Seguro Unico De Salud (Sus)”",True,2026-09-03,2026-09-15,Vigente,Juan Marcelo Villalpando Montoya (Telf: 6244961),,Potosi,NB-SABS (D.S.0181)
26-0905-09-1686164-1-1,Hospital Daniel Bracamonte,Bienes,CM,"Adquisicion De Componentes De Almacenamiento Y Equipos De Red (Memorias Flash, Discos De Estado Solido, Routers Inalambricos Wi-Fi 6 Y Switches Gigabit De 8 Puertos)",False,2026-09-03,2026-09-08,Vigente,Juan Marcelo Villalpando Montoya (Telf: 6244961),,Potosi,NB-SABS (D.S.0181)
26-0906-00-1685816-1-1,Gobierno Autónomo Departamental De Tarija,Bienes,CND1,Alimentos Secos Para Los Hogares De Sedeges De Bermejo Del Mes De Septiembre,False,2026-09-03,2026-09-08,Vigente,Cinthya Susana Machicado Castillo (Telf: 72990919),,Tarija,Compro Hecho en Bolivia (D.S.4505)
26-0906-00-1686139-1-1,Gobierno Autónomo Departamental De Tarija,Bienes,CM,"Adquisicion De Materiales Para Motoniveladora, Materiales De Corte Para Retroexcavadora 416 Y Pala Cargadora 938 Del Programa Mejoramiento De La Red Vial Perteneciente A La Subgobernacion De Padcaya",False,2026-09-03,2026-09-08,Vigente,Jorge Luis Aguirre Gallardo (Telf: 72990919),,Tarija,NB-SABS (D.S.0181)
26-0906-03-1685615-1-1,Servicio Departamental De Salud Tarija - Sedes,Bienes,CM,Adquisicion De Diferentes Medicamentos 3 Agosto Para El Hospital Regional San Juan De Dios,False,2026-09-03,2026-09-07,Vigente,Maria Jose Molina Rocabado (Telf: 4-6643257),,Tarija,NB-SABS (D.S.0181)
26-0906-03-1685846-1-1,Servicio Departamental De Salud Tarija - Sedes,Bienes,CND1,Compra De Material De Limpieza,False,2026-09-03,2026-09-08,Vigente,Mariel Soraya Vacaflor Rodriguez (Telf: 4-6643257),,Tarija,Compro Hecho en Bolivia (D.S.4505)
26-0906-03-1685969-1-1,Servicio Departamental De Salud Tarija - Sedes,Bienes,CM,"Alimentos No Perecederos, Viveres Secos, Cereales Leguminosas Y Otros Para El Hospital Regional San Juan De Dios",False,2026-09-03,2026-09-07,Vigente,Maria Jose Molina Rocabado (Telf: 4-6643257),,Tarija,NB-SABS (D.S.0181)
26-0906-03-1685979-1-1,Servicio Departamental De Salud Tarija - Sedes,Bienes,CM,Adquisicion De Diferentes Medicamentos Oncologicos 2 Junio Para El Hospital Regional San Juan De Dios,False,2026-09-03,2026-09-07,Vigente,Maria Jose Molina Rocabado (Telf: 4-6643257),,Tarija,NB-SABS (D.S.0181)
26-0906-39-1685847-1-1,"Hospital Materno Infantil ""Dr. Juan Manuel Jijena Duran""",Bienes,CM,Adquisicion De Productos Quimicos Farmacéuticos (Medicamentos Varios Declarados Desiertos Y Otros Con Saldos Presupuestarios) Para El Hospital Materno Infantil Dr. Juan Manuel Jijena Duran,False,2026-09-03,2026-09-08,Vigente,Francisco Javier Ortega Martinez (Telf: 75111960),,Tarija,NB-SABS (D.S.0181)
26-0906-39-1685982-1-1,"Hospital Materno Infantil ""Dr. Juan Manuel Jijena Duran""",Bienes,CM,Adquisición De Microscopio Óptico Para Laboratorio Del Hospital Materno Infantil Dr. Juan Manuel Jijena Duran,False,2026-09-03,2026-09-08,Vigente,Francisco Javier Ortega Martinez (Telf: 75111960),,Tarija,NB-SABS (D.S.0181)
26-0907-00-1673876-1-2,Gobierno Autónomo Departamental De Santa Cruz,Bienes,ANPP,"Adquisicion De Insumos Para La Esterilizacion De Materiales Para El Uso En Pacientes Beneficiarios Del Sus Del Hospital De Tercer Nivel Montero, Gestion 2026. Sdsdh.",True,2026-09-03,2026-09-16,Vigente,Rosario Ingrid Hoyos Ayala (Telf: 3636300/3-3332760 /3636256),,Santa Cruz,NB-SABS (D.S.0181)
26-0907-00-1683322-1-1,Gobierno Autónomo Departamental De Santa Cruz,Bienes,ANPP,Adquisicion De Alimentos Secos 2 Para Guarderias Padepi Sedepos Sdsdh,True,2026-09-03,2026-09-16,Vigente,Birna Sofia Blanco Campos (Telf: 3636300/3-3332760 /3636256),,Santa Cruz,NB-SABS (D.S.0181)
26-0907-00-1685858-1-1,Gobierno Autónomo Departamental De Santa Cruz,Bienes,CNC,Adquisiscion De Cloruro De Potasio Para Los Pacientes De Terapia Intensiva Del Hospital Japones,True,2026-09-03,2026-09-08,Vigente,Yaqueline Merubia Rojas (Telf: 3636300/3-3332760 /3636256),,Santa Cruz,Compro Hecho en Bolivia (D.S.4505)
26-0907-00-1685861-1-1,Gobierno Autónomo Departamental De Santa Cruz,Bienes,CNC,Adquisicion De Antibioticos Para Pacientes De Pediatria Del Hospital Japones,True,2026-09-03,2026-09-08,Vigente,Yaqueline Merubia Rojas (Telf: 3636300/3-3332760 /3636256),,Santa Cruz,Compro Hecho en Bolivia (D.S.4505)
26-0907-00-1685863-1-1,Gobierno Autónomo Departamental De Santa Cruz,Bienes,CNC,Adquisiscion Desolucion Ringer Lactato Para Los Pacientes Del Hospital Japones,True,2026-09-03,2026-09-08,Vigente,Yaqueline Merubia Rojas (Telf: 3636300/3-3332760 /3636256),,Santa Cruz,Compro Hecho en Bolivia (D.S.4505)
26-0907-00-1685866-1-1,Gobierno Autónomo Departamental De Santa Cruz,Bienes,CNC,Adquisicion De Solucion Fisiologica Para Pacientes Del Hospital Japones,True,2026-09-03,2026-09-08,Vigente,Yaqueline Merubia Rojas (Telf: 3636300/3-3332760 /3636256),,Santa Cruz,Compro Hecho en Bolivia (D.S.4505)
26-0907-00-1685869-1-1,Gobierno Autónomo Departamental De Santa Cruz,Bienes,CNC,Adquisicion De Medicamentos Gastrointestinales Para Pacientes De Medicina Interna Del Hospital Japones ,True,2026-09-03,2026-09-08,Vigente,Yaqueline Merubia Rojas (Telf: 3636300/3-3332760 /3636256),,Santa Cruz,Compro Hecho en Bolivia (D.S.4505)
26-0907-00-1685874-1-1,Gobierno Autónomo Departamental De Santa Cruz,Bienes,CNC,Adquisicion De Gluconato De Calcio Para Pacientes De Medicina Del Hospital Japones,True,2026-09-03,2026-09-08,Vigente,Yaqueline Merubia Rojas (Telf: 3636300/3-3332760 /3636256),,Santa Cruz,Compro Hecho en Bolivia (D.S.4505)
26-0907-00-1685877-1-1,Gobierno Autónomo Departamental De Santa Cruz,Bienes,CNC,Adquisicion De Sucralfato Para Pacientes De Medicina Del Hospital Japones ,True,2026-09-03,2026-09-08,Vigente,Yaqueline Merubia Rojas (Telf: 3636300/3-3332760 /3636256),,Santa Cruz,Compro Hecho en Bolivia (D.S.4505)
26-0951-00-1676101-2-1,Banco Central De Bolivia - Bcb,Bienes,ANPP,Adquisición De Equipamiento De Comunicación Para Prevención De Ataques De Denegación De Servicios Web,True,2026-09-03,2026-09-16,Vigente,Claudia Rogelia Chura Cruz (Telf: 2409090),,La Paz,NB-SABS (D.S.0181)
26-0951-00-1685520-1-1,Banco Central De Bolivia - Bcb,Bienes,ANPE,Provisión De Luminarias Para Inmuebles Del Bcb,True,2026-09-03,2026-09-10,Vigente,Bismarck Omar Torrico Araujo (Telf: 2409090),,La Paz,NB-SABS (D.S.0181)
26-1101-00-1686018-1-1,Gobierno Autonomo Municipal De Sucre,Bienes,CNC,"Adquisicion De Tuberia Hdpe De 63mm 50 Mm, 32 Mm Para El Mantenimiento De Sistema De Agua Segura En La Comunidad Surima ",True,2026-09-03,2026-09-08,Vigente,Edelmira Cholima Mole (Telf: 6456185 ),,Chuquisaca,Compro Hecho en Bolivia (D.S.4505)
26-1101-04-1685851-1-1,Hospital San Pedro Claver,Bienes,CM,Adquisicion De Material De Limpieza (Hipoclorito De Sodio-Lavandina) De Acuerdo A La Ley 1152 (S.U.S.) Para El Hospital San Pedro Claver.-206,False,2026-09-03,2026-09-08,Vigente,Julian Moises Flores Sola (Telf: 6451667),,Chuquisaca,NB-SABS (D.S.0181)
26-1101-04-1685853-1-1,Hospital San Pedro Claver,Bienes,CM,Adquisición De Medicamentos De Uso Hospitalario (Solucion Fisiologica) Para Farmacia Del Hospital San Pedro Claver Con Recursos Del (S.U.S.) Ley 1152.-123,False,2026-09-03,2026-09-08,Vigente,Julian Moises Flores Sola (Telf: 6451667),,Chuquisaca,NB-SABS (D.S.0181)
26-1101-04-1685860-1-1,Hospital San Pedro Claver,Bienes,CM,Adquisición De Medicamentos De Uso Hospitalario (Meropenem) Para Farmacia Del Hospital San Pedro Claver Con Recursos Del (S.U.S.) Ley 1152. -25,False,2026-09-03,2026-09-08,Vigente,Julian Moises Flores Sola (Telf: 6451667),,Chuquisaca,NB-SABS (D.S.0181)
26-1101-04-1685883-1-1,Hospital San Pedro Claver,Bienes,CM,Adquisición De Medicamentos De Uso Hospitalario (Aminoacidos) Para Farmacia Del Hospital San Pedro Claver Con Recurso Del (S.U.S.) Ley 1152.-124,False,2026-09-03,2026-09-08,Vigente,Julian Moises Flores Sola (Telf: 6451667),,Chuquisaca,NB-SABS (D.S.0181)
26-1101-04-1685895-1-1,Hospital San Pedro Claver,Bienes,CM,Adquisición De Medicamentos De Uso Hospitalario (Sevoflurano Trifluorometil Etil) Para Farmacia Del Hospital San Pedro Claver Con Recursos Del (S.U.S.) Ley 1152.-69,False,2026-09-03,2026-09-08,Vigente,Julian Moises Flores Sola (Telf: 6451667),,Chuquisaca,NB-SABS (D.S.0181)
26-1101-04-1685897-1-1,Hospital San Pedro Claver,Bienes,CM,Adquisición De Medicamentos De Uso Hospitalario (Surfactante Pulmonar) Para Farmacia Del Hospital San Pedro Claver Con Recursos Del (S.U.S.) Ley 1152.-78,False,2026-09-03,2026-09-08,Vigente,Julian Moises Flores Sola (Telf: 6451667),,Chuquisaca,NB-SABS (D.S.0181)
26-1101-04-1685976-1-1,Hospital San Pedro Claver,Bienes,CM,Adquisición De Medicamentos De Uso Hospitalario (Colistina) Para Farmacia Del Hospital San Pedro Claver Con Recursos Del (S.U.S.) Ley 1152.-120,False,2026-09-03,2026-09-08,Vigente,Julian Moises Flores Sola (Telf: 6451667),,Chuquisaca,NB-SABS (D.S.0181)
26-1101-06-1670173-1-1,Establecimientos De Salud De Primer Nivel,Bienes,CM,Adquisición De Prueba Rápida Para Helicobacter Pylori Para Los Laboratorios De Primer Nivel Del Municipio De Sucre,False,2026-09-03,2026-09-07,Vigente,Nayra Andrea Torrejon Lopez (Telf: 6444837),,Chuquisaca,NB-SABS (D.S.0181)
26-1112-00-1685940-1-1,Gobierno Autonomo Municipal De Sopachuy,Bienes,CND1,Adquisicion  De Productos No Locales Para Internados Del Municipio De Sopachuy,False,2026-09-03,2026-09-07,Vigente,Wilver Ramiro Carballo Caceres (Telf: 71161431),,Chuquisaca,Compro Hecho en Bolivia (D.S.4505)
26-1120-00-1686104-1-1,Gobierno Autonomo Municipal De San Lucas,Bienes,CM,Compra De Chalecos Institucionales Doble Cara En Tela Prada Lisa,False,2026-09-03,2026-09-08,Vigente,Wenceslao Avila Martinez (Telf: 4-6937890 / 4-6937891),,Chuquisaca,NB-SABS (D.S.0181)
26-1201-00-1668399-3-1,Gobierno Autonomo Municipal De La Paz,Obras,ANPE,Reconstruccion De Graderia Y Obras Complementarias En La Calle Litoral Entre Calle Eduardo Avaroa Y Calle Franz Tamayo De La Zona Alto Mariscal De Santa Cruz,True,2026-09-03,2026-09-10,Vigente,Marlene Plaza Velasco (Telf: 2650000),,La Paz,NB-SABS (D.S.0181)
26-1201-00-1680295-2-1,Gobierno Autonomo Municipal De La Paz,Obras,ANPE,Construccion Encarpetado Y Obras Complementarias Calle Girasol Y Calle Las Palmeras Zona Valle De Las Flores,True,2026-09-03,2026-09-10,Vigente,Ana Maria Rios Lopez (Telf: 2650000),,La Paz,NB-SABS (D.S.0181)
26-1201-00-1681562-2-1,Gobierno Autonomo Municipal De La Paz,Obras,ANPE,Construccion Graderias Y Obras Complementarias Calle C Entre Calle A Y Calle S/N Zona Santa Fe Alto Constructores Y Loteria,True,2026-09-03,2026-09-10,Vigente,Ana Maria Rios Lopez (Telf: 2650000),,La Paz,NB-SABS (D.S.0181)
26-1202-00-1685408-1-1,Gobierno Autonomo Municipal De Palca,Servicios Generales,ANPP,Apertura De Camino Com. Uni (Alquiler De Maquinaria),True,2026-09-03,2026-09-15,Vigente,Sofia Magali Usnayo Apaza (Telf: 73028516),,La Paz,NB-SABS (D.S.0181)
26-1205-00-1677932-2-1,Gobierno Autonomo Municipal De El Alto,Bienes,CM,Fortal. Direccion De Areas Verdes Y Forestacion Distrital (Adq. De Insecticidas Y Productos Quimicos),False,2026-09-03,2026-09-08,Vigente,Leydy Mamani Vargas (Telf: 2-837715),,La Paz,NB-SABS (D.S.0181)
26-1205-00-1678101-2-1,Gobierno Autonomo Municipal De El Alto,Bienes,CM,Administracion Y Soporte Tecnico Unidad De Sistemas Gamea (Adq. Equipamiento Para La Área De Red),False,2026-09-03,2026-09-08,Vigente,Leydy Mamani Vargas (Telf: 2-837715),,La Paz,NB-SABS (D.S.0181)
26-1205-00-1686116-1-1,Gobierno Autonomo Municipal De El Alto,Bienes,CNC,Servicios De Salud Universal Y Gratuita – Sus (Adquisicion De Oxigeno Medicinal Para El Hmmbj),True,2026-09-03,2026-09-09,Vigente,Yhoselyn Analia Chuquimia Pascaja (Telf: 2-837715),,La Paz,Compro Hecho en Bolivia (D.S.4505)
26-1206-00-1636192-0-E,Gobierno Autonomo Municipal De Viacha,Consultoria,CM,"Fortalecimiento Sub Alcaldia, Distrito 7 (Técnico Predial)",False,2026-09-03,,Contratado,Wilber Grover Rodriguez Rojas (Telf: 2800006 - 2800508),,La Paz,NB-SABS (D.S.0181)
26-1206-00-1639250-0-E,Gobierno Autonomo Municipal De Viacha,Consultoria,CM,"Aseo Urbano D-1,2 Y 6 (Cuatro Ayudantes Para El Barrido Y Limpieza De Residuos Especiales De Plazas, Avenidas, Calles, Áreas De Equipamiento Del Municipio)",False,2026-09-03,,Contratado,Grover Juvenal Pocoata Condori (Telf: 2800006 - 2800508),,La Paz,NB-SABS (D.S.0181)
26-1206-00-1685046-1-1,Gobierno Autonomo Municipal De Viacha,Bienes,ANPE,"Mantenimiento Alcantarillado Sanitario Y Pluvial D-2 (Adquisición De Tuberías, Áridos Y Prefabricados De Hormigón Z/J. Kennedy)",True,2026-09-03,2026-09-10,Vigente,Jhanneth Suxo Mamani (Telf: 2800006 - 2800508),,La Paz,NB-SABS (D.S.0181)
26-1206-00-1685908-1-1,Gobierno Autonomo Municipal De Viacha,Obras,ANPP,"Const. Coliseo Cerrado Z/Villa Sara D-1 (Obra Fina Camerinos, Complementacion Obra Bruta)",True,2026-09-03,2026-09-16,Vigente,Edson Royer Rodriguez Mendoza (Telf: 2800006 - 2800508),,La Paz,NB-SABS (D.S.0181)
26-1206-00-1685911-1-1,Gobierno Autonomo Municipal De Viacha,Bienes,CND1,      Const. Bloque De Aulas U.E. Nueva Tilata Urb. Nueva Tilata D-7 (Adquisicion De Cemento Adhesivo Tipo C2 Y Yeso/Estuco Grueso De Construcción Para Obra Fina)                        ,False,2026-09-03,2026-09-08,Vigente,Israel Franco Torrez Mendoza (Telf: 2800006 - 2800508),,La Paz,Compro Hecho en Bolivia (D.S.4505)
26-1206-00-1686093-1-1,Gobierno Autonomo Municipal De Viacha,Bienes,CM,Ampl. Sistema De Agua Potable. Com. Callisaya. D-3 (Adq. Bomba Centrífuga Multietapa Y Otros),False,2026-09-03,2026-09-08,Vigente,Erika Mendoza Canaviri (Telf: 2800006 - 2800508),,La Paz,NB-SABS (D.S.0181)
26-1208-00-1686105-1-1,Gobierno Autonomo Municipal De Tiahuanacu,Bienes,CND1,Mantenimiento De Infraestructura Urbana Y Rural (Mant. Cancha Multifuncional U.E. Holanda Comunidad Achaca “Adquisición De Materiales De Construcción”),False,2026-09-03,2026-09-08,Vigente,Vanessa Maria Paucara Diaz (Telf: 2895102),,La Paz,Compro Hecho en Bolivia (D.S.4505)
26-1211-00-1685997-1-1,Gobierno Autonomo Municipal De Sicasica (Villa Aroma),Bienes,CNC,Adq. De Medicamentos Segundo Trimestre C.S. Machacamarca Ley 1152 (Sus) Gobierno Autónomo Municipal De Sica Sica 2026,True,2026-09-03,2026-09-08,Vigente,Juan Marcelo Escobar Escobar (Telf: 77725300),,La Paz,Compro Hecho en Bolivia (D.S.4505)
26-1211-00-1686006-1-1,Gobierno Autonomo Municipal De Sicasica (Villa Aroma),Bienes,CNC,Adq. De Medicamentos Segundo Trimestre C.S. Chijmuni Ley 1152 (Sus) Gobierno Autónomo Municipal De Sica Sica 2026,True,2026-09-03,2026-09-08,Vigente,Juan Marcelo Escobar Escobar (Telf: 77725300),,La Paz,Compro Hecho en Bolivia (D.S.4505)
26-1226-00-1686166-1-1,Gobierno Autonomo Municipal De Sorata,Bienes,CNC,Adquiscion De Medicamentos Para El Centro De Salud Laripata 3er Trimestre 2026,True,2026-09-03,2026-09-08,Vigente,Gabriela Rossy Vino Gonzales (Telf: 71569195),,La Paz,Compro Hecho en Bolivia (D.S.4505)
26-1232-00-1685957-1-1,Gobierno Autonomo Municipal De Copacabana,Bienes,CND1,Reconstruccion Muro Perimetral U.E. Cnl. Felix Rosa Tejada (Adq. De Materiales Para Prevención De Riesgos),False,2026-09-03,2026-09-08,Vigente,Jhonny Segales Ortiz (Telf: 28622624),,La Paz,Compro Hecho en Bolivia (D.S.4505)
26-1232-00-1685966-1-1,Gobierno Autonomo Municipal De Copacabana,Bienes,CND1,Refaccion De La Unidad Educativa Sicuani (Adquisición De Cemento),False,2026-09-03,2026-09-08,Vigente,Jhonny Segales Ortiz (Telf: 28622624),,La Paz,Compro Hecho en Bolivia (D.S.4505)
26-1232-00-1686121-1-1,Gobierno Autonomo Municipal De Copacabana,Bienes,ANPE,Mejoramiento Casa Cultural Comunidad Tocopa (Adq. Materiales),True,2026-09-03,2026-09-10,Vigente,Jhonny Segales Ortiz (Telf: 28622624),,La Paz,NB-SABS (D.S.0181)
26-1232-00-1686161-1-1,Gobierno Autonomo Municipal De Copacabana,Bienes,CM,Mej.Plaza San Miguel De Hueco (Adq. De Losetas),False,2026-09-03,2026-09-09,Vigente,Jhonny Segales Ortiz (Telf: 28622624),,La Paz,NB-SABS (D.S.0181)
26-1240-00-1683775-1-2,Gobierno Autonomo Municipal De Calacoto,Bienes,ANPP,"Adquisición De Desayuno Escolar, Seccional Para Las 52 Unidades Educativas, Del Centro (Segundo Semestre) Gestión 2026",True,2026-09-03,2026-09-15,Vigente,Betty Tania Honorio Quispe (Telf: 71998978),,La Paz,NB-SABS (D.S.0181)
26-1246-00-1686094-1-1,Gobierno Autonomo Municipal De Puerto Acosta,Bienes,CND1,Adq. De Materiales De Construcción Campo Deportivo Comunidad Centro Belen.,False,2026-09-03,2026-09-07,Vigente,Hernan Henry Mamani Murga (Telf: 74093998),,La Paz,Compro Hecho en Bolivia (D.S.4505)
26-1246-00-1686102-1-1,Gobierno Autonomo Municipal De Puerto Acosta,Bienes,CND1,Adquisicion Mat. De Const. Casa Artesanal - Com. Parajachi Primero,False,2026-09-03,2026-09-07,Vigente,Hernan Henry Mamani Murga (Telf: 74093998),,La Paz,Compro Hecho en Bolivia (D.S.4505)
26-1246-00-1686107-1-1,Gobierno Autonomo Municipal De Puerto Acosta,Bienes,CND1,Adquisicion Mat. De Construccion Muro Perimetral Casa Artesanal - Com. Quilliza,False,2026-09-03,2026-09-07,Vigente,Hernan Henry Mamani Murga (Telf: 74093998),,La Paz,Compro Hecho en Bolivia (D.S.4505)
26-1246-00-1686110-1-1,Gobierno Autonomo Municipal De Puerto Acosta,Bienes,CND1,Adquisicion Mat. De Construccion Casa Artesanal - Com. Jupani Chico,False,2026-09-03,2026-09-07,Vigente,Hernan Henry Mamani Murga (Telf: 74093998),,La Paz,Compro Hecho en Bolivia (D.S.4505)
26-1246-00-1686114-1-1,Gobierno Autonomo Municipal De Puerto Acosta,Bienes,CND1,Adq. Material De Construccion Cancha De Futbol (Enmallado) - Com. Orurillo Alto,False,2026-09-03,2026-09-07,Vigente,Hernan Henry Mamani Murga (Telf: 74093998),,La Paz,Compro Hecho en Bolivia (D.S.4505)
26-1265-00-1685991-1-1,Gobierno Autonomo Municipal De Coroico,Bienes,CNC,"Adquisición De Medicamentos Para La Prestación Del Sus (Sistema Único De Salud) En Hospital General De Los Yungas (Tercer Trimestre), Según Liname Y La Aplicación Del Decreto Supremo Nº 4505, Gestión 2026",True,2026-09-03,2026-09-08,Vigente,Roxana Mamani Oliva (Telf: 72433394),,La Paz,Compro Hecho en Bolivia (D.S.4505)
26-1301-00-1679494-1-2,Gobierno Autonomo Municipal De Cochabamba,Consultoria,LP,Const. Centro De Convenciones Y Eventos Culturales D.12 Estudio De Diseño Tecnico De Preinversion,False,2026-09-03,2026-09-25,Vigente,Nely Salazar Gonzales (Telf: 4258103- 4425810-4258030),,Cochabamba,NB-SABS (D.S.0181)
26-1301-00-1685745-0-E,Gobierno Autonomo Municipal De Cochabamba,Bienes,EX,Provision Y Distribucion De La Alimentacion Complementaria Escolar - Lote N°3 Fruta Natural,False,2026-09-03,,Contratado,Rodrigo Arias Tellez (Telf: 4258103- 4425810-4258030),,Cochabamba,NB-SABS (D.S.0181)
26-1301-00-1685868-0-E,Gobierno Autonomo Municipal De Cochabamba,Obras,CD,Const. Escalinatas Sector Norte Mzn 023 J.V. Libertad D8,False,2026-09-03,,Contratado,Rossy Albina Plata Camacho (Telf: 4258103- 4425810-4258030),,Cochabamba,NB-SABS (D.S.0181)
26-1301-00-1685888-0-E,Gobierno Autonomo Municipal De Cochabamba,Obras,CD,Mej. En Area Verde Verde Sector Central Mzo 128 Otb Rumicerco D8,False,2026-09-03,,Contratado,Rossy Albina Plata Camacho (Telf: 4258103- 4425810-4258030),,Cochabamba,NB-SABS (D.S.0181)
26-1301-00-1685892-1-1,Gobierno Autonomo Municipal De Cochabamba,Bienes,ANPE,Adquisicion De Lidocaina Clorhidrato + Epinefrina Odontologico – Red Cercado 2026,True,2026-09-03,2026-09-10,Vigente,Cristhian Saul Urey Flores (Telf: 4258103- 4425810-4258030),,Cochabamba,NB-SABS (D.S.0181)
26-1301-00-1685922-1-1,Gobierno Autonomo Municipal De Cochabamba,Bienes,CND1,Estante Metalico,False,2026-09-03,2026-09-07,Vigente,Jimmy Alex Quispe Quispe (Telf: 4258103- 4425810-4258030),,Cochabamba,Compro Hecho en Bolivia (D.S.4505)
26-1301-00-1685937-1-1,Gobierno Autonomo Municipal De Cochabamba,Obras,ANPP,Const. Recarpetado Con Pavimento Rigido Sector M348 Otb El Molino D8,True,2026-09-03,2026-09-16,Vigente,Rossy Albina Plata Camacho (Telf: 4258103- 4425810-4258030),,Cochabamba,NB-SABS (D.S.0181)
26-1301-00-1686005-1-1,Gobierno Autonomo Municipal De Cochabamba,Obras,ANPE,Const. Enmallado Lado Este Del Mzo 714 Otb 14 De Septiembre Sud D8,True,2026-09-03,2026-09-09,Vigente,Rossy Albina Plata Camacho (Telf: 4258103- 4425810-4258030),,Cochabamba,NB-SABS (D.S.0181)
26-1302-00-1684056-1-2,Gobierno Autonomo Municipal De Quillacollo,Bienes,ANPP,Const. Pavimento Rigido Av. Integracion De Calle A Hasta Empresa De Papas Sepa Participan Siete Otbs Del D-8 (Compra De Cemento),True,2026-09-03,2026-09-17,Vigente,Marielena Salvatierra Rocha (Telf: 4260338-79788572),,Cochabamba,NB-SABS (D.S.0181)
26-1302-00-1685817-0-E,Gobierno Autonomo Municipal De Quillacollo,Consultoria,CM,Consultor Individual De Línea (Personal Apoyo C - Aux. En Enfermeria 44) Programa Mi Salud Gestión 2026,False,2026-09-03,,Contratado,Lizzeth Melissa Lafuente Hidalgo (Telf: 4260338-79788572),,Cochabamba,NB-SABS (D.S.0181)
26-1302-00-1686061-0-E,Gobierno Autonomo Municipal De Quillacollo,Consultoria,CM,Consultor Individual De Linea(Profesional I - Medico Responsable De Transporte Sanitario Municipal)Gestion 2026,False,2026-09-03,,Contratado,Tania Castillo Rodriguez (Telf: 4260338-79788572),,Cochabamba,NB-SABS (D.S.0181)
26-1302-00-1686081-0-E,Gobierno Autonomo Municipal De Quillacollo,Consultoria,CM,Consultor Individual De Linea (Tecnico A - Supervisor De La Planta De Hormigon) Para La Planta De Hormigon,False,2026-09-03,,Contratado,Tania Castillo Rodriguez (Telf: 4260338-79788572),,Cochabamba,NB-SABS (D.S.0181)
26-1302-00-1686147-1-1,Gobierno Autonomo Municipal De Quillacollo,Bienes,CNC,Compra De Soluciones Parenterales De Gran Volumen Para El Hospital Dr. Benigno Sanchez Quillacollo Cnc Gestion 2026,True,2026-09-03,2026-09-09,Vigente,Linda Soraida Navia Ramos (Telf: 4260338-79788572),,Cochabamba,Compro Hecho en Bolivia (D.S.4505)
26-1302-00-1686149-1-1,Gobierno Autonomo Municipal De Quillacollo,Servicios Generales,CM,"Contratación De Servicio Bus Escolar Tramo 1 (Norte Pata Pampa, Patapampa, Churito, Misicuni Ii, San Isidro, Internado Misicuni)",False,2026-09-03,2026-09-08,Vigente,Tania Castillo Rodriguez (Telf: 4260338-79788572),,Cochabamba,NB-SABS (D.S.0181)
26-1302-00-1686150-1-1,Gobierno Autonomo Municipal De Quillacollo,Servicios Generales,CM,"Contratación De Servicio Bus Escolar Tramo 7 (Rene Barrientos Ortuño, Uyuni, Rio Verde, Aguadas, Internado Misicuni)",False,2026-09-03,2026-09-08,Vigente,Jaime Ramiro Cahuana Aquino (Telf: 4260338-79788572),,Cochabamba,NB-SABS (D.S.0181)
26-1302-00-1686151-1-1,Gobierno Autonomo Municipal De Quillacollo,Bienes,ANPE,Mantenimiento Sistemas De Microriego (Compra De Cemento) En La Comunidad De Pucara Distrito 7,True,2026-09-03,2026-09-10,Vigente,Helen Wendy Colque Flores (Telf: 4260338-79788572),,Cochabamba,NB-SABS (D.S.0181)
26-1302-00-1686153-1-1,Gobierno Autonomo Municipal De Quillacollo,Bienes,ANPE,Compra De Bañadores Para Productores Floricolas Del Municipio De Quillacollo,True,2026-09-03,2026-09-10,Vigente,Jaime Ramiro Cahuana Aquino (Telf: 4260338-79788572),,Cochabamba,NB-SABS (D.S.0181)
26-1302-00-1686156-1-1,Gobierno Autonomo Municipal De Quillacollo,Bienes,CND1,Compra De Cemento Ip-30 Para El Mantenimiento De Las Areas Recreativas De La Otb Rocha Perez D-10,False,2026-09-03,2026-09-08,Vigente,Linda Soraida Navia Ramos (Telf: 4260338-79788572),,Cochabamba,Compro Hecho en Bolivia (D.S.4505)
26-1302-00-1686157-1-1,Gobierno Autonomo Municipal De Quillacollo,Servicios Generales,CM,"Contratacion De Servicio Bus Escolar Tramo 8 (Rio Verde,Aguadas, Internado Misicuni)",False,2026-09-03,2026-09-08,Vigente,Helen Wendy Colque Flores (Telf: 4260338-79788572),,Cochabamba,NB-SABS (D.S.0181)
26-1302-00-1686158-1-1,Gobierno Autonomo Municipal De Quillacollo,Bienes,CND1,Compra De Ropa De Trabajo (Camisa Y Polera) Para La Unidad De Transporte Y Equipo Pesado 2da Dotacion Gestion 2026 ,False,2026-09-03,2026-09-08,Vigente,Linda Soraida Navia Ramos (Telf: 4260338-79788572),,Cochabamba,Compro Hecho en Bolivia (D.S.4505)
26-1305-00-1684588-1-2,Gobierno Autonomo Municipal De Vinto,Bienes,ANPE,Compra Trimestral De Medicamentos Para El Hospital Vinto Para El S.U.S. D.S. 0181 (Items Declarados Desiertos),True,2026-09-03,2026-09-09,Vigente,Franz Andre Perez Saavedra (Telf: 4264420 - 4260150 - 4357352),,Cochabamba,NB-SABS (D.S.0181)
26-1306-00-1685906-0-E,Gobierno Autonomo Municipal De Colcapirhua,Obras,CD,Implementación Parada De Buses Otb Santa Rosa Central Dist. B,False,2026-09-03,,Contratado,David Paniagua Flores (Telf: 4269985),,Cochabamba,NB-SABS (D.S.0181)
26-1310-00-1686011-1-1,Gobierno Autonomo Municipal De Ayopaya (Villa De Independencia),Bienes,CND1,Compra De Azúcar Para Provisión A La Planta De Transformación Agroindustrial De Independencia   ,False,2026-09-03,2026-09-07,Vigente,Abel Munoz Guarachi (Telf: 010-44136192  4-4500615),,Cochabamba,Compro Hecho en Bolivia (D.S.4505)
26-1311-00-1685905-0-E,Gobierno Autonomo Municipal De Morochata,Servicios Generales,EX,"Transporte Escolara Municipal Gestión 2026, Ruta 4: Coraya- U.E. Hilarion Grageda (Yayani)",False,2026-09-03,,Contratado,Cristobal Zegarra Chura (Telf: 67405759),,Cochabamba,NB-SABS (D.S.0181)
26-1311-00-1686036-1-1,Gobierno Autonomo Municipal De Morochata,Bienes,CM,Adquisición De Equipos De Computación Para G.A.M. Morochata,False,2026-09-03,2026-09-07,Vigente,Cristobal Zegarra Chura (Telf: 67405759),,Cochabamba,NB-SABS (D.S.0181)
26-1312-00-1678829-2-1,Gobierno Autonomo Municipal De Sacaba,Bienes,ANPE,Fomento A La Produccion Pecuaria (Adquisicion De Alevines De Trucha Para La Siembra En Lagunas Y Estanques En Apoyo A La Producción Piscícola),True,2026-09-03,2026-09-10,Vigente,Alejandro Cabrera Apaza (Telf: 4702301),,Cochabamba,NB-SABS (D.S.0181)
26-1312-00-1685663-1-1,Gobierno Autonomo Municipal De Sacaba,Bienes,ANPP,Unidad De Transportes Y Maquinaria (Adquisicion De Repuestos Para Equipos Semipesados),True,2026-09-03,2026-09-17,Vigente,Alejandro Cabrera Apaza (Telf: 4702301),,Cochabamba,NB-SABS (D.S.0181)
26-1312-00-1685928-1-1,Gobierno Autonomo Municipal De Sacaba,Bienes,ANPE,Fortalecimiento Centro De Produccion De Semilla Y Bioinsumo (Adquisicion De Paneles Evaporativos),True,2026-09-03,2026-09-10,Vigente,Richard Quelca Ledezma (Telf: 4702301),,Cochabamba,NB-SABS (D.S.0181)
26-1312-00-1685961-1-1,Gobierno Autonomo Municipal De Sacaba,Bienes,ANPE,"Mantenimiento Y Mejoramiento Sistema De Alcantarillado Distrito Lava Lava (Adq De Materiales; Lote 1 Tuberia Pvc; Lote 2 Camaras De Hormigon, Otb Lava Lava Baja)",True,2026-09-03,2026-09-10,Vigente,Alejandro Cabrera Apaza (Telf: 4702301),,Cochabamba,NB-SABS (D.S.0181)
26-1312-00-1686045-0-E,Gobierno Autonomo Municipal De Sacaba,Obras,EX,"Const. Empedrado Y Cordones Subcentral Ucuchi (Sind. A. Huarachi, Sind. A. Kewiña Pampa Y Sind. A. Pilancho) - Por Excepcion",False,2026-09-03,,Contratado,Richard Quelca Ledezma (Telf: 4702301),,Cochabamba,NB-SABS (D.S.0181)
26-1312-00-1686063-1-1,Gobierno Autonomo Municipal De Sacaba,Bienes,ANPE,Administracion Hospital De Segundo Nivel Mexico (Adquisicion De Computadoras De Escritorio E Impresoras Multifuncion),True,2026-09-03,2026-09-10,Vigente,Saida Mamani Quintela (Telf: 4702301),,Cochabamba,NB-SABS (D.S.0181)
26-1312-00-1686128-1-1,Gobierno Autonomo Municipal De Sacaba,Bienes,ANPE,"Mantenimiento Y Mejoramiento Sistema De Alcantarillado Distrito Lava Lava (Adq. De Materiales; Lote 1 Tuberia Pvc; Lote 2 Camaras De Hormigon; S.A. Tuscapugio Alto, J.V. Glorieta Centro Y Otb Korihuma 2)",True,2026-09-03,2026-09-10,Vigente,Alejandro Cabrera Apaza (Telf: 4702301),,Cochabamba,NB-SABS (D.S.0181)
26-1313-00-1685790-1-1,Gobierno Autonomo Municipal De Colomi,Bienes,ANPE,Adquisicion De Material Fungible Odontologico Para La Atencion De Pacientes Sus Gestion 2026,True,2026-09-03,2026-09-09,Vigente,Lizeth Andia Zegarra (Telf: 4340640),,Cochabamba,NB-SABS (D.S.0181)
26-1314-00-1685802-1-1,Gobierno Autonomo Municipal De Villa Tunari,Obras,ANPP,Anpe 069-2026 Construcción Puente Vehicular Caracota - Sindicato Totora - Central Isiboro - D8 Villa Tunari,True,2026-09-03,2026-09-16,Vigente,Abel Castellon Arnez (Telf: 44136521 ),,Cochabamba,NB-SABS (D.S.0181)
26-1315-00-1685848-1-1,Gobierno Autonomo Municipal De Punata,Bienes,CM,Adquisición De Componentes Eléctricos Para Mantenimiento De Alumbrado Publico Del Municipio De Punata,False,2026-09-03,2026-09-08,Vigente,Jose Antonio Requiz Fuentes (Telf: 4577021),,Cochabamba,NB-SABS (D.S.0181)
26-1320-00-1673660-1-1,Gobierno Autonomo Municipal De Tarata,Bienes,CM,Adquisición De Tuberías Para El Mejoramiento De Caminos Vecinales Av. Igualdad,False,2026-09-03,2026-09-07,Vigente,Nelly Vallejos Velarde (Telf: 4578082 - 4578727),,Cochabamba,NB-SABS (D.S.0181)
26-1320-00-1686058-1-1,Gobierno Autonomo Municipal De Tarata,Servicios Generales,ANPE,Mantenimiento Del Cielo Falso De La Planta De Cereales,True,2026-09-03,2026-09-09,Vigente,Nelly Vallejos Velarde (Telf: 4578082 - 4578727),,Cochabamba,NB-SABS (D.S.0181)
26-1322-00-1685602-1-1,Gobierno Autonomo Municipal De Arbieto,Obras,ANPP,Const. S.A.P. Otb Alto Mollepampa,True,2026-09-03,2026-09-15,Vigente,Jhessica Fary Mamani Milan (Telf: 4578095),,Cochabamba,NB-SABS (D.S.0181)
26-1330-00-1686050-1-1,Gobierno Autonomo Municipal De Tapacari,Bienes,CNC,Adquisicion De Cemento Portland Ip-30 Para Mantenimiento Y Elevacion De Muros Defensivos En Comunidades Establecidas En Las Riberas Del Rio Tapacari Gestion 2026,True,2026-09-03,2026-09-09,Vigente,Edwin Arturo Fuentes Aguilar (Telf: 4-4365380),,Cochabamba,Compro Hecho en Bolivia (D.S.4505)
26-1331-00-1685885-1-1,Gobierno Autonomo Municipal De Totora,Bienes,CNC,“Compra De Medicamentos E Insumos Del Sistema Unico De Salud – Ley 1152 – Sus (Segundo Semestre 2026) En El Marco Del Ds N° 4505”,True,2026-09-03,2026-09-08,Vigente,Ariel Limachi Mora (Telf: 4341002-4136464-4341240),,Cochabamba,Compro Hecho en Bolivia (D.S.4505)
26-1335-00-1679044-1-2,Gobierno Autonomo Municipal De Puerto Villarroel,Bienes,CM,Adquisición De Sillon Odontologico Para Centro De Salud Bia Recuate - D 9 Puerto Villarroel,False,2026-09-03,2026-09-08,Vigente,Deysi Indalicio Urey (Telf: 44136281),,Cochabamba,NB-SABS (D.S.0181)
26-1335-00-1684689-1-1,Gobierno Autonomo Municipal De Puerto Villarroel,Bienes,CNC,Compra De Medicamentos Catalogados Correspondientes Al Cuarto Trimestre Para El Servicio De Hemodiálisis H.C.I. Gestión 2026.,True,2026-09-03,2026-09-08,Vigente,Giovana Vallejos Montaño (Telf: 44136281),,Cochabamba,Compro Hecho en Bolivia (D.S.4505)
26-1335-00-1685693-1-1,Gobierno Autonomo Municipal De Puerto Villarroel,Bienes,ANPP,Compra De Medicamentos No Catalogados Correspondientes Al Cuarto Trimestre Para La Farmacia Del H.C.I. Gestión 2026,True,2026-09-03,2026-09-16,Vigente,Ana Rossemery Moye Orosco (Telf: 44136281),,Cochabamba,NB-SABS (D.S.0181)
26-1345-00-1685596-1-1,Gobierno Autonomo Municipal De Entre Rios Cbba,Bienes,CM,"Adquisición De Material Deportivo, Trofeos Y Medallas Para El Desarrollo De Los Juegos Estudiantiles Nivel Primario 2026.",False,2026-09-03,2026-09-08,Vigente,Neida Castro Trujillo (Telf: 67400986 - 67400858 - 67400857),,Cochabamba,NB-SABS (D.S.0181)
26-1401-03-1685826-1-1,Secretaria Municipal De Salud Integral Y Deportes,Bienes,CM,Adquisicion De Instrumental Para El Servicio De Odontologia Centro De Salud Santa Lucia Segundo Semestre Gestion 2026,False,2026-09-03,2026-09-08,Vigente,Erika Flores Mamani (Telf: 52-55796),,Oruro,NB-SABS (D.S.0181)
26-1401-03-1685849-1-1,Secretaria Municipal De Salud Integral Y Deportes,Bienes,CND1,Adquisicion De Material De Limpieza E Higiene Para El Centro De Salud Chiripujio Correspondiente Al Segundo Semestre Gestion 2026 Mediante D.S. 4505,False,2026-09-03,2026-09-09,Vigente,Lizet Karen Humerez Acebo (Telf: 52-55796),,Oruro,Compro Hecho en Bolivia (D.S.4505)
26-1404-00-1685012-1-1,Gobierno Autonomo Municipal De Challapata,Bienes,ANPE,Servicios De Salud Universal Y Gratuita -Sus (Adquisicion De Medicamentos Para Los Centros Y Puestos De Salud De Primer Nivel Del Municipio De Challapata Correspondiente Al Tercer Trimestre De 2026),True,2026-09-03,2026-09-09,Vigente,Simeon Chambi Flores (Telf: 5572250),,Oruro,NB-SABS (D.S.0181)
26-1404-00-1685568-1-1,Gobierno Autonomo Municipal De Challapata,Bienes,ANPP,Servicios De Salud Universal Y Gratuita - Sus (Adquisicion De Medicamentos Para El Hospital Ii Nivel San Juan De Dios  Correspondiente Al Tercer Trimestre De La Gestion 20269,True,2026-09-03,2026-09-15,Vigente,Simeon Chambi Flores (Telf: 5572250),,Oruro,NB-SABS (D.S.0181)
26-1404-00-1685573-1-1,Gobierno Autonomo Municipal De Challapata,Bienes,ANPE,Ampliación De Alumbrado Público Challapata (Adquisición De Materialres Electricos),True,2026-09-03,2026-09-09,Vigente,Simeon Chambi Flores (Telf: 5572250),,Oruro,NB-SABS (D.S.0181)
26-1405-00-1686115-1-1,Gobierno Autonomo Municipal De Santuario De Quillacas,Bienes,CNC,Compra De Complemento Nutricional (Carmelo) Para Los Establecimientos De Salud Del Municipio Santuario De Quillacas,True,2026-09-03,2026-09-08,Vigente,Bruno Eduardo Guzman Gallardo (Telf: 68287915),,Oruro,Compro Hecho en Bolivia (D.S.4505)
26-1406-00-1685930-1-1,Gobierno Autonomo Municipal De Huanuni (Villa Huanuni),Obras,CM,Mejoramiento Con Cerco Perimetral Cancha Polifuncional Tangalla,False,2026-09-03,2026-09-08,Vigente,Adolfo Antonio Perez (Telf: 5520585),,Oruro,NB-SABS (D.S.0181)
26-1501-00-1685967-1-1,Gobierno Autonomo Municipal De Potosi,Bienes,ANPE,Adquisición De Agregados - Const. Pavimento Rigido Calle S/N J.V. Verde Olivo D-17,True,2026-09-03,2026-09-10,Vigente,Erick Roger Peredo Cabrera (Telf: 26226200),,Potosi,NB-SABS (D.S.0181)
26-1501-00-1686111-1-1,Gobierno Autonomo Municipal De Potosi,Servicios Generales,ANPE,Servicio De Mantenimiento Preventivo Y Correctivo Del Horno Crematorio Del Cementerio General Potosí - Gastos De Operación Y Mantenimiento Horno Crematorio Md,True,2026-09-03,2026-09-10,Vigente,Erick Roger Peredo Cabrera (Telf: 26226200),,Potosi,NB-SABS (D.S.0181)
26-1501-05-1685987-1-1,Dirección Técnica Municipal De Salud,Bienes,CNC,"Adquisicion De Medicamentos Segundo Semestre Centro De Salud Integral Potosi, Servicios De Salud Universal Y Gratuita – Sus",True,2026-09-03,2026-09-09,Vigente,Karla Carvajal Villa (Telf: 2 6231337),,Potosi,Compro Hecho en Bolivia (D.S.4505)
26-1501-05-1685996-1-1,Dirección Técnica Municipal De Salud,Bienes,CND1,Adquisición De Material De Limpieza Para El Centro De Salud San Benito,False,2026-09-03,2026-09-08,Vigente,Daria Bravo Flores (Telf: 2 6231337),,Potosi,Compro Hecho en Bolivia (D.S.4505)
26-1502-00-1676150-0-E,Gobierno Autonomo Municipal De Tinguipaya,Bienes,EX,"Campeonato Interayllus (Adquisicion De Camisetas, Short Y Balones Gestion 2026)",False,2026-09-03,,Contratado,Evil Gildo Martinez Colque (Telf: 2-6136235),,Potosi,NB-SABS (D.S.0181)
26-1502-00-1681937-2-1,Gobierno Autonomo Municipal De Tinguipaya,Obras,ANPP,Const. Estanque De Riego Comunidad Collpuota,True,2026-09-03,2026-09-15,Vigente,Evil Gildo Martinez Colque (Telf: 2-6136235),,Potosi,NB-SABS (D.S.0181)
26-1507-00-1686016-1-1,Gobierno Autonomo Municipal De Llallagua,Bienes,CND1,“Programa Bono Juana Azurduy” (Adquisición De Muebles Programa Bono Juana Azurduy Municipio Llallagua 2026) ,False,2026-09-03,2026-09-08,Vigente,Silvia Aro Cabrera (Telf: 5822817),,Potosi,Compro Hecho en Bolivia (D.S.4505)
26-1517-00-1684794-1-1,Gobierno Autonomo Municipal De Cotagaita,Bienes,CND1,Adquisicion De Gaviones Para Proteccion De Obras De Toma De Toma Pampa Grande (Sil. De Compra De Materiales),False,2026-09-03,2026-09-07,Vigente,Vladimir Santos Barroso Ricalde (Telf: 06949155),,Potosi,Compro Hecho en Bolivia (D.S.4505)
26-1517-00-1684907-1-1,Gobierno Autonomo Municipal De Cotagaita,Bienes,ANPE,"Servicio De Salud Universal Y Gratuita – Sus “Adquisición De Medicamentos, Insumos Para Los Establecimientos De Salud Del Municipio De Cotagaita, Para Atención De Beneficiados Del Sistema Sus” (Tercera Compra Compro Hecho En Bolivia Items Desiertos)",True,2026-09-03,2026-09-09,Vigente,Vladimir Santos Barroso Ricalde (Telf: 06949155),,Potosi,NB-SABS (D.S.0181)
26-1519-00-1684554-1-1,Gobierno Autonomo Municipal De Tupiza,Bienes,CM,Adquisicion De Instrumental Menor  Quirúrgico Para El Hospital Municipal Eduardo Eguia - Da3-Gamt,False,2026-09-03,2026-09-07,Vigente,Ramiro Reynaldo Teran Aguilar (Telf: 26943926 / 26942304),,Potosi,NB-SABS (D.S.0181)
26-1519-00-1685939-1-1,Gobierno Autonomo Municipal De Tupiza,Bienes,CM,5to Requerimiento De Carnes Para Alimentación Hospitalaria Gestión 2026 Hospital Municipal Eduardo Eguia Safci-Da3-Gamt,False,2026-09-03,2026-09-07,Vigente,Ramiro Reynaldo Teran Aguilar (Telf: 26943926 / 26942304),,Potosi,NB-SABS (D.S.0181)
26-1521-00-1686159-1-1,"Gobierno Autonomo Municipal De Colcha""K"" (Villa Martin)",Bienes,ANPE,Compra De Productos Quimicos Y Farmaceuticos Para La Planta Industrializadora De Sal,False,2026-09-03,2026-09-09,Vigente,Nicol Graciela Choque Gonzales (Telf: +591-69654122),,Potosi,NB-SABS (D.S.0181)
26-1521-00-1686160-1-1,"Gobierno Autonomo Municipal De Colcha""K"" (Villa Martin)",Obras,ANPP,Const. Salon De Capacitacion Tambillo Ledezma,True,2026-09-03,2026-09-15,Vigente,Ramiro Oracio Huanca Veliz (Telf: +591-69654122),,Potosi,NB-SABS (D.S.0181)
26-1525-00-1685956-1-1,Gobierno Autonomo Municipal De San Antonio De Esmoruco,Bienes,CM,2da Adquisición De Insumos De Suplementos Complementarios Carmelo - Nutri Mamá Red De Salud Mcpio. S.A. De Esmoruco 2026,False,2026-09-03,2026-09-07,Vigente,Eusebio  Acho   (Telf: 26943440),,Potosi,NB-SABS (D.S.0181)
26-1526-00-1673983-2-1,Gobierno Autonomo Municipal De Sacaca (Villa De Sacaca),Bienes,ANPE,Asistencia En Desastres Naturales A Nivel Municipal “Adquisición De Semilla De Papa Variedad Huaycha Tamaño Iii”,True,2026-09-03,2026-09-10,Vigente,Nelson Gabriel Chambi (Telf: 67948479),,Potosi,NB-SABS (D.S.0181)
26-1526-00-1685810-1-1,Gobierno Autonomo Municipal De Sacaca (Villa De Sacaca),Bienes,ANPP,"Adquisición De Instrumental Menor Medico-Quirugico Y Equipamiento Para El Centro De Salud San Luis De Sacaca, Para Atención De Benefeciarios Del Sistema Sus",True,2026-09-03,2026-09-16,Vigente,Nelson Gabriel Chambi (Telf: 67948479),,Potosi,NB-SABS (D.S.0181)
26-1528-00-1686165-1-1,Gobierno Autonomo Municipal De Puna (Villa Talavera),Bienes,CNC,Adquisición De Comlemento Nutricional Para El Adulto Mayor (Carmelo) De La Ley 1152 Para La Red De Servicio De Salud Municipal Safci Puna Gestion 2026 Segunda Compra D.S. 4505.,True,2026-09-03,2026-09-10,Vigente,Humberto Kelcasi Choque (Telf: 61990077),,Potosi,Compro Hecho en Bolivia (D.S.4505)
26-1530-00-1686124-1-1,Gobierno Autonomo Municipal De Uyuni,Obras,ANPP,Const. Sistema De Agua Potable Oro Ingenio - Uyuni,True,2026-09-03,2026-09-15,Vigente,Cesar Alvaro Ticona Baptista (Telf: 2-6932060),,Potosi,NB-SABS (D.S.0181)
26-1537-00-1685585-1-1,Gobierno Autonomo Municipal De Villazon,Obras,ANPE,Const. Embovedado Pluvial Plaza Los Delfines - D1 Villazon,True,2026-09-03,2026-09-10,Vigente,Sandy Miranda Bravo (Telf: 5972119),,Potosi,NB-SABS (D.S.0181)
26-1538-00-1685191-1-1,Gobierno Autonomo Municipal De San Agustin,Bienes,ANPE,Contratación Para Alimentación Complementaria Escolar Para Las Unidades Educativas Del Municipio De San Agustín 2026,True,2026-09-03,2026-09-10,Vigente,Florencio Bautista Baptista (Telf: 68721013),,Potosi,NB-SABS (D.S.0181)
26-1601-00-1679628-2-1,Gobierno Autonomo Municipal De Tarija,Bienes,ANPE,"“Adquisicion De Repuestos Para Los Equipos Retro Excavadora New Holland, Modelo B110b, De Los Internos 297 Y 298”",True,2026-09-03,2026-09-09,Vigente,Shirley Margarzo Romero (Telf: 6643211 - 6643213),,Tarija,NB-SABS (D.S.0181)
26-1601-00-1686087-0-E,Gobierno Autonomo Municipal De Tarija,Consultoria,CM,Contratacion De Consultor Por Producto Estudio De Diseño Tecnico De Preinversion “Construccion Sistema De Riego Tecnificado Comunidad Monte Centro”,False,2026-09-03,,Contratado,Eiber Romer Herrera Aguirre (Telf: 6643211 - 6643213),,Tarija,NB-SABS (D.S.0181)
26-1601-00-1686117-1-1,Gobierno Autonomo Municipal De Tarija,Bienes,CM,Adquisicion De  Material  De Red Para Cableado Estructurado De La Direccion De Ingresos Del  Gobierno  Autonomo Municipal De Tarija”,False,2026-09-03,2026-09-07,Vigente,Willan Cazon Rodriguez (Telf: 6643211 - 6643213),,Tarija,NB-SABS (D.S.0181)
26-1701-05-1685931-1-1,Concejo Municipal Del Gobierno Autónomo Municipal De Santa Cruz,Bienes,ANPP,"Adquisicion De Servidores Para El Centro De Datos Del Concejo Municipal, Gestion 2026",True,2026-09-03,2026-09-16,Vigente,David Paniagua Orosco (Telf: 333-3438),,Santa Cruz,NB-SABS (D.S.0181)
26-1703-00-1686048-1-1,Gobierno Autonomo Municipal De Ayacucho (Porongo),Obras,ANPP,Mantenimiento Correctivo (Bacheo) En Pavimento Rigido Tramo Rotonda Urubo - Urubo Barranca,True,2026-09-03,2026-09-16,Vigente,Luis Carlos Mendez Eguez (Telf: 3888227),,Santa Cruz,NB-SABS (D.S.0181)
26-1703-00-1686051-1-1,Gobierno Autonomo Municipal De Ayacucho (Porongo),Bienes,ANPE,Adquisición De Impresoras Y Escaner Para Diferentes Areas De La Secretaria Municipal De Administración Y Finanzas,True,2026-09-03,2026-09-10,Vigente,Jose Domingo Pedraza Alcantara (Telf: 3888227),,Santa Cruz,NB-SABS (D.S.0181)
26-1704-00-1685900-1-1,Gobierno Autonomo Municipal De La Guardia,Bienes,CM,Adquisicion De Detergente En Polvo Y Lava Vajilla Para Los Diferentes Centros De Salud Del Municipio De La Guardia,False,2026-09-03,2026-09-08,Vigente,Damarys Gonzalez Fernandez (Telf: 3840019),,Santa Cruz,NB-SABS (D.S.0181)
26-1712-00-1686169-1-1,Gobierno Autonomo Municipal De Yapacani,Bienes,CM,Equipamiento Medico Para El Servicio De Sala De Parto Y Maternidad Para El Hospital De 2do Nivel,False,2026-09-03,2026-09-07,Vigente,Laury Choque Impa (Telf: 933-6111),,Santa Cruz,NB-SABS (D.S.0181)
26-1720-00-1685856-1-1,Gobierno Autonomo Municipal De Cabezas,Bienes,CM,Compra De Grupo De Bujes Y Pasadores C/Arandelas Metálicas De 42 Pzas. Para Cadenas De Oruga Komatsu,False,2026-09-03,2026-09-08,Vigente,Yenny Fabiola Rodriguez Arteaga (Telf: 33136051),,Santa Cruz,NB-SABS (D.S.0181)
26-1801-00-1685857-0-E,Gobierno Autonomo Municipal De Santisima Trinidad,Consultoria,CM,Consultor Individual De Linea - Administrativo I - Bioquimico Laboratorio - Centro De Salud Mana,False,2026-09-03,,Contratado,Eulis Cuellar Cardona (Telf: 4621322 - 4620447),,Beni,NB-SABS (D.S.0181)
26-1801-00-1685864-0-E,Gobierno Autonomo Municipal De Santisima Trinidad,Consultoria,CM,Consultor Individual De Linea - Administrativo I - Bioquimico Laboratorio - Centro De Salud 30 De Julio - 4,False,2026-09-03,,Contratado,Eulis Cuellar Cardona (Telf: 4621322 - 4620447),,Beni,NB-SABS (D.S.0181)
26-1801-00-1685872-0-E,Gobierno Autonomo Municipal De Santisima Trinidad,Consultoria,CM,Consultor Individual De Linea - Administrativo I - Bioquimico Laboratorio - Centro De Salud San Vicente,False,2026-09-03,,Contratado,Eulis Cuellar Cardona (Telf: 4621322 - 4620447),,Beni,NB-SABS (D.S.0181)
26-1801-00-1685913-0-E,Gobierno Autonomo Municipal De Santisima Trinidad,Consultoria,CM,Consultor Individual De Linea-Administrativo I-Bioquimico Laboratorio-Centro De Salud Loma Suarez,False,2026-09-03,,Contratado,Schefri Pinto Rocha (Telf: 4621322 - 4620447),,Beni,NB-SABS (D.S.0181)
26-1801-00-1685923-0-E,Gobierno Autonomo Municipal De Santisima Trinidad,Consultoria,CM,Consultor Individual De Linea-Administrativo I-Licenciada En Enfermeria-Centro De Salud Nueva Jerusalen-2,False,2026-09-03,,Contratado,Schefri Pinto Rocha (Telf: 4621322 - 4620447),,Beni,NB-SABS (D.S.0181)
26-1801-00-1685935-0-E,Gobierno Autonomo Municipal De Santisima Trinidad,Consultoria,CM,Consultor Individual De Linea - Administrativo I - Bioquimico Farmaceutico - Centro De Salud Puerto Varador,False,2026-09-03,,Contratado,Eulis Cuellar Cardona (Telf: 4621322 - 4620447),,Beni,NB-SABS (D.S.0181)
26-1801-00-1685962-0-E,Gobierno Autonomo Municipal De Santisima Trinidad,Consultoria,CM,Consultor Individual De Linea - Administrativo I - Bioquimico Farmaceutico - Centro De Salud 30 De Julio - 3,False,2026-09-03,,Contratado,Eulis Cuellar Cardona (Telf: 4621322 - 4620447),,Beni,NB-SABS (D.S.0181)
26-1801-00-1685972-0-E,Gobierno Autonomo Municipal De Santisima Trinidad,Consultoria,CM,Consultor Individual De Linea - Administrativo I - Licenciada En Enfermeria - Centro De Salud 30 De Julio - 3,False,2026-09-03,,Contratado,Eulis Cuellar Cardona (Telf: 4621322 - 4620447),,Beni,NB-SABS (D.S.0181)
26-1801-00-1686022-0-E,Gobierno Autonomo Municipal De Santisima Trinidad,Consultoria,CM,Consultor Individual De Linea - Administrativo I - Odontologo - Centro De Salud Mana,False,2026-09-03,,Contratado,Eulis Cuellar Cardona (Telf: 4621322 - 4620447),,Beni,NB-SABS (D.S.0181)
26-1801-00-1686042-0-E,Gobierno Autonomo Municipal De Santisima Trinidad,Consultoria,CM,Consultor Individual De Linea - Administrativo I - Bioquimico Farmaceutico - Centro De Salud 30 De Julio - 1,False,2026-09-03,,Contratado,Eulis Cuellar Cardona (Telf: 4621322 - 4620447),,Beni,NB-SABS (D.S.0181)
26-1801-00-1686054-0-E,Gobierno Autonomo Municipal De Santisima Trinidad,Consultoria,CM,Consultor Individual De Linea - Administrativo I - Bioquimico Farmaceutico - Centro De Salud San Vicente,False,2026-09-03,,Contratado,Eulis Cuellar Cardona (Telf: 4621322 - 4620447),,Beni,NB-SABS (D.S.0181)
26-1801-00-1686064-0-E,Gobierno Autonomo Municipal De Santisima Trinidad,Consultoria,CM,Consultor Individual De Linea - Administrativo I - Bioquimico Laboratorio - Centro De Salud Central - 1,False,2026-09-03,,Contratado,Eulis Cuellar Cardona (Telf: 4621322 - 4620447),,Beni,NB-SABS (D.S.0181)
26-1801-00-1686082-0-E,Gobierno Autonomo Municipal De Santisima Trinidad,Consultoria,CM,Consultor Individual De Linea - Administrativo I - Fisioterapeuta - Centro De Salud Central,False,2026-09-03,,Contratado,Eulis Cuellar Cardona (Telf: 4621322 - 4620447),,Beni,NB-SABS (D.S.0181)
26-1801-00-1686090-0-E,Gobierno Autonomo Municipal De Santisima Trinidad,Consultoria,CM,Consultor Individual De Linea - Administrativo I - Bioquimico Farmaceutico - Centro De Salud Central - 2,False,2026-09-03,,Contratado,Eulis Cuellar Cardona (Telf: 4621322 - 4620447),,Beni,NB-SABS (D.S.0181)
26-1801-00-1686099-0-E,Gobierno Autonomo Municipal De Santisima Trinidad,Consultoria,CM,Consultor Individual De Linea - Administrativo I - Imagenologo - Centro De Salud Central - 2,False,2026-09-03,,Contratado,Eulis Cuellar Cardona (Telf: 4621322 - 4620447),,Beni,NB-SABS (D.S.0181)
26-1801-00-1686106-0-E,Gobierno Autonomo Municipal De Santisima Trinidad,Consultoria,CM,Consultor Individual De Linea - Administrativo I - Bioquimico Laboratorio - Centro De Salud 30 De Julio - 5,False,2026-09-03,,Contratado,Eulis Cuellar Cardona (Telf: 4621322 - 4620447),,Beni,NB-SABS (D.S.0181)
26-1803-00-1686057-1-1,Gobierno Autonomo Municipal De Riberalta,Bienes,CNC,Tercera Adquisicion De Soluciones  Básicas  Para El Servicio De Hemodialisis  Del Hospital General  Riberalta  Gestion 2026,True,2026-09-03,2026-09-09,Vigente,Julio Cesar Chavez Marigua (Telf: 8522417),,Beni,Compro Hecho en Bolivia (D.S.4505)
26-1803-00-1686065-1-1,Gobierno Autonomo Municipal De Riberalta,Bienes,CNC,Tercera Adquisicion De Soluciones Ácidas Para El Servicio De  Hemodialisis  Del Hospital General Riberalta  Gestion 2026,True,2026-09-03,2026-09-09,Vigente,Julio Cesar Chavez Marigua (Telf: 8522417),,Beni,Compro Hecho en Bolivia (D.S.4505)
26-1803-00-1686070-1-1,Gobierno Autonomo Municipal De Riberalta,Bienes,CNC,Cuarta Adquisicion De Solución Fisiológica  Para Los Diferentes  Servicios  Del Hospital General Riberalta  Gestion 2026 .,True,2026-09-03,2026-09-09,Vigente,Julio Cesar Chavez Marigua (Telf: 8522417),,Beni,Compro Hecho en Bolivia (D.S.4505)
26-2303-00-1685955-1-1,Empresa Municipal De Areas Verdes Y Recreacion Alternativa - Emavra,Bienes,ANPE,Adquisicion De Material Electrico (Tercer Trimestre) Para La Unidad De Proyectos Y Construcciones,True,2026-09-03,2026-09-10,Vigente,Gabriela Cruz Ramirez (Telf: 4448430),,Cochabamba,NB-SABS (D.S.0181)
26-2330-00-1683428-1-2,Empresa Publica Departamental De Servicios Electricos Tarija - Setar,Bienes,ANPP,Adquisición De Material Eléctrico Para Expansiones Urbano Y Rural Yacuiba,True,2026-09-03,2026-09-15,Vigente,Luis Miguel Duran Ojopi (Telf: 46642213 - INT. 102),,Tarija,NB-SABS (D.S.0181)
26-2330-00-1685859-1-1,Empresa Publica Departamental De Servicios Electricos Tarija - Setar,Bienes,CM,Adquisicion De Llantas Para El Parque Automotor De Setar Segunda Dotacion,False,2026-09-03,2026-09-08,Vigente,Jose Nivardo Ruiz Vega (Telf: 46642213 - INT. 102),,Tarija,NB-SABS (D.S.0181)
26-0015-00-1685262-0-E,Ministerio De Gobierno,Consultoria,CM,Consultoría Individual De Línea: Técnico En Relaciones Internacionales,False,2026-09-04,,Contratado,Edwin Sandro Burgoa Fernandez (Telf: 2120002 - 2120003),,La Paz,NB-SABS (D.S.0181)
26-0015-00-1685664-0-E,Ministerio De Gobierno,Consultoria,CM,"Consultoría Por Producto: Elaboración De Documentos De Análisis De Información En Seguridad Ciudadana, Para El Fortalecimiento De Las Políticas Públicas",False,2026-09-04,,Contratado,Edwin Sandro Burgoa Fernandez (Telf: 2120002 - 2120003),,La Paz,NB-SABS (D.S.0181)
26-0015-03-1686218-1-1,Direccion Nacional De Fiscalizacion Y  Recaudaciones De La Policia Nacional,Bienes,CM,Adquisicion De Papel Fotocopia Tamaño Oficio Y Carta Segundo Semestre Para La Direccion Nacional De Fisclizacion Y Recaudaciones,False,2026-09-04,2026-09-09,Vigente,Wilmer Felipe Arzabe Aruquipa (Telf: 2310287),,La Paz,NB-SABS (D.S.0181)
26-0015-03-1686231-1-1,Direccion Nacional De Fiscalizacion Y  Recaudaciones De La Policia Nacional,Bienes,CM,Adquisicion De Material De Escritorio Segundo Semestre Para La Direccion Nacional De Fiscalizacion Y Recaudaciones,False,2026-09-04,2026-09-09,Vigente,Wilmer Felipe Arzabe Aruquipa (Telf: 2310287),,La Paz,NB-SABS (D.S.0181)
26-0016-21-1686359-0-E,Escuela Superior De Formacion De Maestras Y Maestros Caracollo,Consultoria,CM,"Servicio De Consultoría Para La Inventariación, Recodificación Y Revalorización Técnica De Activos Fijos De La Escuela Superior De Formación De Maestros “Caracollo” Y Unidades Académicas (Machacamarca Y Pampa Aullagas)",False,2026-09-04,,Contratado,Rene Luna Arroyo (Telf: 5136020),,Oruro,NB-SABS (D.S.0181)
26-0020-10-1655630-2-1,Comando General Del Ejercito,Bienes,ANPE,Adquisición De Productos Químicos Y Farmacéuticos Para Los Ganados Bovinos Del Bpe-Ii Cnl. Oscar Moscoso,True,2026-09-04,2026-09-11,Vigente,José Luis Pocoaca Cori (Telf: 2977600),,La Paz,NB-SABS (D.S.0181)
26-0035-01-1686387-1-1,Servicio De Impuestos Nacionales,Bienes,CM,Adquisición De Tripodes Para Camaras Para El Area Comunicación  Social Y Relaciones Publicas,False,2026-09-04,2026-09-09,Vigente,Lucia Elizabeth Quisbert Soliz (Telf: 2606060 ),,La Paz,NB-SABS (D.S.0181)
26-0035-01-1686431-1-1,Servicio De Impuestos Nacionales,Bienes,CND1,"“Adquisición De Papel Para Los Proyectos: Gestion De Servicio Al Contribuyente, Gestion De Apoyo Para El Cumplimiento Voluntario De Obligaciones Tributarias, Autos Iniciales De Sumario Contravencional, Rectificatorias, Gestores De Cobro Y Conclusion De Procesos De Cobro Y Su Registro En Sistemas De Cobranza Coactiva De La Gerencia Distrital Oruro - Gestion 2026”",False,2026-09-04,2026-09-08,Vigente,Angelica Capuma Mamani (Telf: 2606060 ),,La Paz,Compro Hecho en Bolivia (D.S.4505)
26-0041-15-1686424-1-1,Servicio Nacional De Sanidad Agropecuaria E Inocuidad Alimentaria - Senasag,Bienes,CM,Adquisición De Kits De Elisa Para Diagnostico De Enfermedades Respiratorias En El Área De Microbiología Del Laboratorio De Sanidad Animal Unalab Cochabamba –Senasag,False,2026-09-04,2026-09-09,Vigente,Justo Ivan Laura Quisbert (Telf: 3-4628115 - 67271219),,Beni,NB-SABS (D.S.0181)
26-0041-20-1686240-0-E,Unidad Desconcentrada Empoderar,Consultoria,OF,Acompañante De Alianzas Productivas Uor Chaco Cipa 050/2026,False,2026-09-04,,Contratado,Carmen Tatiana Sanjinez Segovia (Telf: 2141750-2145337-71952144),,La Paz,Normativa del Financiador (BM)
26-0041-20-1686257-0-E,Unidad Desconcentrada Empoderar,Consultoria,OF,Acompañante De Alianzas Productivas Uor Chaco,False,2026-09-04,,Contratado,Carmen Tatiana Sanjinez Segovia (Telf: 2141750-2145337-71952144),,La Paz,Normativa del Financiador (BM)
26-0041-20-1686297-0-E,Unidad Desconcentrada Empoderar,Consultoria,OF,Acompañante De Alianzas Comunitarias Uod La Paz Cipac 017/2026,False,2026-09-04,,Contratado,Carmen Tatiana Sanjinez Segovia (Telf: 2141750-2145337-71952144),,La Paz,Normativa del Financiador (BM)
26-0041-20-1686316-0-E,Unidad Desconcentrada Empoderar,Consultoria,OF,Acompañante De Alianzas Comunitarias Uod La Paz Cipac 022/2026,False,2026-09-04,,Contratado,Carmen Tatiana Sanjinez Segovia (Telf: 2141750-2145337-71952144),,La Paz,Normativa del Financiador (BM)
26-0041-20-1686339-0-E,Unidad Desconcentrada Empoderar,Consultoria,OF,Acompañante De Alianzas Comunitarias Uod La Paz Cipac 024/2026,False,2026-09-04,,Contratado,Carmen Tatiana Sanjinez Segovia (Telf: 2141750-2145337-71952144),,La Paz,Normativa del Financiador (BM)
26-0041-20-1686348-0-E,Unidad Desconcentrada Empoderar,Consultoria,OF,Acompañante De Alianzas Comunitarias Uod La Paz Cipac 023/2026,False,2026-09-04,,Contratado,Carmen Tatiana Sanjinez Segovia (Telf: 2141750-2145337-71952144),,La Paz,Normativa del Financiador (BM)
26-0041-20-1686357-0-E,Unidad Desconcentrada Empoderar,Consultoria,OF,Acompañante De Alianzas Comunitarias Uod La Paz Cipac 026/2026,False,2026-09-04,,Contratado,Carmen Tatiana Sanjinez Segovia (Telf: 2141750-2145337-71952144),,La Paz,Normativa del Financiador (BM)
26-0041-20-1686365-0-E,Unidad Desconcentrada Empoderar,Consultoria,OF,Acompañante De Alianzas Comunitarias Uod La Paz Cipac 020/2026,False,2026-09-04,,Contratado,Carmen Tatiana Sanjinez Segovia (Telf: 2141750-2145337-71952144),,La Paz,Normativa del Financiador (BM)
26-0041-20-1686385-0-E,Unidad Desconcentrada Empoderar,Consultoria,OF,Acompañante De Alianzas Comunitarias Uod La Paz Cipac 025/2026,False,2026-09-04,,Contratado,Carmen Tatiana Sanjinez Segovia (Telf: 2141750-2145337-71952144),,La Paz,Normativa del Financiador (BM)
26-0041-20-1686398-0-E,Unidad Desconcentrada Empoderar,Consultoria,OF,Acompañante De Alianzas Comunitarias Uod La Paz Cipac 18/2026,False,2026-09-04,,Contratado,Carmen Tatiana Sanjinez Segovia (Telf: 2141750-2145337-71952144),,La Paz,Normativa del Financiador (BM)
26-0041-20-1686406-0-E,Unidad Desconcentrada Empoderar,Consultoria,OF,Acompañante De Alianzas Comunitarias Uod La Paz Cipac 019/2026,False,2026-09-04,,Contratado,Carmen Tatiana Sanjinez Segovia (Telf: 2141750-2145337-71952144),,La Paz,Normativa del Financiador (BM)
26-0041-21-1654922-1-2,Apoyo A La Produccion Agropecuaria Ante El Cambio Climatico - Aprocam,Bienes,ANPE,Adquisicion De Llantas Para Vehiculos Oficiales De La Ue Aprocam,True,2026-09-04,2026-09-16,Vigente,Jose Gaston Cadena Guadama (Telf: 2149951-68244699-76297090),,La Paz,NB-SABS (D.S.0181)
26-0041-24-1686350-1-1,Unidad De Coordinacion Y Ejecucion De Proyectos - Ucep Mi Riego,Obras,OF,Construcción Sistema De Riego Charamoco Municipio De Capinota,False,2026-09-04,2026-10-06,Vigente,Edwin Freddy Oropeza Choque (Telf: 2145792 - 72852834),,La Paz,Normativa del Financiador (BM)
26-0041-24-1686382-1-1,Unidad De Coordinacion Y Ejecucion De Proyectos - Ucep Mi Riego,Obras,OF,Construccion Sistema De Riego Lokostani En La Comunidad De Hualliquiani D-1 Independencia,False,2026-09-04,2026-10-06,Vigente,Edwin Freddy Oropeza Choque (Telf: 2145792 - 72852834),,La Paz,Normativa del Financiador (BM)
26-0041-24-1686404-1-1,Unidad De Coordinacion Y Ejecucion De Proyectos - Ucep Mi Riego,Consultoria,OF,Supervision Construccion Sistema De Riego Charamoco Municipio De Capinota Y Supervision Construccion Sistema De Riego Lokostani En La Comunidad De Hualliquiani D-1 Independencia,False,2026-09-04,2026-09-23,Vigente,Edwin Freddy Oropeza Choque (Telf: 2145792 - 72852834),,La Paz,Normativa del Financiador (BM)
26-0041-24-1686425-1-1,Unidad De Coordinacion Y Ejecucion De Proyectos - Ucep Mi Riego,Obras,OF,Mejoramiento Sistema De Riego Tecnificado Cala Cala Soracachi,False,2026-09-04,2026-10-06,Vigente,Marysabel Condo Navarro (Telf: 2145792 - 72852834),,La Paz,Normativa del Financiador (BM)
26-0041-24-1686451-1-1,Unidad De Coordinacion Y Ejecucion De Proyectos - Ucep Mi Riego,Consultoria,OF,Supervision Mejoramiento Sistema De Riego Tecnificado Huallca Santiago De Huari Y Mejoramiento Sistema De Riego Tecnificado Cala Cala Soracachi,False,2026-09-04,2026-09-23,Vigente,Marysabel Condo Navarro (Telf: 2145792 - 72852834),,La Paz,Normativa del Financiador (BM)
26-0041-24-1686460-1-1,Unidad De Coordinacion Y Ejecucion De Proyectos - Ucep Mi Riego,Consultoria,OF,Supervision Construccion Sistema De Riego Vaqueria Machacamarca Inquisivi Y Supervision Construccion Sistema De Riego Tecnificado Sub Central Carazani Sorata,False,2026-09-04,2026-09-23,Vigente,Karol Maria Natalia Andrade Mostajo (Telf: 2145792 - 72852834),,La Paz,Normativa del Financiador (BM)
26-0041-24-1686493-1-1,Unidad De Coordinacion Y Ejecucion De Proyectos - Ucep Mi Riego,Obras,OF,Construccion Sistema De Riego Tecnificado Sub Central Carazani Sorata,False,2026-09-04,2026-10-07,Vigente,Karol Maria Natalia Andrade Mostajo (Telf: 2145792 - 72852834),,La Paz,Normativa del Financiador (BM)
26-0041-24-1686501-1-1,Unidad De Coordinacion Y Ejecucion De Proyectos - Ucep Mi Riego,Obras,OF,Construccion Sistema De Riego Vaqueria Machacamarca Inquisivi,False,2026-09-04,2026-10-07,Vigente,Karol Maria Natalia Andrade Mostajo (Telf: 2145792 - 72852834),,La Paz,Normativa del Financiador (BM)
26-0046-21-1686312-1-1,Seguro Social Universitario - Cochabamba,Bienes,CNC,Adquisición  De Solución Fisiológica De 500cc,True,2026-09-04,2026-09-10,Vigente,Dayana Montaño Fernandez (Telf: 4226772),,Cochabamba,Compro Hecho en Bolivia (D.S.4505)
26-0046-26-1686152-1-1,Instituto Nacional De Laboratorios De Salud Inlasa,Bienes,CM,Adquisición De Balanza Analitica Para El Laboratorio De Producción De Inmunoglobulinas,False,2026-09-04,2026-09-09,Vigente,Juan Carlos Zuleta Canaviri (Telf: 2-226048),,La Paz,NB-SABS (D.S.0181)
26-0046-26-1686155-1-1,Instituto Nacional De Laboratorios De Salud Inlasa,Bienes,CM,Adquisición De Mesas De Acero Inoxidable Para El Laboratorio De Producción De Inmunoglobulinas,False,2026-09-04,2026-09-09,Vigente,Juan Carlos Zuleta Canaviri (Telf: 2-226048),,La Paz,NB-SABS (D.S.0181)
26-0046-31-1686207-0-E,Seguro Social Universitario Santa Cruz,Consultoria,CM,Servicio De Consultoria Individual De Linea Profesional I Auditoria Interna Gestion 2026,False,2026-09-04,,Contratado,Wilson Copa Chavez (Telf: 3392827),,Santa Cruz,NB-SABS (D.S.0181)
26-0078-00-1683443-0-E,Ministerio De Hidrocarburos Y Energias,Consultoria,OF,Especialista En Gestion Por Resultados,False,2026-09-04,,Contratado,Melissa Soledad Flores Bustamante (Telf: 2374050),,La Paz,Normativa del Financiador (BM)
26-0081-61-1671271-1-2,Unidad Tecnica Aeroportuaria - Uta,Consultoria,OF,Consultor De Línea Especialista Ambiental,False,2026-09-04,2026-09-11,Vigente,Ivan Pena Yujra (Telf: 2156631),,La Paz,Normativa del Financiador (BID)
26-0081-61-1671339-1-2,Unidad Tecnica Aeroportuaria - Uta,Consultoria,OF,Consultor De Línea Especialista Social,False,2026-09-04,2026-09-11,Vigente,Ivan Pena Yujra (Telf: 2156631),,La Paz,Normativa del Financiador (BID)
26-0081-61-1686395-1-1,Unidad Tecnica Aeroportuaria - Uta,Consultoria,OF,Supervision Tecnica Socioambiental Para La Construcion Del Parque Lineal Metropolitano La Paz - El Alto (Tramo 1 - Ciclo Senda Verde),False,2026-09-04,2026-09-18,Vigente,Ivan Pena Yujra (Telf: 2156631),,La Paz,Normativa del Financiador (BID)
26-0139-00-1686296-0-E,Universidad Mayor De San Andres - Umsa,Consultoria,CM,"Contratación Consultor Individualde Linea Tecnico Ii, Ayudante Contable Para La Unidad Administrativa Desconcentrada De La Facultad De Ciencias Geologicas, Periodo 1 De Abril Al 31 De Diciembre De 2026",False,2026-09-04,,Contratado,Getulio Limachi Calzada (Telf: 2441994),,La Paz,NB-SABS (D.S.0181)
26-0139-00-1686449-1-1,Universidad Mayor De San Andres - Umsa,Bienes,ANPE,Adquisición De Material Deportivo Y Recreativo Para Las Jornadas Deportivas Universitarias San Andrés – Gestión 2026,True,2026-09-04,2026-09-11,Vigente,Adalid Bejarano Salas (Telf: 2441994),,La Paz,NB-SABS (D.S.0181)
26-0139-00-1686484-1-1,Universidad Mayor De San Andres - Umsa,Bienes,CND1,Adquisición De Equipo De Computación (Cpu - Monitor ),False,2026-09-04,2026-09-08,Vigente,Rene Ronald Yanique Alanoca (Telf: 2441994),,La Paz,Compro Hecho en Bolivia (D.S.4505)
26-0141-00-1686209-0-E,Universidad Mayor De San Simon Umss,Consultoria,CM,Contratación De Coordinador De Area En Formación Interdisciplinaria 3 Para El Posgrado De La Facultad De Humanidades Y Ciencias De La Educación,False,2026-09-04,,Contratado,Miriam Gloria Tejada Rocha (Telf: 4 4524782),,Cochabamba,NB-SABS (D.S.0181)
26-0143-00-1686476-1-1,Universidad Autonoma Tomas Frias,Bienes,CND1,Adquisicion De 1 (Un) Equipo Computacion De Escritorio Para Fac. Ingenieria - 1016/2026,False,2026-09-04,2026-09-08,Vigente,Karina Sandra Aliaga Bellido (Telf: 62-27332),,Potosi,Compro Hecho en Bolivia (D.S.4505)
26-0145-00-1685316-1-1,Universidad Autonoma Juan Misael Saracho,Bienes,LP,Adquisicion De Equipamiento Tecnologico Para El Centro De Convenciones - Uajms,True,2026-09-04,2026-09-28,Vigente,Norma Flores Sanchez (Telf: 466-43232- INTERNO 404),,Tarija,NB-SABS (D.S.0181)
26-0145-00-1686389-1-1,Universidad Autonoma Juan Misael Saracho,Obras,CM,Modificacion De Ambiente Para Cafeteria Facultad De Humanidades -Uajms,False,2026-09-04,2026-09-09,Vigente,Norma Flores Sanchez (Telf: 466-43232- INTERNO 404),,Tarija,NB-SABS (D.S.0181)
26-0146-00-1670055-2-1,Universidad Autonoma Gabriel Rene Moreno,Bienes,ANPP,Compra De Un Termociclador Pcr En Tiempo Real  Para El Laboratorio De Labrob,False,2026-09-04,2026-09-10,Vigente,Luis Eduardo Salvatierra Morales (Telf: 3398516),,Santa Cruz,NB-SABS (D.S.0181)
26-0146-00-1686302-0-E,Universidad Autonoma Gabriel Rene Moreno,Consultoria,CM,Consultor Por Producto Para La Elaboracion De Un Libro De Matematicas Y Actualizacion Del Diseño Curricular Para Los Cursos Preuniversitario Cup De La Facultad De Ciencias Exactas Y Tecnologia.,False,2026-09-04,,Contratado,Macedonio Cardona Viscarra (Telf: 3398516),,Santa Cruz,NB-SABS (D.S.0181)
26-0148-00-1686255-1-1,Universidad Amazonica De Pando,Bienes,ANPE,Adquisición De “1 Contador Hematológico” Proyecto Equipamiento Laboratorio De Prácticas Multidisciplinarias Y Oficinas Administrativas Acbn Uap Cobija,True,2026-09-04,2026-09-10,Vigente,Brian Ivan Rivero Quiroga (Telf: 8422411),,Pando,NB-SABS (D.S.0181)
26-0170-00-1663576-2-1,Escuela Militar De Ingenieria ,Bienes,ANPE,"Adquisición De Tintas Y Tóneres Para Equipos De Impresión De La Emi Unidad Académica Cochabamba, Gestión 2026",True,2026-09-04,2026-09-11,Vigente,Juan Carlos Ortega Bautista (Telf: 2432266),,La Paz,NB-SABS (D.S.0181)
26-0206-05-1686295-1-1,Fortalecimiento Del Sistema Estadístico Del Estado Plurinacional De Bolivia,Bienes,OF,Adquisicion De Baterias Para Vehiculos Del Programa,False,2026-09-04,2026-09-09,Vigente,Carolina Paola Galvan Delgado (Telf: 2222333),,La Paz,Normativa del Financiador (BID)
26-0206-05-1686306-1-1,Fortalecimiento Del Sistema Estadístico Del Estado Plurinacional De Bolivia,Servicios Generales,OF,Alquiler De Inmueble Para Oficina Nacional Censo Agropecuario - La Paz,False,2026-09-04,2026-09-09,Vigente,Carolina Paola Galvan Delgado (Telf: 2222333),,La Paz,Normativa del Financiador (BID)
26-0206-05-1686487-0-E,Fortalecimiento Del Sistema Estadístico Del Estado Plurinacional De Bolivia,Consultoria,OF,Tecnico 1 Encargado Estadistico Ca,False,2026-09-04,,Contratado,Felix Espinoza Merida (Telf: 2222333),,La Paz,Normativa del Financiador
26-0212-00-1686086-0-E,Instituto Nacional De Reforma Agraria Inra,Consultoria,OF,“Consultoría Individual De Línea Técnico I De Saneamiento”,False,2026-09-04,,Contratado,Juan Carlos Garron Mamani (Telf: 2408757 - 2407694),,La Paz,Normativa del Financiador (BID)
26-0291-00-1685737-1-1,Administradora Boliviana De Carreteras (Abc),Bienes,OF,Adquisicion De Equipos Y Materiales Par El Programa Provial,False,2026-09-04,2026-10-16,Vigente,Boris Cauna Condori (Telf: 2159800),,La Paz,Normativa del Financiador (BID)
26-0291-02-1685879-1-1,Administradora Boliviana De Carreteras - Regional Oruro,Obras,ANPP,Conser. Tramo Or06 Pisiga – Ancaravi - Oruro,True,2026-09-04,2026-09-16,Vigente,Anahi Aquino Zubieta (Telf: 5282677),,Oruro,NB-SABS (D.S.0181)
26-0292-00-1686299-1-1,Vias Bolivia,Servicios Generales,CM,Servicio De Mantenimiento Correctivo Para Vehiculo Volqueta Grua De Vias Bolivia Con Placa 3440 Aca,False,2026-09-04,2026-09-10,Vigente,Carla Veronica Jemio Carpio (Telf: 800-10-8427),,La Paz,NB-SABS (D.S.0181)
26-0293-00-1686400-1-1,Fundacion Cultural Del Banco Central De Bolivia ,Bienes,CM,Adquisición De Materiales Eléctricos Para Casa De La Libertad,False,2026-09-04,2026-09-09,Vigente,Daniela Andrea Mérida Gorena (Telf: 02-2424148),,La Paz,NB-SABS (D.S.0181)
26-0340-00-1685873-1-1,Servicio General De Identificacion Personal,Bienes,ANPE,Adquisición De Papel Bond Para Las Diferentes Oficinas De La Dirección Departamental La Paz,True,2026-09-04,2026-09-11,Vigente,Rosangela Canaviri Bautista (Telf: 2117405 - 2141370),,La Paz,NB-SABS (D.S.0181)
26-0340-00-1685985-1-1,Servicio General De Identificacion Personal,Bienes,CM,Adquisición Material De Limpieza E Higiene Para La Oficina Nacional 2do Semestre,False,2026-09-04,2026-09-09,Vigente,Jhanice Alba Arando Gutierrez (Telf: 2117405 - 2141370),,La Paz,NB-SABS (D.S.0181)
26-0340-00-1686401-1-1,Servicio General De Identificacion Personal,Bienes,CM,Adquisición De Papel Para La Oficina Nacional 2do Semestre,False,2026-09-04,2026-09-09,Vigente,Daniel Cristobal Condori Góngora (Telf: 2117405 - 2141370),,La Paz,NB-SABS (D.S.0181)
26-0342-00-1686481-0-E,Agencia Estatal De Vivienda,Consultoria,CM,Consultoria Individual De Linea Tecnico Iii En Cierre De Proyectos Ix Para La Agencia Estatal De Vivienda,False,2026-09-04,,Contratado,Naghely Genova Limachi Apaza (Telf: 2148747 - 2148984),,La Paz,NB-SABS (D.S.0181)
26-0342-00-1686517-0-E,Agencia Estatal De Vivienda,Consultoria,CM,Consultoria Individual De Linea Tecnico Iv En Cierre De Proyectos Iv Para La Agencia Estatal De Vivienda,False,2026-09-04,,Contratado,America Aguilar Vaca (Telf: 2148747 - 2148984),,La Paz,NB-SABS (D.S.0181)
26-0389-00-1639083-1-1,Navegacion Aerea Y Aeropuertos Bolivianos,Bienes,CM,"Adquisicion De Equipos Proteccion Personal (Segundo Lote), Equipos De Proteccion Colectiva Y Equpos De Atencion De Contingencias Para Los Aeropuertos De La Regional La Paz",False,2026-09-04,2026-09-10,Vigente,Carlos Javier Gutierrez Zenteno (Telf: 2351305),,La Paz,NB-SABS (D.S.0181)
26-0389-00-1677380-1-1,Navegacion Aerea Y Aeropuertos Bolivianos,Bienes,CM,Adquisicion De Repuestos Eletromecanicos Para El Aeropuerto Internacional El Alto,False,2026-09-04,2026-09-09,Vigente,Carlos Javier Gutierrez Zenteno (Telf: 2351305),,La Paz,NB-SABS (D.S.0181)
26-0389-00-1685919-1-1,Navegacion Aerea Y Aeropuertos Bolivianos,Servicios Generales,ANPE,Instalación Y Puesta En Servicio De Tableros Eléctricos Para El Aeropuerto El Alto,True,2026-09-04,2026-09-11,Vigente,Carlos Javier Gutierrez Zenteno (Telf: 2351305),,La Paz,NB-SABS (D.S.0181)
26-0411-00-1678698-2-1,Corporacion Del Seguro Social Militar - Cossmil,Bienes,ANPP,Adquisición De Equipo De Hemodiálisis - Para La Agencia Macro Regional De Cochabamba - Gerencia De Salud “Cossmil,True,2026-09-04,2026-09-17,Vigente,Giovanna Parisaca Paco (Telf: 2314236),,La Paz,NB-SABS (D.S.0181)
26-0411-00-1686225-1-1,Corporacion Del Seguro Social Militar - Cossmil,Bienes,ANPE,Adquisición De Televisores Para Varias Agencias Regionales - Gerencia De Salud “Cossmil” – Gestión 2026,True,2026-09-04,2026-09-11,Vigente,Maria De Fatima Urquidi Mogro (Telf: 2314236),,La Paz,NB-SABS (D.S.0181)
26-0411-00-1686360-1-1,Corporacion Del Seguro Social Militar - Cossmil,Bienes,ANPE,"Adquisición De Esterilizadores Calor Seco - Para Varias Agencias Regionales - Gerencia De Salud ""Cossmil""",True,2026-09-04,2026-09-11,Vigente,Reynaldo Flores Paucara (Telf: 2314236),,La Paz,NB-SABS (D.S.0181)
26-0417-01-1686503-1-1,Caja Nacional De Salud (Regional Tarija),Bienes,ANPE,Adquisicion De Dos Equipos De Magnetoterapia Para Fisioterapia Cimfa 15 De Abril,True,2026-09-04,2026-09-10,Vigente,Hypatia Dimelsa Farfan Choque (Telf: 6642940),,Tarija,NB-SABS (D.S.0181)
26-0417-03-1677234-2-1,Caja Nacional De Salud Regional Santa Cruz ,Bienes,ANPP,"904 Pieza Aguja Concentrica Para Electromiograma
Jefatura De Enfermeria Paise Irala Cns",True,2026-09-04,2026-09-16,Vigente,Juan Gabriel Arancibia Coronado (Telf: 3-393354),,Santa Cruz,NB-SABS (D.S.0181)
26-0417-07-1686290-1-1,Caja Nacional De Salud (Regional Beni),Bienes,CM,Material De Limpieza Para El Hospital Obrero N°8,False,2026-09-04,2026-09-10,Vigente,Nohelia Castedo Negrete (Telf: 4621254),,Beni,NB-SABS (D.S.0181)
26-0417-07-1686301-1-1,Caja Nacional De Salud (Regional Beni),Bienes,CM,Adquisicion Cateter Venoso Central (Via Central Doble Lumen) Jefatura De Enfermeria Hospital Obrero N°8,False,2026-09-04,2026-09-10,Vigente,Karin Ruiz Noe (Telf: 4621254),,Beni,NB-SABS (D.S.0181)
26-0417-08-1686298-0-E,Caja Nacional De Salud (Regional Potosi),Servicios Generales,CD,"Compra De Servicios Recojo De Residuos Infecciosos, Especiales Y Comunes",False,2026-09-04,,Contratado,Raul Rengipo Montaño (Telf: 6223840),,Potosi,NB-SABS (D.S.0181)
26-0417-09-1670526-1-2,Caja Nacional De Salud - Regional La Paz,Bienes,ANPP,"2 Items. Vendas De Yeso. 
Unidad De Suministros Regional La Paz",True,2026-09-04,2026-09-16,Vigente,Manuel Alejandro Almendro Lazarte (Telf: 2-901777),,La Paz,NB-SABS (D.S.0181)
26-0417-09-1673784-2-1,Caja Nacional De Salud - Regional La Paz,Bienes,ANPE,"13 Items Productos De Minerales No Metalicos Y Plasticos – 
Unidad De Mantenimiento - Hies Obrero N° 30",True,2026-09-04,2026-09-11,Vigente,Manuel Alejandro Almendro Lazarte (Telf: 2-901777),,La Paz,NB-SABS (D.S.0181)
26-0417-09-1686217-1-1,Caja Nacional De Salud - Regional La Paz,Bienes,ANPP,14 Items. Productos Quimicos Y Farmaceuticos. Laboratorio Hemostasia. Haig Obrero N°1,True,2026-09-04,2026-09-16,Vigente,Brayan Luis Cabrera Vera (Telf: 2-901777),,La Paz,NB-SABS (D.S.0181)
26-0417-09-1686249-1-1,Caja Nacional De Salud - Regional La Paz,Bienes,CM,4 Items Otros Repuestos Y Accesorios Del Servicio De Laboratorio. Haig Obrero N1 Unidad De Electromedicina Reg. La Paz,False,2026-09-04,2026-09-09,Vigente,Maruzzinia Analid Gironda Ticona (Telf: 2-901777),,La Paz,NB-SABS (D.S.0181)
26-0417-09-1686268-1-1,Caja Nacional De Salud - Regional La Paz,Bienes,ANPP,"5 Items Cartucho, Prolene Y Aposito De Gasa. 
Unidad De Suministros E Insumos Regional La Paz",True,2026-09-04,2026-09-16,Vigente,Manuel Alejandro Almendro Lazarte (Telf: 2-901777),,La Paz,NB-SABS (D.S.0181)
26-0417-09-1686269-1-1,Caja Nacional De Salud - Regional La Paz,Bienes,CM,3 Items Otros Repuestos Y Accesorios . Servicio De Anestesiologio Y Quirofanos. Hode Materno Infantil. Electromedicina Regional La Paz,False,2026-09-04,2026-09-09,Vigente,Maruzzinia Analid Gironda Ticona (Telf: 2-901777),,La Paz,NB-SABS (D.S.0181)
26-0417-09-1686286-1-1,Caja Nacional De Salud - Regional La Paz,Bienes,CM,6 Items Otros Repuestos Y Accesorios. Servicio De Esterilizacion. Hode Materno Infantil. Electromedicina Regional La Paz,False,2026-09-04,2026-09-09,Vigente,Maruzzinia Analid Gironda Ticona (Telf: 2-901777),,La Paz,NB-SABS (D.S.0181)
26-0417-09-1686293-1-1,Caja Nacional De Salud - Regional La Paz,Bienes,CM,2 Ampolla Basiliximab 20mg. Servicio De Farmacia . Haig Obrero N1,False,2026-09-04,2026-09-09,Vigente,Maruzzinia Analid Gironda Ticona (Telf: 2-901777),,La Paz,NB-SABS (D.S.0181)
26-0417-09-1686335-0-E,Caja Nacional De Salud - Regional La Paz,Bienes,CD,51224 Litros Gasolina Especial. Unidad De Transportes. Regional La Paz,False,2026-09-04,,Contratado,Brayan Luis Cabrera Vera (Telf: 2-901777),,La Paz,NB-SABS (D.S.0181)
26-0418-02-1686372-1-1,Caja Petrolera De Salud-Administracion Departamental La Paz,Bienes,CM,Adquisición De Apósitos De Gasa Con Algodón De 17 X 7 Cm X 750 Unidades Para La Caja Petrolera De Salud Deptal La Paz,False,2026-09-04,2026-09-09,Vigente,Jhonny Tellez Orellana (Telf: 2-2203116),,La Paz,NB-SABS (D.S.0181)
26-0418-03-1685973-1-1,Caja Petrolera De Salud Departamental Cochabamba,Bienes,CM,Adquisicion De Repuestos Para Analizador De Quimicas Semiautomatico Y Maquina Dialog Y Membranas Camara De Balance Holter Y Autoclave Tuttnauer Y Dabi Atlante,False,2026-09-04,2026-09-09,Vigente,Deisy Janeth Chacon Baldiviezo (Telf: 4512198),,Cochabamba,NB-SABS (D.S.0181)
26-0423-00-1686212-1-1,Caja De Salud De Caminos Y Ramas Anexas,Bienes,CNC,Adquisicion De Oxigeno Gas Medicinal Etapa Iii - Regional Santa Cruz,True,2026-09-04,2026-09-10,Vigente,Mario Manguta Mojica (Telf: 2916539),,La Paz,Compro Hecho en Bolivia (D.S.4505)
26-0423-00-1686253-1-1,Caja De Salud De Caminos Y Ramas Anexas,Bienes,CM,Adquisicion De Insumos Medicos Etapa Iii Para La Csc Y R.A. Regional Beni - Riberalta,False,2026-09-04,2026-09-10,Vigente,Victor Eduardo Valdez Davila (Telf: 2916539),,La Paz,NB-SABS (D.S.0181)
26-0423-00-1686300-1-1,Caja De Salud De Caminos Y Ramas Anexas,Servicios Generales,CM,Servicio De Mantenimiento De La Planta De Tratamiento De Agua De La Unidad De Hemodialisis De La Caja De Salud De Caminos Y R.A - Regional Tarija,False,2026-09-04,2026-09-09,Vigente,Abrahan Ipolito Villegas Velasquez (Telf: 2916539),,La Paz,NB-SABS (D.S.0181)
26-0423-00-1686440-1-1,Caja De Salud De Caminos Y Ramas Anexas,Bienes,CNC,Adquisicion De Medicamentos Para Almacen Segundo Semestre Etapa Xxx Modalidad D.S. 4505 - Regional La Paz,True,2026-09-04,2026-09-10,Vigente,Boris Jeremy Miranda Solares (Telf: 2916539),,La Paz,Compro Hecho en Bolivia (D.S.4505)
26-0423-00-1686443-1-1,Caja De Salud De Caminos Y Ramas Anexas,Bienes,CNC,Adquisicion De Medicamentos  Para Almacen Segundo Semestre Etapa Xxxiii  Modalidad D.S. 4505 - Regional La Paz,True,2026-09-04,2026-09-10,Vigente,Boris Jeremy Miranda Solares (Telf: 2916539),,La Paz,Compro Hecho en Bolivia (D.S.4505)
26-0513-00-1685968-0-E,Yacimientos Petroliferos Fiscales Bolivianos - Ypfb,Consultoria,OF,"Consultoria Individual De Linea De Linea Tecnico Ii, En Medicion De Volumenes, Uom-Dom-Grgd",False,2026-09-04,,Contratado,Carolina Elizabeth Sardan Romero (Telf: 2176300),,La Paz,Otra Normativa especifica nacional
26-0513-00-1686187-0-E,Yacimientos Petroliferos Fiscales Bolivianos - Ypfb,Servicios Generales,CD,Servicio De Difusion En El Medio De Comunicación Luis De Fuentes De Humberto Gaston Vargas Fuentelzas - Dcc,False,2026-09-04,,Contratado,Freddy Marcelino Andrade Mamani (Telf: 2176300),,La Paz,NB-SABS (D.S.0181)
26-0513-00-1686235-0-E,Yacimientos Petroliferos Fiscales Bolivianos - Ypfb,Bienes,OF,Adquisicion De Papel - Dtor,False,2026-09-04,,Contratado,Pedro Severo Mariaca Estrada (Telf: 2176300),,La Paz,Otra Normativa especifica nacional
26-0513-00-1686317-0-E,Yacimientos Petroliferos Fiscales Bolivianos - Ypfb,Bienes,OF,Adquisicion De Equipos De Proteccion Personal – Dtor,False,2026-09-04,,Contratado,Pedro Severo Mariaca Estrada (Telf: 2176300),,La Paz,Otra Normativa especifica nacional
26-0513-00-1686383-0-E,Yacimientos Petroliferos Fiscales Bolivianos - Ypfb,Bienes,OF,Adquisicion De Repuestos Para Rtu Del Scada - Drsb,False,2026-09-04,,Contratado,Adriana Ulloa Barrios (Telf: 2176300),,La Paz,Otra Normativa especifica nacional
26-0513-00-1686465-0-E,Yacimientos Petroliferos Fiscales Bolivianos - Ypfb,Bienes,OF,Adquisición De Alarmas De Emergencia - Dcor,False,2026-09-04,,Contratado,Claudia Maldonado Quisbert (Telf: 2176300),,La Paz,Otra Normativa especifica nacional
26-0514-00-1686079-1-1,Empresa Nacional De Electricidad - Ende,Bienes,ANPP,Adquisicion De Conjunto De Puesta A Tierra Temporal Mt Para El Sistema Cobija - Gestion 2026 - Rcbj,True,2026-09-04,2026-09-17,Vigente,Angélica Zambrana Monduela (Telf: 4520317-2312865),,Cochabamba,NB-SABS (D.S.0181)
26-0517-02-1686175-1-1,Empresa Minera Huanuni,Servicios Generales,ANPP,Servicio De Mantenimiento Y Reparacion De Compresoras Pedido 3 (Emh-Comp-2026),True,2026-09-04,2026-09-17,Vigente,Jhon Milo Rodriguez Reyes (Telf: 25520033 - 25520034),,Oruro,NB-SABS (D.S.0181)
26-0517-02-1686205-1-1,Empresa Minera Huanuni,Bienes,ANPP,Adquisicion De Utiles De Escritorio De Oficina Y Otros Pedido N° 2 (Emh-Alm-2026),True,2026-09-04,2026-09-21,Vigente,Jhon Milo Rodriguez Reyes (Telf: 25520033 - 25520034),,Oruro,NB-SABS (D.S.0181)
26-0517-02-1686265-1-1,Empresa Minera Huanuni,Bienes,ANPP,Adquisicion De Rodamientos Diferentes Medidas (Emh-Ingse-2026),True,2026-09-04,2026-09-17,Vigente,Jhon Milo Rodriguez Reyes (Telf: 25520033 - 25520034),,Oruro,NB-SABS (D.S.0181)
26-0517-02-1686282-1-1,Empresa Minera Huanuni,Bienes,ANPE,Adquisicion De Maquinaria Y Equipo Industrial Para Taller De Locomotoras (Emh-Loc-2026),True,2026-09-04,2026-09-14,Vigente,Jhon Milo Rodriguez Reyes (Telf: 25520033 - 25520034),,Oruro,NB-SABS (D.S.0181)
26-0517-02-1686384-1-1,Empresa Minera Huanuni,Bienes,ANPP,Adquisicion De Equipos De Computacion (Emh-Os-2026),True,2026-09-04,2026-09-17,Vigente,Jhon Milo Rodriguez Reyes (Telf: 25520033 - 25520034),,Oruro,NB-SABS (D.S.0181)
26-0517-02-1686442-1-1,Empresa Minera Huanuni,Bienes,LP,Adquisición De Repuestos Y Accesorios Para Equipos De Perforación A Diamantina Pedido 2 (Emh-Geo-2026),True,2026-09-04,2026-09-28,Vigente,Jhon Milo Rodriguez Reyes (Telf: 25520033 - 25520034),,Oruro,NB-SABS (D.S.0181)
26-0517-02-1686448-1-1,Empresa Minera Huanuni,Bienes,ANPP,"Adquisicion Correas En V. Gomas En Plancha, Cuero Y Otros Diferentes Medidas (Emh-Ingse-2026)",True,2026-09-04,2026-09-17,Vigente,Jhon Milo Rodriguez Reyes (Telf: 25520033 - 25520034),,Oruro,NB-SABS (D.S.0181)
26-0517-02-1686508-1-1,Empresa Minera Huanuni,Bienes,ANPP,"Adquisicion De Llaves, Herramientas Y Otros Para Equipo Pesado (Emh-Ingse-2026)",True,2026-09-04,2026-09-18,Vigente,Jhon Milo Rodriguez Reyes (Telf: 25520033 - 25520034),,Oruro,NB-SABS (D.S.0181)
26-0517-02-1686512-1-1,Empresa Minera Huanuni,Servicios Generales,ANPP,Servicio De Reparacion De Componentes De Locomotoras (Servicio Num.2) (Emh-Loc-2026),True,2026-09-04,2026-09-18,Vigente,Jhon Milo Rodriguez Reyes (Telf: 25520033 - 25520034),,Oruro,NB-SABS (D.S.0181)
26-0517-08-1686163-1-1,Empresa Minera Colquiri,Bienes,ANPE,Clq-26-Anpe-63/2026 Adquisición De Anticongelante Super Concentrado,True,2026-09-04,2026-09-11,Vigente,Rilberth Cristhian Villegas Marca (Telf: 68350816-68350810),,La Paz,NB-SABS (D.S.0181)
26-0517-08-1686229-1-1,Empresa Minera Colquiri,Bienes,ANPE,Clq-26-Anpe-204/2026 Adquisición De Pintura,True,2026-09-04,2026-09-11,Vigente,Rilberth Cristhian Villegas Marca (Telf: 68350816-68350810),,La Paz,NB-SABS (D.S.0181)
26-0517-08-1686374-1-1,Empresa Minera Colquiri,Bienes,ANPE,"Clq-26-Anpe-162/2026 Adquisición De Luminarias Led Tipo Farol De 48w Para Scooptram, Volquete Y Locomotoras",True,2026-09-04,2026-09-11,Vigente,Rilberth Cristhian Villegas Marca (Telf: 68350816-68350810),,La Paz,NB-SABS (D.S.0181)
26-0520-00-1686171-1-1,Empresa Metalurgica Vinto - Nacionalizada,Bienes,ANPE,Adquisición Rodamientos,True,2026-09-04,2026-09-10,Vigente,Mariela Calveti Castro (Telf: 252-78091 - 252-78098),,Oruro,NB-SABS (D.S.0181)
26-0520-00-1686305-1-1,Empresa Metalurgica Vinto - Nacionalizada,Bienes,ANPE,Adquisición De Equipos De Protección Personal (Cascos Y Tafiletes),True,2026-09-04,2026-09-10,Vigente,Mariela Calveti Castro (Telf: 252-78091 - 252-78098),,Oruro,NB-SABS (D.S.0181)
26-0525-00-1686445-0-E,Transportes Aereos Bolivianos  - Tab,Bienes,OF,Adquisicion De Fluidos Y Componentes Para La Aeronave Md10-30f Con Registro Cp-2791,False,2026-09-04,,Contratado,Eva Aguilar Llanque (Telf: 2792373),,La Paz,D.S. 26688
26-0525-00-1686455-0-E,Transportes Aereos Bolivianos  - Tab,Bienes,OF,Adquisicion De Main Wheel Assy Para La Aeronave Md10-30f Con Registro Cp-2791,False,2026-09-04,,Contratado,Eva Aguilar Llanque (Telf: 2792373),,La Paz,D.S. 26688
26-0551-00-1685733-1-1,Empresa Naviera Boliviana - Enabol,Obras,ANPP,Servicio De Mantenimiento Y Reparacion Del Inmueble (Edificio Principal) De La Empresa Naviera Boliviana.,True,2026-09-04,2026-09-16,Vigente,Marianela Gutierrez Poma (Telf: 2220730),,La Paz,NB-SABS (D.S.0181)
26-0578-00-1684599-0-E,Empresa Publica Nacional Estrategica Boliviana De Aviacion - Bo A,Servicios Generales,CD,"Servicio De Ingeniería De Boeing Para La Efectividad Del Flap Track Pn 113a1160-1003, Para Su Instalación En La Aeronave B737-700 Msn 30642 Cp-2923",False,2026-09-04,,Contratado,Jaquelin Noemi Laime Quisbert (Telf: 4150000),,Cochabamba,D.S. 26688
26-0578-00-1686211-0-E,Empresa Publica Nacional Estrategica Boliviana De Aviacion - Bo A,Bienes,CD,(Ga-656) Compra De Productos Aeronáuticos Pn: 122583-01ab,False,2026-09-04,,Contratado,Elizabeth Triveno Pedro (Telf: 4150000),,Cochabamba,D.S. 26688
26-0586-00-1685694-1-1,"Empresa Azucarera San Buenaventura ""Easba""",Bienes,ANPP,Adquisicion De Material Y Repuestos Electricos,True,2026-09-04,2026-09-17,Vigente,Victor Hugo Huanca Ali (Telf: 2145019),,La Paz,NB-SABS (D.S.0181)
26-0587-00-1686456-1-1,Empresa Estrategica Boliviana De Construccion Y Conservacion De Infraestructura Civil,Servicios Generales,ANPP,"Servicio De Reposición Del Sistema De Iluminación Vial – Cableado Subterráneo Y Postes Del Proyecto “Doble Vía Yacuiba Campo Pajoso, Fase I",True,2026-09-04,2026-09-17,Vigente,Nelson Meave Calderon (Telf: 2188100),,La Paz,NB-SABS (D.S.0181)
26-0591-00-1674201-2-1,"Empresa Estatal De Transporte Por Cable ""Mi Teleferico""",Servicios Generales,ANPP,Gdp - Contratacion De Servicios De Mantenimiento Preventivo Y Correctivo Para El Almacen De Herramientas De La Empresa Estatal De Transporte Por Cable Mi Teleferico - Segunda Convocatoria,True,2026-09-04,2026-09-16,Vigente,Reynaldo Bertochi Martin (Telf: 2179300),,La Paz,NB-SABS (D.S.0181)
26-0650-03-1686509-1-1,Camara De Diputados ,Bienes,ANPE,Adquisición De Sistema De Almacenamiento (Nas) Para El Centro De Datos De La Cámara De Diputados,True,2026-09-04,2026-09-11,Vigente,Anneliz Ramirez Tapia (Telf: 214 4724 - 214 4725),,La Paz,NB-SABS (D.S.0181)
26-0660-10-1686337-0-E,Direccion Administrativa Y Financiera - Organo Judicial - Potosi,Consultoria,CM,Contratacion De Consultores En Linea Para La Unidad De Informatica De La Daf - Potosi Del Organo Judicial,False,2026-09-04,,Contratado,Betty Condori Machaca (Telf: (591 - 2) 622 6409),,Potosi,NB-SABS (D.S.0181)
26-0660-13-1686379-1-1,Direccion Administrativa Y Financiera - Organo Judicial - La Paz,Bienes,ANPE,G26-Jaf-Ua-Alm - Adquisición De Toners Para Impresoras Brother Del Órgano Judicial Distrito La Paz - Cuarto Bimestre,True,2026-09-04,2026-09-11,Vigente,Ibeth Jhoselyn Ramos Mamani (Telf: 2648500),,La Paz,NB-SABS (D.S.0181)
26-0660-13-1686454-1-1,Direccion Administrativa Y Financiera - Organo Judicial - La Paz,Bienes,ANPE,G26-Jaf-Sasic- Adquisición De Accesorios Y Repuestos Para Equipamiento Tecnológico Para El Órgano Judicial La Paz,True,2026-09-04,2026-09-11,Vigente,Edgar Tiburcio Quispe Copa (Telf: 2648500),,La Paz,NB-SABS (D.S.0181)
26-0660-13-1686462-1-1,Direccion Administrativa Y Financiera - Organo Judicial - La Paz,Bienes,CND1,G26 - Jaf - Ua – Af - Adquisicion De Sillas Fijas Para El Organo Judicial - La Paz,False,2026-09-04,2026-09-09,Vigente,Ibeth Jhoselyn Ramos Mamani (Telf: 2648500),,La Paz,Compro Hecho en Bolivia (D.S.4505)
26-0660-13-1686475-1-1,Direccion Administrativa Y Financiera - Organo Judicial - La Paz,Bienes,CM,G26 - Jaf - Ua - Af - Adquisición De Tandem Para El Órgano Judicial - La Paz,False,2026-09-04,2026-09-09,Vigente,Ana  Huanca (Telf: 2648500),,La Paz,NB-SABS (D.S.0181)
26-0660-13-1686483-1-1,Direccion Administrativa Y Financiera - Organo Judicial - La Paz,Bienes,CM,G26-Jaf-Ua-Af-Adquisición De Mesa De Parte Para Juzgados Y Juego De Mesa Para El Area De Psicología De Los Juzgados De Familia Del Órgano Judicial La Paz,False,2026-09-04,2026-09-09,Vigente,Edgar Tiburcio Quispe Copa (Telf: 2648500),,La Paz,NB-SABS (D.S.0181)
26-0681-00-1686120-1-1,Ministerio Publico,Bienes,ANPP,"Adquisición De 109 Sillones Ejecutivos, 248 Sillones Semi Ejecutivos Y 61 Sillas Fijas Para El Ministerio Pùblico",True,2026-09-04,2026-09-16,Vigente,Raul Aracena Rasguido (Telf: 6461606),,Chuquisaca,NB-SABS (D.S.0181)
26-0681-00-1686245-1-1,Ministerio Publico,Bienes,ANPP,Adquisición De Firewall De Aplicaciones Web (Waf) Para El Ministerio Publico,True,2026-09-04,2026-09-17,Vigente,Raul Aracena Rasguido (Telf: 6461606),,Chuquisaca,NB-SABS (D.S.0181)
26-0681-00-1686386-1-1,Ministerio Publico,Bienes,ANPE,Adquisición De Switches De 24 Y 48 Puertos Gigabit Para El Ministerio Público,True,2026-09-04,2026-09-10,Vigente,Raul Aracena Rasguido (Telf: 6461606),,Chuquisaca,NB-SABS (D.S.0181)
26-0681-00-1686437-1-1,Ministerio Publico,Bienes,CM,Adquisicion De Gabinetes Y Rack Para Equipamiento De Comunicaciones Del Ministerio Publico,False,2026-09-04,2026-09-09,Vigente,Hector Jairo Arancibia Apaza (Telf: 6461606),,Chuquisaca,NB-SABS (D.S.0181)
26-0683-00-1686341-1-1,Procuraduria General Del Estado ,Bienes,ANPE,Adquisición De Impresoras Multifunción De Alto Tráfico Para La Procuraduría General Del Estado,True,2026-09-04,2026-09-11,Vigente,Grover Paredes Loayza (Telf: 2118454 - 2118455),,La Paz,NB-SABS (D.S.0181)
26-0901-05-1686376-1-1,Servicio Departamental De Gestion Social Chuquisaca,Bienes,CND1,"Adquisición De Alimentos Secos (Aceite, Api, Arroz, Azúcar Y Otros) Para Los Adultos Mayores Del Comedores Del Municipio De  Monteagudo, Correspondiente A Los Meses De Agosto A Diciembre De La Gestión 2026, Dependientes Del Servicio Departamental De Gestión Social Chuquisaca.",False,2026-09-04,2026-09-09,Vigente,Kevin Villavicencio Rodriguez (Telf: 75792285),,Chuquisaca,Compro Hecho en Bolivia (D.S.4505)
26-0901-05-1686430-1-1,Servicio Departamental De Gestion Social Chuquisaca,Bienes,CND1,"Adquisición De Alimentos Secos (Aceite, Api, Arroz, Azúcar Y Otros) Para Los Adultos Mayores Del Comedor Del Municipio De Villa Alcala Y Limabamba, Correspondiente A Los Meses De Agosto A Diciembre De La Gestión 2026, Dependientes Del Servicio Departamental De Gestión Social Chuquisaca.",False,2026-09-04,2026-09-09,Vigente,Kevin Villavicencio Rodriguez (Telf: 75792285),,Chuquisaca,Compro Hecho en Bolivia (D.S.4505)
26-0901-05-1686441-1-1,Servicio Departamental De Gestion Social Chuquisaca,Bienes,CND1,"Adquisición De Alimentos Secos (Aceite, Api, Arroz, Azúcar Y Otros) Para Los Adultos Mayores Del Comedores Del Municipio De  Muyupampa Y Ticucha, Correspondiente A Los Meses De Agosto A Diciembre De La Gestión 2026, Dependientes Del Servicio Departamental De Gestión Social Chuquisaca.",False,2026-09-04,2026-09-09,Vigente,Kevin Villavicencio Rodriguez (Telf: 75792285),,Chuquisaca,Compro Hecho en Bolivia (D.S.4505)
26-0901-05-1686452-1-1,Servicio Departamental De Gestion Social Chuquisaca,Bienes,CND1,"Adquisición De Alimentos Secos (Aceite, Api, Arroz, Azúcar Y Otros) Para Los Adultos Mayores Del Comedor Del Municipio De Villa Abecia, Correspondiente A Los Meses De Agosto A Diciembre De La Gestión 2026, Dependientes Del Servicio Departamental De Gestión Social Chuquisaca.",False,2026-09-04,2026-09-09,Vigente,Kevin Villavicencio Rodriguez (Telf: 75792285),,Chuquisaca,Compro Hecho en Bolivia (D.S.4505)
26-0901-05-1686457-1-1,Servicio Departamental De Gestion Social Chuquisaca,Bienes,CND1,"Adquisición De Alimentos Secos (Aceite, Api, Arroz, Azúcar Y Otros) Para Los Adultos Mayores Del Comedor Del Municipio De El Villar, Correspondiente A Los Meses De Agosto A Diciembre De La Gestión 2026, Dependientes Del Servicio Departamental De Gestión Social Chuquisaca.",False,2026-09-04,2026-09-09,Vigente,Kevin Villavicencio Rodriguez (Telf: 75792285),,Chuquisaca,Compro Hecho en Bolivia (D.S.4505)
26-0901-05-1686463-1-1,Servicio Departamental De Gestion Social Chuquisaca,Bienes,CND1,"Adquisición De Alimentos Secos (Aceite, Api, Arroz, Azúcar Y Otros) Para Los Adultos Mayores Del Comedor- Albergue Del Municipio De Camargo, Correspondiente A Los Meses De Agosto A Diciembre De La Gestión 2026, Dependientes Del Servicio Departamental De Gestión Social Chuquisaca.",False,2026-09-04,2026-09-09,Vigente,Kevin Villavicencio Rodriguez (Telf: 75792285),,Chuquisaca,Compro Hecho en Bolivia (D.S.4505)
26-0901-05-1686469-1-1,Servicio Departamental De Gestion Social Chuquisaca,Bienes,CND1,"Adquisición De Alimentos Secos (Aceite, Api, Arroz, Azúcar Y Otros) Para Los Adultos Mayores Del Comedor Del Municipio De Huacareta, Correspondiente A Los Meses De Agosto A Diciembre De La Gestión 2026, Dependientes Del Servicio Departamental De Gestión Social Chuquisaca.",False,2026-09-04,2026-09-09,Vigente,Kevin Villavicencio Rodriguez (Telf: 75792285),,Chuquisaca,Compro Hecho en Bolivia (D.S.4505)
26-0901-05-1686472-1-1,Servicio Departamental De Gestion Social Chuquisaca,Bienes,CND1,"Adquisición De Alimentos Secos (Aceite, Api, Arroz, Azúcar Y Otros) Para Los Adultos Mayores Del Comedor Del Municipio De Tomina, Correspondiente A Los Meses De Agosto A Diciembre De La Gestión 2026, Dependientes Del Servicio Departamental De Gestión Social Chuquisaca.",False,2026-09-04,2026-09-09,Vigente,Kevin Villavicencio Rodriguez (Telf: 75792285),,Chuquisaca,Compro Hecho en Bolivia (D.S.4505)
26-0902-00-1684877-0-E,Gobierno Autónomo Departamental De La Paz,Consultoria,CM,Consultor Individual De Linea: Técnico I -Telecomunicaciones I - “Prog. Fortalecimiento De La Comunicación Institucional Con Visión Participativa E Integradora”,False,2026-09-04,,Contratado,Jesus Alejandro Quisbert Loayza (Telf: 2202567),,La Paz,NB-SABS (D.S.0181)
26-0902-00-1684888-0-E,Gobierno Autónomo Departamental De La Paz,Consultoria,CM,"Consultor Individual De Línea Profesional Ii – Periodista I, “Prog. Fortalecimiento De La Comunicación Institucional Con Visión Participativa E Integradora”",False,2026-09-04,,Contratado,Jesus Alejandro Quisbert Loayza (Telf: 2202567),,La Paz,NB-SABS (D.S.0181)
26-0902-00-1684911-0-E,Gobierno Autónomo Departamental De La Paz,Consultoria,CM,"Consultor Individual De Linea: Técnico I -Periodista Iii - ""Prog. Fortalecimiento De La Comunicación Institucional Con Visión Participativa E Integradora""",False,2026-09-04,,Contratado,Moises Alvaro Pacajes Encinas (Telf: 2202567),,La Paz,NB-SABS (D.S.0181)
26-0902-00-1684923-0-E,Gobierno Autónomo Departamental De La Paz,Consultoria,CM,"Consultor Individual De Línea: Técnico I -Periodista Ii, “Prog. Fortalecimiento De La Comunicación Institucional Con Visión Participativa E Integradora”",False,2026-09-04,,Contratado,Moises Alvaro Pacajes Encinas (Telf: 2202567),,La Paz,NB-SABS (D.S.0181)
26-0902-00-1685325-0-E,Gobierno Autónomo Departamental De La Paz,Consultoria,CM,Contratacion De Servicio De Consultoria Por Producto Para Brindar Asesoramiento En Materia De Derecho Civil Haciendo Seguimiento Externo A Tramites Que Se Encuentren E Ingresen A La Unidad De Gestion Y Analisis Juridico Dependiente De La Direccion Especial Juridica Del Gobierno Departamental De La Paz,False,2026-09-04,,Contratado,Jesus Alejandro Quisbert Loayza (Telf: 2202567),,La Paz,NB-SABS (D.S.0181)
26-0902-00-1686068-0-E,Gobierno Autónomo Departamental De La Paz,Consultoria,CM,"Consultor Individual De Línea: Profesional I – Desarrollo, Revisión Y Actualización Del Manual De Organización Y Funciones Y El Manual De Procesos Y Procedimientos Gadlp 2027",False,2026-09-04,,Contratado,Jesus Alejandro Quisbert Loayza (Telf: 2202567),,La Paz,NB-SABS (D.S.0181)
26-0902-00-1686226-0-E,Gobierno Autónomo Departamental De La Paz,Consultoria,CM,"Consultor Individual De Linea: Profesional Ii - Ingeniero Geólogo ""Prog. De Capacitación Y Asistencia Técnica Al Sector Minero En El Departamento De La Paz""",False,2026-09-04,,Contratado,Jesus Alejandro Quisbert Loayza (Telf: 2202567),,La Paz,NB-SABS (D.S.0181)
26-0902-00-1686232-0-E,Gobierno Autónomo Departamental De La Paz,Consultoria,CM,"Consultor Individual De Línea: Técnico Ii – Periodista Operador Ii, “Prog. Fortalecimiento De La Comunicación Institucional Con Visión Participativa E Integradora”",False,2026-09-04,,Contratado,Moises Alvaro Pacajes Encinas (Telf: 2202567),,La Paz,NB-SABS (D.S.0181)
26-0902-00-1686237-0-E,Gobierno Autónomo Departamental De La Paz,Consultoria,CM,Consultor Individual De Linea: Profesional Ii - Abogado I Para Saneamiento De Derecho Propietario De Los Bienes Inmuebles Del Gadlp,False,2026-09-04,,Contratado,Jesus Alejandro Quisbert Loayza (Telf: 2202567),,La Paz,NB-SABS (D.S.0181)
26-0902-00-1686248-0-E,Gobierno Autónomo Departamental De La Paz,Consultoria,CM,Consultor Individual De Linea: Técnico I – Arquitecto – “Prog. De Sensibilización Y Conservación Del Patrimonio Cultural Material Del Departamento De La Paz”,False,2026-09-04,,Contratado,Jesus Alejandro Quisbert Loayza (Telf: 2202567),,La Paz,NB-SABS (D.S.0181)
26-0902-00-1686274-0-E,Gobierno Autónomo Departamental De La Paz,Consultoria,CM,Consultor Individual De Línea: Técnico Ii – Periodista Bilingüe - “Prog. Fortalecimiento De La Comunicación Institucional Con Visión Participativa E Integradora”.,False,2026-09-04,,Contratado,Jesus Alejandro Quisbert Loayza (Telf: 2202567),,La Paz,NB-SABS (D.S.0181)
26-0902-00-1686313-0-E,Gobierno Autónomo Departamental De La Paz,Consultoria,CM,Consultor Individual De Linea: Técnico I – Productor Radial I – “Prog. Fortalecimiento De La Comunicación Institucional Con Visión Participativa E Integradora”,False,2026-09-04,,Contratado,Jesus Alejandro Quisbert Loayza (Telf: 2202567),,La Paz,NB-SABS (D.S.0181)
26-0902-00-1686318-0-E,Gobierno Autónomo Departamental De La Paz,Consultoria,CM,"Consultor Individual De Linea: Profesional I - Coordinador De Supervisión Y Fiscalización - ""Prog. Estratégico De Fiscalización Y Supervisión De Regalías Mineras Del Departamento De La Paz""",False,2026-09-04,,Contratado,Jesus Alejandro Quisbert Loayza (Telf: 2202567),,La Paz,NB-SABS (D.S.0181)
26-0902-00-1686343-0-E,Gobierno Autónomo Departamental De La Paz,Consultoria,CM,Consultor Individual De Linea: Profesional I - Analista De Desarrollo De Personal,False,2026-09-04,,Contratado,Jesus Alejandro Quisbert Loayza (Telf: 2202567),,La Paz,NB-SABS (D.S.0181)
26-0902-03-1686287-1-1,Instituto Nacional De Medicina Nuclear - Inamen,Bienes,ANPP,"Adquisicion De Reactivos Para El Seguimiento Y Control De Htsh,17 A-Oh Progesterona, Irt, Pku En Recien Nacidos",True,2026-09-04,2026-09-16,Vigente,Cecilia Ingrid Pérez Zubieta (Telf: 2226116-2229884),,La Paz,NB-SABS (D.S.0181)
26-0902-04-1686192-0-E,Servicio Departamental De Deportes,Bienes,CD,Proceso De Compra De Combustible Gasolina Especial +,False,2026-09-04,,Contratado,Luis Alfredo Rios De La Barra (Telf: 2224066 - 2224055),,La Paz,NB-SABS (D.S.0181)
26-0902-07-1685713-1-1,Servicio Departamental De Gestion Social De La Paz - Sedeges,Bienes,ANPP,Sexta Adquisición De Productos Químicos Y Farmaceuticos En Beneficio De Los Internos De Los Centros E Institutos De Administración Directa Del Sedeges.,True,2026-09-04,2026-09-17,Vigente,Lizeth Alejandra Villagomez Quisbert (Telf: 2488191 - 2488222),,La Paz,NB-SABS (D.S.0181)
26-0902-21-1686219-1-1,Hospital De Clinicas,Bienes,ANPE,Adquisicion De Carnes: Septiembre – Octubre 2026,True,2026-09-04,2026-09-10,Vigente,Daimler Jorge Mejia Castro (Telf: 2245059),,La Paz,NB-SABS (D.S.0181)
26-0902-21-1686307-1-1,Hospital De Clinicas,Bienes,CM,Adquisicion De Esponja Esteril De Gelatina Con Hemostatico 10x10 Cm,False,2026-09-04,2026-09-09,Vigente,Daylin Alejandra Mendez Hoyos (Telf: 2245059),,La Paz,NB-SABS (D.S.0181)
26-0902-21-1686338-1-1,Hospital De Clinicas,Bienes,ANPE,"Adquisicion De Viveres Secos, Septiembre - Octubre Gestion 2026",True,2026-09-04,2026-09-10,Vigente,Royer Gonzalo Mendoza Uchujara (Telf: 2245059),,La Paz,NB-SABS (D.S.0181)
26-0902-34-1685912-1-1,Desarrallo De La Salud - Hospital El Alto Sur,Bienes,ANPE,Adquisición De Cartuchos De Electrolitos Erba Para Pacientes Del Hospital El Alto Sur,True,2026-09-04,2026-09-10,Vigente,Mariela Silvia Huayhua Mantilla (Telf: 72089958),,La Paz,NB-SABS (D.S.0181)
26-0902-39-1686174-1-1,Hospital De La Mujer,Bienes,CM,Adquisición De Repuestos Y Accesorios (Ginecología),False,2026-09-04,2026-09-09,Vigente,Juan Carlos Layme Sullca (Telf: 2240096),,La Paz,NB-SABS (D.S.0181)
26-0902-43-1686294-1-1,Hospital Del Norte,Bienes,CNC,Cuarta Adquisicion De Medicamentos Hecho En Bolivia Del Hdn,True,2026-09-04,2026-09-10,Vigente,Jacqueline Vargas Huallpa (Telf: 2864070),,La Paz,Compro Hecho en Bolivia (D.S.4505)
26-0903-06-1686320-1-1,Servicio Departamental De Caminos  - Cochabamba,Bienes,ANPE,Adquisicion De Lubricantes Para Maestranza Central – Gestion 2026,True,2026-09-04,2026-09-11,Vigente,Diego Alejandro Valencia Rivero (Telf: 4299380),,Cochabamba,NB-SABS (D.S.0181)
26-0903-13-1686250-1-1,Banco De Sangre De Referencia Departamental Cochabamba,Bienes,ANPE,Refrigerio Para Donantes De Sangre (Liquido),True,2026-09-04,2026-09-11,Vigente,Cinthia Heredia Soliz (Telf: 4664238),,Cochabamba,NB-SABS (D.S.0181)
26-0903-16-1686244-1-1,Servicio Departamental De Salud Cochabamba,Bienes,ANPE,Compra De Productos Artes Graficas Para El Sedes Cbba Gestion 2026,True,2026-09-04,2026-09-11,Vigente,Ruth Chila Canaviri (Telf: 4533235),,Cochabamba,NB-SABS (D.S.0181)
26-0903-19-1686308-1-1,Hospital Clinico Viedma,Bienes,CM,Adquisicion Utiles De Impresion Para El Hospital Clinico Viedma,False,2026-09-04,2026-09-09,Vigente,Ximena Jhamyl Valenzuela Landaeta (Telf: 4235254),,Cochabamba,NB-SABS (D.S.0181)
26-0905-01-1686213-1-1,Servicio Departamental De Gestion Social - Potosi,Obras,ANPP,Mantenimiento Centro De Reintegración Social Nueva Esperanza Y Nuevo Horizonte,True,2026-09-04,2026-09-16,Vigente,Milan Gregorio Chavez Sequeiros (Telf: 6222962 - 63018793),,Potosi,NB-SABS (D.S.0181)
26-0905-01-1686261-1-1,Servicio Departamental De Gestion Social - Potosi,Bienes,CM,"Contratacion De Proveedor/A De Alimentos Frescos (Carnes Rojas - Blancas Y Otros) Para El Centro De Acogida Para Niños, Niñas Y Adolescentes Con Discapacidad",False,2026-09-04,2026-09-09,Vigente,Milan Gregorio Chavez Sequeiros (Telf: 6222962 - 63018793),,Potosi,NB-SABS (D.S.0181)
26-0905-09-1674355-2-2,Hospital Daniel Bracamonte,Bienes,ANPP,Adquisicion De Set De Instrumental Mayor Medico Quirurgico - Caja De Micro Neurocirugia Vascular – Lote 5 Para El  Hospital Daniel Bracamonte,False,2026-09-04,2026-09-16,Vigente,Juan Marcelo Villalpando Montoya (Telf: 6244961),,Potosi,NB-SABS (D.S.0181)
26-0905-09-1677144-2-1,Hospital Daniel Bracamonte,Bienes,ANPP,Adquisicion De Equipamiento E Instrumental Urologico – Lote 2  Para El Hospital Daniel Bracamonte,True,2026-09-04,2026-09-16,Vigente,Juan Marcelo Villalpando Montoya (Telf: 6244961),,Potosi,NB-SABS (D.S.0181)
26-0906-00-1686138-1-1,Gobierno Autónomo Departamental De Tarija,Bienes,CNC,Adquisición Del Paquete Alimentario Para Personas Con Discapacidad Gestión 2026,True,2026-09-04,2026-09-11,Vigente,Cinthya Susana Machicado Castillo (Telf: 72990919),,Tarija,Compro Hecho en Bolivia (D.S.4505)
26-0906-00-1686505-0-E,Gobierno Autónomo Departamental De Tarija,Bienes,CD,Adquisicion De Diesel Para Funcionam Iento Del Equipo Liviano Y Pesado Del Programa Perforacion De Pozos De La Direccion De Servicios Basicos Y Vivienda,False,2026-09-04,,Contratado,Jorge Luis Aguirre Gallardo (Telf: 72990919),,Tarija,NB-SABS (D.S.0181)
26-0906-00-1686513-0-E,Gobierno Autónomo Departamental De Tarija,Bienes,CD,Compra De Combustible (Diesel) Para Mejoramientos De Caminos - (Gasolina) Para Actividades Tecnica Administrativa De La Subgobernacion De Uriondo,False,2026-09-04,,Contratado,Jorge Luis Aguirre Gallardo (Telf: 72990919),,Tarija,NB-SABS (D.S.0181)
26-0906-03-1686190-1-1,Servicio Departamental De Salud Tarija - Sedes,Bienes,CND1,Adquisición De Ropa De Trabajo Camisas Para El Personal Técnico Del Programa De Vectores,False,2026-09-04,2026-09-09,Vigente,Mariel Soraya Vacaflor Rodriguez (Telf: 4-6643257),,Tarija,Compro Hecho en Bolivia (D.S.4505)
26-0906-03-1686198-1-1,Servicio Departamental De Salud Tarija - Sedes,Bienes,CNC,Adquisicion De Medicamentos Para Pacientes Renales Para El Hospital San Juan De Dios ,True,2026-09-04,2026-09-10,Vigente,Briseida Sonia Carrasco Soliz (Telf: 4-6643257),,Tarija,Compro Hecho en Bolivia (D.S.4505)
26-0906-03-1686204-1-1,Servicio Departamental De Salud Tarija - Sedes,Bienes,CNC,Adquisición De Diferentes Medicamento 5 Junio Para El Hospital Regional San Juan De Dios,True,2026-09-04,2026-09-10,Vigente,Briseida Sonia Carrasco Soliz (Telf: 4-6643257),,Tarija,Compro Hecho en Bolivia (D.S.4505)
26-0906-03-1686233-1-1,Servicio Departamental De Salud Tarija - Sedes,Bienes,CNC,Adquisicion De Diferentes Medicamentos  2 De Agosto Para El Hospital Regional San Juan De Dios ,True,2026-09-04,2026-09-10,Vigente,Briseida Sonia Carrasco Soliz (Telf: 4-6643257),,Tarija,Compro Hecho en Bolivia (D.S.4505)
26-0907-00-1685734-1-1,Gobierno Autónomo Departamental De Santa Cruz,Obras,LP,"Contratacion Camino Norte Integrado – Yapacani, Sdde Doopp",True,2026-09-04,2026-10-12,Vigente,Nita Hidalgo Llanos (Telf: 3636300/3-3332760 /3636256),,Santa Cruz,NB-SABS (D.S.0181)
26-0951-00-1675984-2-1,Banco Central De Bolivia - Bcb,Servicios Generales,ANPP,Servicio De Suscripción Para Inteligencia De Negocios,True,2026-09-04,2026-09-17,Vigente,Orietta Sandra Aramayo Mercado (Telf: 2409090),,La Paz,NB-SABS (D.S.0181)
26-1101-00-1685704-1-1,Gobierno Autonomo Municipal De Sucre,Obras,ANPP,Construccion Pavimento Rígido Pasaje Gandarillas Zona Terminal De Buses,True,2026-09-04,2026-09-16,Vigente,Victor Hugo Arancibia Hinojosa (Telf: 6456185 ),,Chuquisaca,NB-SABS (D.S.0181)
26-1101-00-1686292-1-1,Gobierno Autonomo Municipal De Sucre,Bienes,CND1,"El ""Servicio De Protección Social A Niños,  Niñas Y Adolescentes Trabajadores""  Solicita La Adquisición De Alimentos

",False,2026-09-04,2026-09-08,Vigente,Mauricio Azurduy Martinez (Telf: 6456185 ),,Chuquisaca,Compro Hecho en Bolivia (D.S.4505)
26-1101-00-1686321-1-1,Gobierno Autonomo Municipal De Sucre,Bienes,CND1,"Adquisicion De Alambre Con Puas, Grapas En U, Clavos Y Alambre Galvanizado Para El Atajado De Agua En Apoyo Al Sector Agricola De La Comunidad Pampa Grande",False,2026-09-04,2026-09-08,Vigente,Mauricio Azurduy Martinez (Telf: 6456185 ),,Chuquisaca,Compro Hecho en Bolivia (D.S.4505)
26-1101-06-1686049-1-1,Establecimientos De Salud De Primer Nivel,Servicios Generales,CM,"Contratacion Del Servicio De Sistema De Puesta A Tierra Equipo Rayos X De Uso Medico Para El Establecimiento De
Salud Casegural Del Municipio De Sucre",False,2026-09-04,2026-09-09,Vigente,Nayra Andrea Torrejon Lopez (Telf: 6444837),,Chuquisaca,NB-SABS (D.S.0181)
26-1106-00-1686314-1-1,Gobierno Autonomo Municipal De Zudanez (Tacopaya),Bienes,ANPE,Adquisición De Materiales Eléctricos Para Alumbrado Publico Y Áreas Verdes Del Municipio De Zudañez,True,2026-09-04,2026-09-11,Vigente,Hector Copa Quispe (Telf: 04-6936116 -68660628),,Chuquisaca,NB-SABS (D.S.0181)
26-1201-00-1682875-2-1,Gobierno Autonomo Municipal De La Paz,Obras,ANPE,"Construccion Alcantarillado Pluvial Y Obras Complementarias Calles 12 De Octubre, Mario Alborta Y Menendez Pelayo Zona Jucumarini",True,2026-09-04,2026-09-11,Vigente,Nicolasa Rogelia Lucana Huallpa (Telf: 2650000),,La Paz,NB-SABS (D.S.0181)
26-1201-00-1685192-1-2,Gobierno Autonomo Municipal De La Paz,Bienes,ANPE,"Adquisicion De Pinturas, Cables, Discos De Corte, Y Otros Para El Fortalecimiento Del Fondo De Atencion Ciudadana Respuesta Inmediata Subalcaldia Iii Periferica Distrito 13 Gestion 2026",True,2026-09-04,2026-09-11,Vigente,David Andaluz Vasquez (Telf: 2650000),,La Paz,NB-SABS (D.S.0181)
26-1201-00-1685199-1-2,Gobierno Autonomo Municipal De La Paz,Bienes,ANPE,"Adquisicion De Pinturas, Cables, Discos De Corte, Y Otros Para El Fortalecimiento Del Fondo De Atencion Ciudadana Respuesta Inmediata Subalcaldia Iii Periferica Distrito 11 Gestion 2026",True,2026-09-04,2026-09-11,Vigente,David Andaluz Vasquez (Telf: 2650000),,La Paz,NB-SABS (D.S.0181)
26-1201-00-1686262-1-1,Gobierno Autonomo Municipal De La Paz,Bienes,CND1,Adquisición De Cemento Para El Sector Florida Del Distrito 4 Gestion 2026,False,2026-09-04,2026-09-09,Vigente,Nicolasa Rogelia Lucana Huallpa (Telf: 2650000),,La Paz,Compro Hecho en Bolivia (D.S.4505)
26-1201-00-1686478-1-1,Gobierno Autonomo Municipal De La Paz,Obras,ANPE,Reconstruccion Aceras Y Obras Complementarias Calles Alvaro Barba Y Rafael Ballivian Zona Sector Ibbo,True,2026-09-04,2026-09-11,Vigente,Jerson Plata Quisbert (Telf: 2650000),,La Paz,NB-SABS (D.S.0181)
26-1201-00-1686497-0-E,Gobierno Autonomo Municipal De La Paz,Obras,CD,Reconstruccion Graderias Y Obras Complementarias Calle Aransaya (Pasaje 1026) Entre Calle Mariano Ramallo Y Avenida Eduardo Avaroa Zona Puente Avaroa,False,2026-09-04,,Contratado,Ilse Ivette Ticona Ticona (Telf: 2650000),,La Paz,NB-SABS (D.S.0181)
26-1201-00-1686510-1-1,Gobierno Autonomo Municipal De La Paz,Obras,ANPE,Construccion Obras De Estabilizacion Y Obras Complementarias Calle Antonio Huanca Entre Calle S/N 5 Y Calle S/N 7 Zona Latinoamericana,True,2026-09-04,2026-09-11,Vigente,Ana Maria Rios Lopez (Telf: 2650000),,La Paz,NB-SABS (D.S.0181)
26-1202-00-1664372-3-2,Gobierno Autonomo Municipal De Palca,Servicios Generales,ANPE,Apertura De Caminos En La Com. Apaña (Palca) (Alquiler De Maquinaria) (Tercera Convocatoria - Segunda  Publicacion),True,2026-09-04,2026-09-10,Vigente,Sofia Magali Usnayo Apaza (Telf: 73028516),,La Paz,NB-SABS (D.S.0181)
26-1202-00-1686238-1-1,Gobierno Autonomo Municipal De Palca,Bienes,CM,Const. Canalizacion De Aguas Pluviales Urbanizacion El Sol Palca (Adquisicion De Materiales),False,2026-09-04,2026-09-09,Vigente,Sofia Magali Usnayo Apaza (Telf: 73028516),,La Paz,NB-SABS (D.S.0181)
26-1202-00-1686344-1-1,Gobierno Autonomo Municipal De Palca,Bienes,ANPE,Const. Enlosetado Calle Final Santa Cruz Com. Callapa (Adquisicion De Materiales),True,2026-09-04,2026-09-10,Vigente,Sofia Magali Usnayo Apaza (Telf: 73028516),,La Paz,NB-SABS (D.S.0181)
26-1202-00-1686367-1-1,Gobierno Autonomo Municipal De Palca,Bienes,ANPE,Const. Empedrado De La Calle 13 Y Calle 15 De Apaña Originaria (Adquisicion De Materiales),True,2026-09-04,2026-09-10,Vigente,Sofia Magali Usnayo Apaza (Telf: 73028516),,La Paz,NB-SABS (D.S.0181)
26-1202-00-1686468-1-1,Gobierno Autonomo Municipal De Palca,Bienes,CND1,Const. Sistema De Riego Com. Huarimutuhuaya (Adquisicion De Materiales),False,2026-09-04,2026-09-08,Vigente,Sofia Magali Usnayo Apaza (Telf: 73028516),,La Paz,Compro Hecho en Bolivia (D.S.4505)
26-1202-00-1686471-1-1,Gobierno Autonomo Municipal De Palca,Bienes,CND1,Const. Muro Defensivo Rio Tacachia (Adquisicion De Materiales),False,2026-09-04,2026-09-08,Vigente,Sofia Magali Usnayo Apaza (Telf: 73028516),,La Paz,Compro Hecho en Bolivia (D.S.4505)
26-1205-00-1670614-2-1,Gobierno Autonomo Municipal De El Alto,Bienes,ANPE,"Mantenimiento Vial ""Renuevavia - El Alto"" (Adquisicion De Asfalto En Frio Para Mejoramiento Vial En La Ciudad De El Alto Zona Sur)",True,2026-09-04,2026-09-11,Vigente,Celia Vargas Huallpa (Telf: 2-837715),,La Paz,NB-SABS (D.S.0181)
26-1211-00-1686168-1-1,Gobierno Autonomo Municipal De Sicasica (Villa Aroma),Bienes,ANPE,Adq. De Digitalizador (Flat Panel) Para El Servicio De Rayos X Centro De Salud Con Internación Lahuachaca,True,2026-09-04,2026-09-10,Vigente,Juan Marcelo Escobar Escobar (Telf: 77725300),,La Paz,NB-SABS (D.S.0181)
26-1219-00-1684005-1-2,Gobierno Autonomo Municipal De Quime,Bienes,ANPE,Adquisicion De Equipo De Topografia Gps - Gnss Rtk (2da Publicación),True,2026-09-04,2026-09-10,Vigente,Gustavo Vicencio Gutierrez (Telf: 22136645),,La Paz,NB-SABS (D.S.0181)
26-1226-00-1686499-1-1,Gobierno Autonomo Municipal De Sorata,Bienes,CNC,Adquisicion De Alimento Complementario Carmelo 3er Trimestre Municipio Sorata 2026,True,2026-09-04,2026-09-08,Vigente,Gabriela Rossy Vino Gonzales (Telf: 71569195),,La Paz,Compro Hecho en Bolivia (D.S.4505)
26-1235-00-1686407-1-1,Gobierno Autonomo Municipal De Chuma,Bienes,CNC,Adquisicion De Medicamentos E Insumos Medicos Para El Centro De Salud Con Internacion Sococoni - Segundo Trimestre (D.S. 4505),True,2026-09-04,2026-09-11,Vigente,Wilson Arcani Mallea (Telf: S/T),,La Paz,Compro Hecho en Bolivia (D.S.4505)
26-1241-00-1686241-1-1,Gobierno Autonomo Municipal De Comanche,Bienes,CM,"Adquisicion De Equipo De Sonido, Amplificador Y Accesorios Para El Ejecutivo Municipal Del G.A.M. Comanche",False,2026-09-04,2026-09-09,Vigente,Beatriz Choquetarqui Condori (Telf: 73250602 -69912058),,La Paz,NB-SABS (D.S.0181)
26-1241-00-1686281-1-1,Gobierno Autonomo Municipal De Comanche,Bienes,CM,Adquisicion De Materiales De Construccion Para Mejoramiento Const. Bañadero De Inmersion Antiparasitario Ayllu Originario Jalantani Zona San Juan - Comanche,False,2026-09-04,2026-09-09,Vigente,Beatriz Choquetarqui Condori (Telf: 73250602 -69912058),,La Paz,NB-SABS (D.S.0181)
26-1241-00-1686405-1-1,Gobierno Autonomo Municipal De Comanche,Bienes,CM,Adquisicion Tanques Para Sistema De Agua Potable Ayllu Originario Antarani - G.A.M. Comanche,False,2026-09-04,2026-09-09,Vigente,Beatriz Choquetarqui Condori (Telf: 73250602 -69912058),,La Paz,NB-SABS (D.S.0181)
26-1258-00-1684851-1-1,Gobierno Autonomo Municipal De Yanacachi,Bienes,CM,Provision De Baldosa Baritada Para Mantenimiento Y Mejoramiento De Ambiente Para Sala De Rayos X En El Centro De Salud Con Internacion Yanacachi,False,2026-09-04,2026-09-09,Vigente,Elsa Lili Pinto Huallpan (Telf: 72011139),,La Paz,NB-SABS (D.S.0181)
26-1262-00-1684176-1-1,Gobierno Autonomo Municipal De Laja,Obras,ANPP,Const. Complejo Deportivo Capital Laja,True,2026-09-04,2026-09-17,Vigente,Marisol Ursula Chuquimia Quispe (Telf: -),,La Paz,NB-SABS (D.S.0181)
26-1262-00-1685030-1-1,Gobierno Autonomo Municipal De Laja,Bienes,ANPE,Const. De Cancha Futbol De Cesped Sintetico Com. San Cristobal (Adq. De Materiales),True,2026-09-04,2026-09-11,Vigente,Yesika Rocio Rios Mamani (Telf: -),,La Paz,NB-SABS (D.S.0181)
26-1262-00-1685272-1-1,Gobierno Autonomo Municipal De Laja,Bienes,CM,Const. Muro Perimetral Cementerio Com. Yanamuyo Alto (Adq. De Materiales),False,2026-09-04,2026-09-11,Vigente,Luz Nelly Quispe Loza (Telf: -),,La Paz,NB-SABS (D.S.0181)
26-1262-00-1686251-1-1,Gobierno Autonomo Municipal De Laja,Bienes,CND1,Const. Cordon De Acera Urb. Kollasuyo (Adq. De Materiales),False,2026-09-04,2026-09-09,Vigente,Luz Nelly Quispe Loza (Telf: -),,La Paz,Compro Hecho en Bolivia (D.S.4505)
26-1262-00-1686377-1-1,Gobierno Autonomo Municipal De Laja,Bienes,CND1,Conts. Bth Unidad Educativa Japon Com Ticuyo (Adq. De Materiales) ,False,2026-09-04,2026-09-09,Vigente,Luz Nelly Quispe Loza (Telf: -),,La Paz,Compro Hecho en Bolivia (D.S.4505)
26-1282-00-1686309-1-1,Gobierno Autonomo Municipal De Santiago De Huata,Bienes,ANPE,Adquisicion De Materiales  - Construccion De Enlosetado De La Plaza Principal Hasta La Isla Sunata – Comunidad Tajocachi,False,2026-09-04,2026-09-10,Vigente,Adan Callisaya Mena (Telf: 71204823),,La Paz,NB-SABS (D.S.0181)
26-1301-00-1686214-1-1,Gobierno Autonomo Municipal De Cochabamba,Bienes,ANPP,Adquisicion Inyectables 2do Nivel Primer Reformulado Red Cercado 2026,True,2026-09-04,2026-09-18,Vigente,Victor Ariel Veneros Gomez (Telf: 4258103- 4425810-4258030),,Cochabamba,NB-SABS (D.S.0181)
26-1301-00-1686252-1-1,Gobierno Autonomo Municipal De Cochabamba,Bienes,ANPP,Adquisicion De Albumina Humana Primer Reformulado Red Cercado 2026,True,2026-09-04,2026-09-18,Vigente,Victor Ariel Veneros Gomez (Telf: 4258103- 4425810-4258030),,Cochabamba,NB-SABS (D.S.0181)
26-1301-00-1686263-0-E,Gobierno Autonomo Municipal De Cochabamba,Servicios Generales,CD,Servicio De Publicidad Informativa Gamc 5,False,2026-09-04,,Contratado,Jorge Israel Amurrio Ortiz (Telf: 4258103- 4425810-4258030),,Cochabamba,NB-SABS (D.S.0181)
26-1301-00-1686328-1-1,Gobierno Autonomo Municipal De Cochabamba,Bienes,CM,Compra Material De Escritorio Subalcaldia Valle Hermoso,False,2026-09-04,2026-09-09,Vigente,Lilian Margoth Aguilar Villazon (Telf: 4258103- 4425810-4258030),,Cochabamba,NB-SABS (D.S.0181)
26-1301-00-1686363-1-1,Gobierno Autonomo Municipal De Cochabamba,Bienes,ANPP,Adquisicion De Material Capa Base Mantenimiento De Pavimento Rigido,True,2026-09-04,2026-09-17,Vigente,Elmer Coca Rodriguez (Telf: 4258103- 4425810-4258030),,Cochabamba,NB-SABS (D.S.0181)
26-1301-00-1686378-1-1,Gobierno Autonomo Municipal De Cochabamba,Bienes,ANPP,Adquisicion De Arena Fina Y Agregado Diam 3/8” Mtto De Vias,True,2026-09-04,2026-09-17,Vigente,Rodrigo Jose Lara Estivariz (Telf: 4258103- 4425810-4258030),,Cochabamba,NB-SABS (D.S.0181)
26-1301-00-1686399-1-1,Gobierno Autonomo Municipal De Cochabamba,Bienes,ANPP,Adquisicion De Agregado Diam 1/2” Mtto De Vias,True,2026-09-04,2026-09-17,Vigente,Diego Adrian Uriona Ajhuacho (Telf: 4258103- 4425810-4258030),,Cochabamba,NB-SABS (D.S.0181)
26-1302-00-1673341-1-2,Gobierno Autonomo Municipal De Quillacollo,Bienes,ANPP,Const. Pavimento Rigido Av. Integracion De Calle A Hasta Empresa De Papas Sepa Participan Siete Otbs Del D-8 (Compra De Agregados),True,2026-09-04,2026-09-18,Vigente,Jaime Ramiro Cahuana Aquino (Telf: 4260338-79788572),,Cochabamba,NB-SABS (D.S.0181)
26-1302-00-1686162-1-1,Gobierno Autonomo Municipal De Quillacollo,Bienes,ANPE,Compra De Equipo De Proteccion Personal (Epp) La Atencion De Incendios Forestales Para El Personal De La Secretaria Municipal De Desarrollo Productivo Rural Y Medio Ambiente,True,2026-09-04,2026-09-11,Vigente,Linda Soraida Navia Ramos (Telf: 4260338-79788572),,Cochabamba,NB-SABS (D.S.0181)
26-1302-00-1686167-1-1,Gobierno Autonomo Municipal De Quillacollo,Bienes,ANPE,Compra De Lavadora Industrial Para El Servicio De Lavanderia Del Hospital Dr. Benigno Sanchez Quillacollo,True,2026-09-04,2026-09-11,Vigente,Jaime Ramiro Cahuana Aquino (Telf: 4260338-79788572),,Cochabamba,NB-SABS (D.S.0181)
26-1302-00-1686273-0-E,Gobierno Autonomo Municipal De Quillacollo,Consultoria,CM,Consultor Individual De Linea (Profesional I- Medico De Emergencia) Hospital Gestion 2026,False,2026-09-04,,Contratado,Helen Wendy Colque Flores (Telf: 4260338-79788572),,Cochabamba,NB-SABS (D.S.0181)
26-1302-00-1686411-1-1,Gobierno Autonomo Municipal De Quillacollo,Bienes,CND1,Compra De Cuadernos Para Los Centros De Salud,False,2026-09-04,2026-09-09,Vigente,Marielena Salvatierra Rocha (Telf: 4260338-79788572),,Cochabamba,Compro Hecho en Bolivia (D.S.4505)
26-1302-00-1686433-1-1,Gobierno Autonomo Municipal De Quillacollo,Servicios Generales,CM,Servicio De Sonido E Iluminacion Vocal De Largo Alcance Y Armado De Estructura Y Pantallas Led Para Amenizar La 4º Expoquillacollo - Feria De La Integracion Mypes 2026,False,2026-09-04,2026-09-09,Vigente,Tania Castillo Rodriguez (Telf: 4260338-79788572),,Cochabamba,NB-SABS (D.S.0181)
26-1302-00-1686485-1-1,Gobierno Autonomo Municipal De Quillacollo,Bienes,CM,Compra De Ropa De Trabajo Para El Hospital Dr. Benigno Sanchez Del Municipio De Quillacollo,False,2026-09-04,2026-09-09,Vigente,Tania Castillo Rodriguez (Telf: 4260338-79788572),,Cochabamba,NB-SABS (D.S.0181)
26-1302-00-1686495-1-1,Gobierno Autonomo Municipal De Quillacollo,Bienes,ANPE,Compra De Centrifugadora Industrial Para El Servicio De Lavanderia Del Hospital Dr. Benigno Sanchez De Quillacollo,True,2026-09-04,2026-09-11,Vigente,Jaime Ramiro Cahuana Aquino (Telf: 4260338-79788572),,Cochabamba,NB-SABS (D.S.0181)
26-1302-00-1686504-1-1,Gobierno Autonomo Municipal De Quillacollo,Bienes,ANPP,Compra De Autoclave A Vapor De 130 Litros De Una Puerta Para El Centro De Salud Integral Ironcollo,True,2026-09-04,2026-09-18,Vigente,Jaime Ramiro Cahuana Aquino (Telf: 4260338-79788572),,Cochabamba,NB-SABS (D.S.0181)
26-1303-00-1686416-1-1,Gobierno Autonomo Municipal De Sipe Sipe,Bienes,CND1,Compra De Material De Construccion Para Conclusion Del Taller De Carpinteria Y Mecanica Automotriz U.E. Topater (D.S. 4505),False,2026-09-04,2026-09-08,Vigente,Hector Quispe Catacora (Telf: 4381932),,Cochabamba,Compro Hecho en Bolivia (D.S.4505)
26-1307-00-1683962-0-E,Gobierno Autonomo Municipal De Aiquile,Obras,EX,Const. Puente De Alcantarilla Villa Granado,False,2026-09-04,,Contratado,Hernan  Molle Fuentes  (Telf: 4343303-4343100),,Cochabamba,NB-SABS (D.S.0181)
26-1307-00-1686428-1-1,Gobierno Autonomo Municipal De Aiquile,Bienes,CND1,Adquisición De Carne De Res Y Pollo  Correspondiente Al Mes De Septiembre Para El Internado Villa Granado  Gestión 2026 ,False,2026-09-04,2026-09-08,Vigente,Sonia Cardozo Rodriguez (Telf: 4343303-4343100),,Cochabamba,Compro Hecho en Bolivia (D.S.4505)
26-1307-00-1686458-1-1,Gobierno Autonomo Municipal De Aiquile,Bienes,CND1,"  Compra De Víveres Secos, Para Los Meses De Septiembre, Octubre, Noviembre Y Diciembre, Para La Preparación De Dietas Para Pacientes Internados Y Beneficiarios Del Sistema Único De Salud (Sus) Ley 1152 Del Hospital Carmen López Segundo Nivel Con El D.S. 4505 Compra Hecho En Bolivia.",False,2026-09-04,2026-09-08,Vigente,Sonia Cardozo Rodriguez (Telf: 4343303-4343100),,Cochabamba,Compro Hecho en Bolivia (D.S.4505)
26-1307-00-1686464-1-1,Gobierno Autonomo Municipal De Aiquile,Bienes,CND1,"Compra De Carnes (Res-Pollo) Por El Mes De Septiembre, Para La Preparación De Dietas Para Internos De Rotación, Assos De Especialidad Y Médicos Especialistas De Contrato Municipal Con El D.S. 4505 Compra Hecho En Bolivia",False,2026-09-04,2026-09-08,Vigente,Cirilo Paniagua Bautista (Telf: 4343303-4343100),,Cochabamba,Compro Hecho en Bolivia (D.S.4505)
26-1312-00-1677933-2-1,Gobierno Autonomo Municipal De Sacaba,Obras,ANPP,Mej. Campo Deportivo Otb Oriental Distrito 2 (Tinglado Para Cancha Multiple),True,2026-09-04,2026-09-18,Vigente,Alejandro Cabrera Apaza (Telf: 4702301),,Cochabamba,NB-SABS (D.S.0181)
26-1312-00-1686131-1-1,Gobierno Autonomo Municipal De Sacaba,Bienes,ANPE,"Adq. Luminarias, Brazos Y Accesorios Distrito Lava Lava (Adq. De Material Electrico Temporal Bajo)",True,2026-09-04,2026-09-11,Vigente,Richard Quelca Ledezma (Telf: 4702301),,Cochabamba,NB-SABS (D.S.0181)
26-1312-00-1686145-1-1,Gobierno Autonomo Municipal De Sacaba,Obras,ANPP,Const. Pavimento Zona Noroeste Distrito 2 (Pavimento Flexible Otb Bolivia),True,2026-09-04,2026-09-18,Vigente,Alejandro Cabrera Apaza (Telf: 4702301),,Cochabamba,NB-SABS (D.S.0181)
26-1312-00-1686355-1-1,Gobierno Autonomo Municipal De Sacaba,Obras,ANPE,Const. Empedrado Y Cordones Sector Bajo Distrito Lava Lava (Otb Canal Pata Baja),True,2026-09-04,2026-09-11,Vigente,Richard Quelca Ledezma (Telf: 4702301),,Cochabamba,NB-SABS (D.S.0181)
26-1314-00-1686326-1-1,Gobierno Autonomo Municipal De Villa Tunari,Bienes,CM,“Compra De Carne Y Derivados Para El Servicio De Alimentación Del Hospital San Francisco De Asís Programa Sus Ley 1152 Gestión 2026”,False,2026-09-04,2026-09-09,Vigente,Daniel Montaño Vallejos (Telf: 44136521 ),,Cochabamba,NB-SABS (D.S.0181)
26-1314-00-1686473-1-1,Gobierno Autonomo Municipal De Villa Tunari,Bienes,CM,Compra De Materiales De Escritorio Para Centros Y Puestos De Salud Del Municipio De Villa Tunari,False,2026-09-04,2026-09-09,Vigente,Daniel Montaño Vallejos (Telf: 44136521 ),,Cochabamba,NB-SABS (D.S.0181)
26-1315-00-1686180-1-1,Gobierno Autonomo Municipal De Punata,Bienes,CM,Adquisición De Un Moto Carro,False,2026-09-04,2026-09-09,Vigente,Jose Antonio Requiz Fuentes (Telf: 4577021),,Cochabamba,NB-SABS (D.S.0181)
26-1315-00-1686260-0-E,Gobierno Autonomo Municipal De Punata,Obras,CD,"Const. Perforación Pozo Sistema Agua Potable Saca Saca - Chirusi, D3",False,2026-09-04,,Contratado,Jose Antonio Requiz Fuentes (Telf: 4577021),,Cochabamba,NB-SABS (D.S.0181)
26-1324-00-1685902-1-1,Gobierno Autonomo Municipal De Cliza,Bienes,CM,"Adquisición De Insumos Odontológicos Para La Ley Nº1152 Seguro Universal De Salud (Sus) Del Sector Salud Del Municipio De Cliza (Primera Compra - Segundo Semestre), Gestion 2026",False,2026-09-04,2026-09-09,Vigente,Elizabeth Colque Mamani (Telf: 4575029 - 4575448),,Cochabamba,NB-SABS (D.S.0181)
26-1324-00-1686319-1-1,Gobierno Autonomo Municipal De Cliza,Bienes,CM,"Adquisicion De Reactivos E Insumos Para El Servicio De Laboratorio Del Seguro Universal De Salud (Sus) - Ley Nº1152, Según El D.S. Nº0181 - Primera Compra Gestión 2026 (Items Desiertos)",False,2026-09-04,2026-09-09,Vigente,Elizabeth Colque Mamani (Telf: 4575029 - 4575448),,Cochabamba,NB-SABS (D.S.0181)
26-1324-00-1686447-1-1,Gobierno Autonomo Municipal De Cliza,Bienes,CND1,Adquisición De Pintura Acrílica Color Blanco Y Amarillo Para El Pintado De Las Señalizaciones Horizontales En Las Calles Del Centro Urbano Del Municipio De Cliza.,False,2026-09-04,2026-09-08,Vigente,Elizabeth Colque Mamani (Telf: 4575029 - 4575448),,Cochabamba,Compro Hecho en Bolivia (D.S.4505)
26-1328-00-1684619-1-1,Gobierno Autonomo Municipal De Santivanez,Bienes,CM,"Aquisicion De Llantas, Lubricantes Y Repuestos Para Volqueta Nissan Ud Volvo F7 Motoniveladora Y Pala Cargadora Del Gam De Santivañez",False,2026-09-04,2026-09-09,Vigente,Jhamyl Mamani Condori (Telf: 4780041),,Cochabamba,NB-SABS (D.S.0181)
26-1330-00-1673738-2-1,Gobierno Autonomo Municipal De Tapacari,Bienes,ANPE,Adquisicion De Filtros Y Aceites Para Vehiculos Livianos Y Pesados Que Pertenecen Al Gam De Tapacari,True,2026-09-04,2026-09-10,Vigente,Edwin Arturo Fuentes Aguilar (Telf: 4-4365380),,Cochabamba,NB-SABS (D.S.0181)
26-1334-00-1686444-1-1,Gobierno Autonomo Municipal De Chimore,Bienes,ANPP,Adquisición De Repuestos De La Excavadora Pc-210-Lc Para Trabajos De Prevención Y/O Atención De Desastres Naturales Municipio De Chimore,True,2026-09-04,2026-09-17,Vigente,Eduardo Lopez Meruvia (Telf: 44136218),,Cochabamba,NB-SABS (D.S.0181)
26-1339-00-1684926-1-2,Gobierno Autonomo Municipal De Tacopaya,Obras,ANPE,Mej. Aulas Bth U.E Elizardo Perez Totora Pampa,True,2026-09-04,2026-09-10,Vigente,Miguelina Choque Nina (Telf: 71400523),,Cochabamba,NB-SABS (D.S.0181)
26-1340-00-1683975-1-2,Gobierno Autonomo Municipal De Bolivar,Bienes,ANPP,"Compra De Tres Motocicletas Para Los Establecimientos De Salud Carpani, Tangaleque Y Comuna Del Municipio De Bolivar",True,2026-09-04,2026-09-16,Vigente,Orlando Salazar Castro (Telf: 71741775 - 71741779 - 71742005),,Cochabamba,NB-SABS (D.S.0181)
26-1345-00-1683912-0-E,Gobierno Autonomo Municipal De Entre Rios Cbba,Obras,EX,Const. 4 Aulas Unidad Educativa Carlos Villegas D-1 Entre Rios,False,2026-09-04,,Contratado,Neida Castro Trujillo (Telf: 67400986 - 67400858 - 67400857),,Cochabamba,NB-SABS (D.S.0181)
26-1345-00-1686336-0-E,Gobierno Autonomo Municipal De Entre Rios Cbba,Bienes,CD,Compra De Combustible Gasolina Y Diesel Para El Proyecto De Palta Y Citrico,False,2026-09-04,,Contratado,Neida Castro Trujillo (Telf: 67400986 - 67400858 - 67400857),,Cochabamba,NB-SABS (D.S.0181)
26-1345-00-1686352-0-E,Gobierno Autonomo Municipal De Entre Rios Cbba,Bienes,CD,Compra De Combustible (Diesel) Para Equipo Pesado,False,2026-09-04,,Contratado,Neida Castro Trujillo (Telf: 67400986 - 67400858 - 67400857),,Cochabamba,NB-SABS (D.S.0181)
26-1347-00-1686172-1-1,Gobierno Autonomo Municipal De Shinahota,Bienes,CND1,Adquisicion De Material De Limpieza (Detergente En Polvo) Para Las Unidades Educativas Del Municipio De Shinahota (D.S. 4505),False,2026-09-04,2026-09-10,Vigente,Mery Solis Armas (Telf: 44136409-67402279),,Cochabamba,Compro Hecho en Bolivia (D.S.4505)
26-1347-00-1686179-1-1,Gobierno Autonomo Municipal De Shinahota,Bienes,CND1,Adquisicion De Harina Y Manteca Para Centro De Capacitacion Artesanal Municipio De Shinahota,False,2026-09-04,2026-09-09,Vigente,Mery Solis Armas (Telf: 44136409-67402279),,Cochabamba,Compro Hecho en Bolivia (D.S.4505)
26-1347-00-1686183-1-1,Gobierno Autonomo Municipal De Shinahota,Bienes,CND1,"Adquisición De Ropa De Oficina (Chamarras, Buzos Y Poleras Deportivas Institucionales) Para El Concejo Municipal De Shinahota",False,2026-09-04,2026-09-10,Vigente,Mery Solis Armas (Telf: 44136409-67402279),,Cochabamba,Compro Hecho en Bolivia (D.S.4505)
26-1401-00-1684579-1-2,Gobierno Autonomo Municipal De Oruro,Consultoria,ANPP,Contratacion De Consultores Individuales De Linea Secretarias Y Porteros Para Las Diferentes Unidades Educativas Del Municipio De Oruro Gestion 2026,False,2026-09-04,2026-09-17,Vigente,Jacqueline Manardy Canaviri (Telf: 2-5251624),,Oruro,NB-SABS (D.S.0181)
26-1401-00-1686236-1-1,Gobierno Autonomo Municipal De Oruro,Bienes,ANPE,Adquisicion De Ropa De Trabajo Para El Personal De La Direccion De Obras Y Desarrollo Urbano - Gestion 2026,True,2026-09-04,2026-09-11,Vigente,Lizett E. Santos Moscoso (Telf: 2-5251624),,Oruro,NB-SABS (D.S.0181)
26-1401-00-1686334-1-1,Gobierno Autonomo Municipal De Oruro,Bienes,ANPE,Adquisicion De Lubricantes Y Derivados Para El Mantenimiento Preventivo De Vehiculos Del Parque Automotor Liviano Y Motocicletas Del G.A.M.O. (Segunda Compra),True,2026-09-04,2026-09-11,Vigente,Lizett E. Santos Moscoso (Telf: 2-5251624),,Oruro,NB-SABS (D.S.0181)
26-1401-00-1686429-1-1,Gobierno Autonomo Municipal De Oruro,Bienes,ANPE,Adquisicion De Equipo De Proteccion Personal (Epp) Para La Direccion De Obras Y Desarrollo Urbano - Gestion 2026,True,2026-09-04,2026-09-11,Vigente,Jacqueline Manardy Canaviri (Telf: 2-5251624),,Oruro,NB-SABS (D.S.0181)
26-1401-00-1686486-1-1,Gobierno Autonomo Municipal De Oruro,Bienes,CND1,Adquisicion De Materiales De Construccion  Mi Acera Para El Mejoramiento Urbano J.V. Villa Challacollo,False,2026-09-04,2026-09-10,Vigente,Victor Antonio Mendoza Mendoza (Telf: 2-5251624),,Oruro,Compro Hecho en Bolivia (D.S.4505)
26-1401-00-1686488-1-1,Gobierno Autonomo Municipal De Oruro,Bienes,CND1,Adquisicion De Materiales De Construccion - Ampliacion De Via  Calle La Plata Y Adolfo Mier,False,2026-09-04,2026-09-10,Vigente,Victor Antonio Mendoza Mendoza (Telf: 2-5251624),,Oruro,Compro Hecho en Bolivia (D.S.4505)
26-1406-00-1686511-1-1,Gobierno Autonomo Municipal De Huanuni (Villa Huanuni),Bienes,CNC,Adquisicion De Complemento Nutricional Carmelo 2do. Semestre Gestion 2026,True,2026-09-04,2026-09-09,Vigente,Adolfo Antonio Perez (Telf: 5520585),,Oruro,Compro Hecho en Bolivia (D.S.4505)
26-1419-00-1686243-1-1,Gobierno Autonomo Municipal De Escara,Bienes,ANPE,"Adquisición De Alimentos Secos Gestión 2026, Para Las Unidad Educativa Franz Tamayo Del Municipio De Escara - Programa De Alimentacion Complementaria Escolar ( Desayuno )",True,2026-09-04,2026-09-10,Vigente,Sam Hurtado Mamani (Telf: 74141564),,Oruro,NB-SABS (D.S.0181)
26-1501-00-1686477-1-1,Gobierno Autonomo Municipal De Potosi,Bienes,CNC,Adquisición De Productos Solidos Para El Programa Alimentación Complementaria Escolar Área Urbana Gestión 2026 (Desayuno Escolar) - Programa Alimentación Complementaria,True,2026-09-04,2026-09-10,Vigente,Mirian Vargas Señoranis (Telf: 26226200),,Potosi,Compro Hecho en Bolivia (D.S.4505)
26-1501-00-1686494-1-1,Gobierno Autonomo Municipal De Potosi,Bienes,CND1,Adquisicion De Cemento Para Const. Pavimento Rigido Avenida A Calle Duraznales Y Urus J. V. Justo Jesus De Machaca D-1,False,2026-09-04,2026-09-09,Vigente,Mirian Vargas Señoranis (Telf: 26226200),,Potosi,Compro Hecho en Bolivia (D.S.4505)
26-1501-00-1686496-1-1,Gobierno Autonomo Municipal De Potosi,Bienes,CND1,Adquisición De Cemento Para Const. Pavimento Rigido Avenida A Calle La Plata J.V. San Juan Jesus De Machaca D-1,False,2026-09-04,2026-09-09,Vigente,Mirian Vargas Señoranis (Telf: 26226200),,Potosi,Compro Hecho en Bolivia (D.S.4505)
26-1501-00-1686500-1-1,Gobierno Autonomo Municipal De Potosi,Bienes,CNC,Adquisición De Derivados De Lácteos Para El Pograma Alimentación Complementaria Escolar Área Urbana Gestión 2026 (Desayuno Esolar) - Programa Alimentacion Complementaria,True,2026-09-04,2026-09-10,Vigente,Mirian Vargas Señoranis (Telf: 26226200),,Potosi,Compro Hecho en Bolivia (D.S.4505)
26-1501-00-1686506-1-1,Gobierno Autonomo Municipal De Potosi,Obras,LP,Const. Centro Municipal Zoonosis Potosi,True,2026-09-04,2026-09-28,Vigente,Ines Quispe Rojas (Telf: 26226200),,Potosi,NB-SABS (D.S.0181)
26-1501-05-1686354-1-1,Dirección Técnica Municipal De Salud,Bienes,CM,Adquisición De Material De Limpieza E Higiene Para El Centro De Salud Integral Plan 700-Servicios De Salud Universal Y Gratuita-Sus,False,2026-09-04,2026-09-10,Vigente,Karla Carvajal Villa (Telf: 2 6231337),,Potosi,NB-SABS (D.S.0181)
26-1507-00-1686492-1-1,Gobierno Autonomo Municipal De Llallagua,Bienes,CNC," ""Apoyo Al Funcionamiento De Salud Primer Nivel"" (Adquisición De Material De Escritorio Para Establecimientos De Salud Primer Nivel Y La Red Safci Municipio De Llallagua 2026)",True,2026-09-04,2026-09-10,Vigente,Mariane Caballero Layme (Telf: 5822817),,Potosi,Compro Hecho en Bolivia (D.S.4505)
26-1519-00-1686278-1-1,Gobierno Autonomo Municipal De Tupiza,Bienes,CM,Funcionamiento Y Mantenimiento Maquinaria Pesada (Adquisición De Aceites Y Lubricantes Para Toda La Maquinaria Pesada),False,2026-09-04,2026-09-09,Vigente,Maximo Roman Ramos (Telf: 26943926 / 26942304),,Potosi,NB-SABS (D.S.0181)
26-1519-00-1686453-1-1,Gobierno Autonomo Municipal De Tupiza,Bienes,CND1,"Adquisicion De Material De Construccion Para U.E. Palquiza D-I, U.E. Hernando Siles Y U.E. Charahota Gestion 2026",False,2026-09-04,2026-09-09,Vigente,Maximo Roman Ramos (Telf: 26943926 / 26942304),,Potosi,Compro Hecho en Bolivia (D.S.4505)
26-1519-00-1686470-1-1,Gobierno Autonomo Municipal De Tupiza,Bienes,CND1,Adquisición Carne Blanda De Res Para Los Centros Infantiles Papi Distrito I,False,2026-09-04,2026-09-09,Vigente,Maximo Roman Ramos (Telf: 26943926 / 26942304),,Potosi,Compro Hecho en Bolivia (D.S.4505)
26-1519-00-1686474-1-1,Gobierno Autonomo Municipal De Tupiza,Bienes,CNC,"
Adquisición De Materiales De Construcción Cemento (Comunidades D-Vi)",True,2026-09-04,2026-09-10,Vigente,Maximo Roman Ramos (Telf: 26943926 / 26942304),,Potosi,Compro Hecho en Bolivia (D.S.4505)
26-1519-00-1686480-1-1,Gobierno Autonomo Municipal De Tupiza,Bienes,CND1,Adquisición De Cemento Juntas Vecinales (Remedios Bajo Y La Colorada) Distrito - Xi  ,False,2026-09-04,2026-09-09,Vigente,Maximo Roman Ramos (Telf: 26943926 / 26942304),,Potosi,Compro Hecho en Bolivia (D.S.4505)
26-1519-00-1686482-1-1,Gobierno Autonomo Municipal De Tupiza,Bienes,CND1,Adquisición De Cemento Comunidad Buenos Aires Distrito Ii,False,2026-09-04,2026-09-09,Vigente,Maximo Roman Ramos (Telf: 26943926 / 26942304),,Potosi,Compro Hecho en Bolivia (D.S.4505)
26-1519-00-1686489-1-1,Gobierno Autonomo Municipal De Tupiza,Bienes,CND1,Adquisición Cemento Comunidades De Mizque Y Colchas Distrito V,False,2026-09-04,2026-09-09,Vigente,Maximo Roman Ramos (Telf: 26943926 / 26942304),,Potosi,Compro Hecho en Bolivia (D.S.4505)
26-1519-00-1686491-1-1,Gobierno Autonomo Municipal De Tupiza,Bienes,CND1,Adquisición Ropa De Seguridad Industrial Para El Personal De La Unidad De Medio Ambiente Del Gobierno Autónomo Municipal De Tupiza,False,2026-09-04,2026-09-09,Vigente,Maximo Roman Ramos (Telf: 26943926 / 26942304),,Potosi,Compro Hecho en Bolivia (D.S.4505)
26-1521-00-1686223-1-1,"Gobierno Autonomo Municipal De Colcha""K"" (Villa Martin)",Bienes,ANPE,"Adquisicion De Malla Ganadera Y Grapas Para Cerco Perimetral De Parcelas Experimentales De Quinua Para Comunidades Del Municipio De Colcha ""K""",True,2026-09-04,2026-09-11,Vigente,Nicol Graciela Choque Gonzales (Telf: +591-69654122),,Potosi,NB-SABS (D.S.0181)
26-1527-00-1686272-1-1,Gobierno Autonomo Municipal De Caripuyo,Bienes,CNC,Adquisición De Suministros Del Sistema Único De Salud – Sus Segundo Semestre Gestión 2026 (Chb),True,2026-09-04,2026-09-10,Vigente,Ponciano Ajomado Estalla (Telf: 68316086),,Potosi,Compro Hecho en Bolivia (D.S.4505)
26-1528-00-1686170-1-1,Gobierno Autonomo Municipal De Puna (Villa Talavera),Bienes,CNC,"Adquisicion D Complemento Nutricional (Nutribebeb) De La Ley 1152 (S.U.S) Para La Red De Servicio De Salud Municipal Safci Puna Gestion 2026, Segunda Compara D.S. 4505",True,2026-09-04,2026-09-11,Vigente,Humberto Kelcasi Choque (Telf: 61990077),,Potosi,Compro Hecho en Bolivia (D.S.4505)
26-1532-00-1686502-1-1,Gobierno Autonomo Municipal De Porco,Bienes,CM,Adquisicion De Insumos Para La Campaña De Salud Oral En El Municipio Porco,False,2026-09-04,2026-09-09,Vigente,Jose Jose Flores Cruz (Telf: 72395900),,Potosi,NB-SABS (D.S.0181)
26-1534-00-1686177-1-1,Gobierno Autonomo Municipal De Acasio,Bienes,CM,Adquisición De Insumos Medicos Para La Atención De Pacientes De Servicios De Salud Universal Y Gratuita - Sus Para El Municipio De Acasio Gestión 2026,False,2026-09-04,2026-09-09,Vigente,Cristobal Sisco Rioja (Telf: 71723964),,Potosi,NB-SABS (D.S.0181)
26-1537-00-1669216-2-1,Gobierno Autonomo Municipal De Villazon,Bienes,ANPE,Adquisicion De Equipos De Computacion Para El Hospital San Roque Segundo Nivel (Fortalecimiento Red De Salud Hospital San Roque),True,2026-09-04,2026-09-11,Vigente,Sandy Miranda Bravo (Telf: 5972119),,Potosi,NB-SABS (D.S.0181)
26-1537-00-1686080-1-1,Gobierno Autonomo Municipal De Villazon,Bienes,ANPE,"Adquisicion De Papel, Material De Escritorio Y Material De Limpieza Para Las Unidades Educativas Del Municipio De Villazon Area Rural Y Urbana (Gastos De Operación En Educacion)",True,2026-09-04,2026-09-11,Vigente,Sandy Miranda Bravo (Telf: 5972119),,Potosi,NB-SABS (D.S.0181)
26-1537-00-1686498-1-1,Gobierno Autonomo Municipal De Villazon,Bienes,ANPE,"Adquisicion De Alimentos Elaborados Para Las Unidades Educativas 9 De Abril A, Marcelo Quiroga Santa Cruz B, Del Area Urbana Gestion 2026 (Provision Complementaria Escolar Area Urbana)",True,2026-09-04,2026-09-11,Vigente,Sandy Miranda Bravo (Telf: 5972119),,Potosi,NB-SABS (D.S.0181)
26-1601-00-1682433-2-1,Gobierno Autonomo Municipal De Tarija,Bienes,ANPE,“Adquisición De Semáforos Vehiculares Para El Barrio Juan Xxiii”,True,2026-09-04,2026-09-10,Vigente,Shirley Margarzo Romero (Telf: 6643211 - 6643213),,Tarija,NB-SABS (D.S.0181)
26-1601-00-1682456-1-2,Gobierno Autonomo Municipal De Tarija,Obras,ANPE,“Construcción Cancha Polifuncional Barrio 10 De Junio Distrito 7”,True,2026-09-04,2026-09-10,Vigente,Shirley Margarzo Romero (Telf: 6643211 - 6643213),,Tarija,NB-SABS (D.S.0181)
26-1601-00-1686220-1-1,Gobierno Autonomo Municipal De Tarija,Servicios Generales,ANPP,Servicio De Mantenimiento Y Reparación Del Sistema De Climatización Y Del Sistema De Respaldo De Energia (Ups) Del Gobierno Autónomo Municipal De Tarija.,True,2026-09-04,2026-09-16,Vigente,Shirley Margarzo Romero (Telf: 6643211 - 6643213),,Tarija,NB-SABS (D.S.0181)
26-1601-00-1686247-1-1,Gobierno Autonomo Municipal De Tarija,Bienes,CM,Adquisición De Semillas Y Tierra Vegetal Para El Programa Apoyo Al Desarrollo Agroproductivo,False,2026-09-04,2026-09-09,Vigente,Maria Alejandra  Castro (Telf: 6643211 - 6643213),,Tarija,NB-SABS (D.S.0181)
26-1601-00-1686277-1-1,Gobierno Autonomo Municipal De Tarija,Obras,ANPE,“Construccion Cancha Polifuncional Urbanizacion Monte Rey”,True,2026-09-04,2026-09-10,Vigente,Shirley Margarzo Romero (Telf: 6643211 - 6643213),,Tarija,NB-SABS (D.S.0181)
26-1601-00-1686368-1-1,Gobierno Autonomo Municipal De Tarija,Servicios Generales,CM,Servicio De Mantenimiento Preventivo Y Correctivo De Diez Motocicletas Kawasaki De Upar Delta Dependiente Del Comando Departamental De Tarija - Gestión 2026,False,2026-09-04,2026-09-09,Vigente,Maria Alejandra  Castro (Telf: 6643211 - 6643213),,Tarija,NB-SABS (D.S.0181)
26-1601-00-1686390-1-1,Gobierno Autonomo Municipal De Tarija,Obras,LP,“Ampliacion Kinder Elva De Dunn Barrio El Molino”,True,2026-09-04,2026-09-25,Vigente,Shirley Margarzo Romero (Telf: 6643211 - 6643213),,Tarija,NB-SABS (D.S.0181)
26-1601-00-1686466-1-1,Gobierno Autonomo Municipal De Tarija,Bienes,CND1,"""Adquisición De Equipo De Computación Portatil Para La Unidad De Presupuestos- Dirección Financiera Del Gamt""",False,2026-09-04,2026-09-09,Vigente,Maria Alejandra  Castro (Telf: 6643211 - 6643213),,Tarija,Compro Hecho en Bolivia (D.S.4505)
26-1607-00-1686267-1-1,Gobierno Autonomo Municipal De Uriondo (Concepcion),Consultoria,ANPE,Servicio De Consultoría Por Producto Para Capacitación Y/O Asistencia Técnica Para El Proyecto Mej. Reservorios De Agua Y Nivelacion De Terrenos En Muturayo Y La Angostura Municipio De Uriondo,False,2026-09-04,2026-09-10,Vigente,Gissela Pacello Tejerina (Telf: 6651052),,Tarija,NB-SABS (D.S.0181)
26-1609-00-1686130-1-1,Gobierno Autonomo Municipal De San Lorenzo -  Tarija,Bienes,ANPP,"Adquisición De Maiz Amarillo Cubano, Como Suplemento Alimentario Para El Ganado Mayor Y Menor Del Sector Productivo Del Municipio De San Lorenzo",True,2026-09-04,2026-09-17,Vigente,Lourdes Soledad Villarroel Fernandez (Telf: 66-65920),,Tarija,NB-SABS (D.S.0181)
26-1701-00-1686324-1-1,Gobierno Autonomo Municipal De Santa Cruz De La Sierra,Bienes,CM,Adquisicion De Insumos De Anestesiologia Para La Atencion De Pacientes Del Hospital Municipal Plan 3000 Sms,False,2026-09-04,2026-09-09,Vigente,Cristian Chavez Serrano (Telf: Ver Convocatoria y/o DBC. ),,Santa Cruz,NB-SABS (D.S.0181)
26-1705-00-1685300-0-E,Gobierno Autonomo Municipal De El Torno,Bienes,CD,Adquisicion De Combustible (Gasolina Y Diesel) Para Vehiculos Livianos Y Pesados Del Gobierno Autonomo Municipal De El Torno 2do Semestre,False,2026-09-04,,Contratado,Ronald Ignacio Aguirre Fernandez (Telf: 3822132 - 3822164),,Santa Cruz,NB-SABS (D.S.0181)
26-1705-00-1685405-1-1,Gobierno Autonomo Municipal De El Torno,Bienes,CM,Adquisicion De Materiales De Ferreteria Para El Mantenimiento De Infraestructura Urbana Y Rural Del Gamet,False,2026-09-04,2026-09-09,Vigente,Ronald Ignacio Aguirre Fernandez (Telf: 3822132 - 3822164),,Santa Cruz,NB-SABS (D.S.0181)
26-1706-00-1683278-1-2,Gobierno Autonomo Municipal De Warnes,Servicios Generales,LP,Contratación De Polizas De Seguro Del Parque Automotor Y Maquinaria Pesada Para El Gobierno Autonomo Municipal De Warnes,False,2026-09-04,2026-09-25,Vigente,Marizabel Herbas Paco (Telf: 923-2055),,Santa Cruz,NB-SABS (D.S.0181)
26-1706-00-1686182-0-E,Gobierno Autonomo Municipal De Warnes,Obras,CD,"""Mantenimiento Y Reparación De Pavimento Rígido Calles Y Avenidas Warnes D-1""",False,2026-09-04,,Contratado,Celina Suarez Guevara (Telf: 923-2055),,Santa Cruz,NB-SABS (D.S.0181)
26-1706-00-1686258-0-E,Gobierno Autonomo Municipal De Warnes,Obras,CD,"""Refacción Y Mantenimiento U.E. Totai """,False,2026-09-04,,Contratado,Celina Suarez Guevara (Telf: 923-2055),,Santa Cruz,NB-SABS (D.S.0181)
26-1710-00-1686256-0-E,Gobierno Autonomo Municipal De Buena Vista,Consultoria,CM,Elaboración De Reglamentos Específicos Del Gobierno Autónomo Municipal De Buena Vista,False,2026-09-04,,Contratado,Gabriela Algarañaz Gutierrez (Telf: 3 932-2032),,Santa Cruz,NB-SABS (D.S.0181)
26-1710-00-1686467-1-1,Gobierno Autonomo Municipal De Buena Vista,Obras,ANPE,"Mantenimiento De La Unidad Educativa San Miguel Afuera 
(Distrito Iv)",True,2026-09-04,2026-09-10,Vigente,Gabriela Algarañaz Gutierrez (Telf: 3 932-2032),,Santa Cruz,NB-SABS (D.S.0181)
26-1712-00-1685942-1-1,Gobierno Autonomo Municipal De Yapacani,Bienes,ANPP,Adquisicion De Medicamentos E Insumos Medicos Esenciales Del Segundo Semestre Para El Programa De Salud Renal,True,2026-09-04,2026-09-16,Vigente,Yessica Ramos Heredia (Telf: 933-6111),,Santa Cruz,NB-SABS (D.S.0181)
26-1712-00-1686091-1-1,Gobierno Autonomo Municipal De Yapacani,Bienes,ANPP,Adquisicion De Medicamentos Esenciales Del Segundo Semestre Para El Hospital 2do Nivel Del Municipio De Yapacani.,True,2026-09-04,2026-09-16,Vigente,Yessica Ramos Heredia (Telf: 933-6111),,Santa Cruz,NB-SABS (D.S.0181)
26-1716-00-1686388-1-1,Gobierno Autonomo Municipal De Portachuelo,Bienes,CNC,"""Compra De Insumos Gestion  2026 Para Cubrir El Seguro Universal De Salud (Sus)""",True,2026-09-04,2026-09-09,Vigente,Luis Fernando Moreno Ayala (Telf: 9242124-9242055),,Santa Cruz,Compro Hecho en Bolivia (D.S.4505)
26-1716-00-1686394-1-1,Gobierno Autonomo Municipal De Portachuelo,Bienes,CNC,"""Compra De Soluciones Parenterales Gestion 2026, Para Cubrir  El Seguro Universal De Salud (Sus)""",True,2026-09-04,2026-09-09,Vigente,Luis Fernando Moreno Ayala (Telf: 9242124-9242055),,Santa Cruz,Compro Hecho en Bolivia (D.S.4505)
26-1735-00-1686375-1-1,Gobierno Autonomo Municipal De General Agustin Saavedra,Bienes,CM,Adquisicion De Repuestos Para Camioneta Blanca Con Placa Nª 2854-Uer Del Concejo Municipal,False,2026-09-04,2026-09-09,Vigente,Limber Vargas Guevara (Telf: 9249380),,Santa Cruz,NB-SABS (D.S.0181)
26-1801-00-1686195-0-E,Gobierno Autonomo Municipal De Santisima Trinidad,Consultoria,CM,Consultor Individual De Linea Profesional Iii - Encargado De Limpieza Y Apertura De Canales En Los Diferentes Distritos Del Municipio De Trinidad Gestion 2026,False,2026-09-04,,Contratado,Yalianka Justiniano Abrego (Telf: 4621322 - 4620447),,Beni,NB-SABS (D.S.0181)
26-1803-00-1686173-1-1,Gobierno Autonomo Municipal De Riberalta,Bienes,CNC,"Primera Adquisicion De Solución Glucosada, Ringer Lactato Y Ringer Normal Para Los Diferentes Servicios  Del Hospital General Riberalta  Gestion 2026.",True,2026-09-04,2026-09-10,Vigente,Julio Cesar Chavez Marigua (Telf: 8522417),,Beni,Compro Hecho en Bolivia (D.S.4505)
26-1803-00-1686186-1-1,Gobierno Autonomo Municipal De Riberalta,Bienes,CND1,"Segunda Adquisicion De (Camisas, Pantalon Y Chalecos) Gestion 2026 Para El Personal De La Unidad De Mejoramientos De Parques Y Jardines Dependiente De La Unidad Municipal De Servicio De Aseo Urbano. ",False,2026-09-04,2026-09-09,Vigente,Julio Cesar Chavez Marigua (Telf: 8522417),,Beni,Compro Hecho en Bolivia (D.S.4505)
26-1803-00-1686210-1-1,Gobierno Autonomo Municipal De Riberalta,Bienes,CND1,"Adquisicion De Un Equipo De Computacion Con Su (Accesorios) Para Ser Utilizado Por El Tecnico En Salud, Seguridad E Higiene Ocupacional De La Direccion De Planificacion Inversion Publica Y Proyectos Dependiente De La Secretaria Municipal De Planificacion Y Desarrollo Territorial Correspondiente A La Gestion 2026",False,2026-09-04,2026-09-09,Vigente,Julio Cesar Chavez Marigua (Telf: 8522417),,Beni,Compro Hecho en Bolivia (D.S.4505)
26-1803-00-1686230-1-1,Gobierno Autonomo Municipal De Riberalta,Bienes,CND1,"Adquisicion De Pintura De Demarcacion Vial Para El Pintado De Paso Cebras, Gestion 2026",False,2026-09-04,2026-09-09,Vigente,Julio Cesar Chavez Marigua (Telf: 8522417),,Beni,Compro Hecho en Bolivia (D.S.4505)
26-1803-00-1686246-1-1,Gobierno Autonomo Municipal De Riberalta,Bienes,CND1,"Adquisición De Material De Limpieza En Apoyo Al Funcionamiento De Los Servicios De La Direccion Distrital Educación Del Municipio De Riberalta, Gestión 2026",False,2026-09-04,2026-09-09,Vigente,Julio Cesar Chavez Marigua (Telf: 8522417),,Beni,Compro Hecho en Bolivia (D.S.4505)
26-1803-00-1686340-1-1,Gobierno Autonomo Municipal De Riberalta,Bienes,CND1,"Primera Adquisicion De Material De Limpieza Como Ser: Detergente, Liquido Limpia Piso , Que Seran Utilizados En 16 Puestos De Salud Del Area Rural Para Los 5 Meses De Agosto A Diciembre Correspondiente A La Gestion 2026",False,2026-09-04,2026-09-09,Vigente,Julio Cesar Chavez Marigua (Telf: 8522417),,Beni,Compro Hecho en Bolivia (D.S.4505)
26-1803-00-1686345-1-1,Gobierno Autonomo Municipal De Riberalta,Bienes,CND1,Contratacion De Bienes (Segunda Adquisicion De Material De Limpieza Para La Oficina De La Fuerza Especial De Lucha Contra La Violencia Gestion 2026),False,2026-09-04,2026-09-09,Vigente,Julio Cesar Chavez Marigua (Telf: 8522417),,Beni,Compro Hecho en Bolivia (D.S.4505)
26-1803-00-1686362-1-1,Gobierno Autonomo Municipal De Riberalta,Bienes,CNC,Adquisicion De Solución Fisiológica Para El Servicio De Hemodialisis -Paciente  De Convenio Del Hospital General Riberalta Gestion 2026,True,2026-09-04,2026-09-10,Vigente,Julio Cesar Chavez Marigua (Telf: 8522417),,Beni,Compro Hecho en Bolivia (D.S.4505)
26-1803-00-1686397-1-1,Gobierno Autonomo Municipal De Riberalta,Bienes,CND1,"Tercera Adquisicion De Papel Bond Tamaño Carta , Cuaderno Empastado Tamaño Carta Y Oficio  Para Los Diferentes  Servicios Del Hospital General Riberalta Gestion 2026",False,2026-09-04,2026-09-09,Vigente,Julio Cesar Chavez Marigua (Telf: 8522417),,Beni,Compro Hecho en Bolivia (D.S.4505)
26-1808-00-1686419-1-1,Gobierno Autonomo Municipal De San Borja,Bienes,CNC,Compra De Complemento Nutricional  Nutribebe Para El Municipio De San Borja,True,2026-09-04,2026-09-16,Vigente,Rosa Roca Ansoliaga (Telf: -),,Beni,Compro Hecho en Bolivia (D.S.4505)
26-1818-00-1686227-1-1,Gobierno Autonomo Municipal De Baures,Consultoria,ANPE,Elbaoracion De Proyecto A Diseño Final Const. Cea Cipriano Barace,False,2026-09-04,2026-09-10,Vigente,Jose Luis Suarez Perez (Telf: 67271485),,Beni,NB-SABS (D.S.0181)
26-1910-00-1686178-1-1,Gobierno Autonomo Municipal De Sena,Bienes,ANPE,"Adquisición De Medicamentos Para El Centro De Salud Sena, Correspondiente Alprimer Trimestre De La Gestión 2026 Decalarados Deciertos Cuce :26-1910-00-1675282-1-1",True,2026-09-04,2026-09-10,Vigente,Victor Hugo Medina Dieguez (Telf: 74713700),,Pando,NB-SABS (D.S.0181)
26-2303-00-1677720-2-1,Empresa Municipal De Areas Verdes Y Recreacion Alternativa - Emavra,Bienes,ANPE,Adquisicion De Lubricantes Para Maquinaria (Segundo Semestre) Para La Unidad De Mantenimiento De Areas Verdes,True,2026-09-04,2026-09-11,Vigente,Gabriela Cruz Ramirez (Telf: 4448430),,Cochabamba,NB-SABS (D.S.0181)
26-2323-00-1686459-1-1,Entidad Aseo Municipal De Tarija,Bienes,ANPP,“Adquisición Botas De Seguridad Emat 2026”,True,2026-09-04,2026-09-16,Vigente,Adriana Sanchez Tejerina (Telf: 6637505 - 6660508),,Tarija,NB-SABS (D.S.0181)
26-3402-00-1684773-1-1,Gobierno Autonomo Indigena Originario Campesino De Salinas,Bienes,ANPE,Adquisicion De Insumos Odontologicos - Ley 1152 Para El Gaioc-Salinas,True,2026-09-04,2026-09-10,Vigente,Maria Carol Garcia Colque (Telf: 68511484),,Oruro,NB-SABS (D.S.0181)
26-3402-00-1685529-1-1,Gobierno Autonomo Indigena Originario Campesino De Salinas,Bienes,ANPE,Adquisicion De Insumos Medicos Ley N°1152 Sus Para El Gaioc-Salinas,True,2026-09-04,2026-09-11,Vigente,Maria Carol Garcia Colque (Telf: 68511484),,Oruro,NB-SABS (D.S.0181)
26-4601-02-1686203-1-1,Gobierno Autonomo Regional Del Gran Chaco - Carapari,Bienes,CND1,Adquisición De Papel Para El Funcionamiento Del Programa Fortalecimiento Al Sector Agrícola De Los Pueblos Indígenas Del Gran Chaco,False,2026-09-04,2026-09-09,Vigente,Rossy Lorena Rodriguez Ruiz (Telf: 74511947),,Tarija,Compro Hecho en Bolivia (D.S.4505)
26-906-23-1686266-1-1,Banco De Sangre De Referencia Departamental De Tarija,Bienes,CM,Adquisición De 10 Kits De Quimioluminiscencia Maglumi Syphilis  (Clia) Para El Banco De Sangre De Referencia Departamental Tarija.,False,2026-09-04,2026-09-09,Vigente,Roberto Carlos Soliz Lopez (Telf: 6664295),,Tarija,NB-SABS (D.S.0181)
26-906-23-1686410-1-1,Banco De Sangre De Referencia Departamental De Tarija,Bienes,CM,Adquisición De 482 Piezas De Bolsas Triples Colectoras De Sangre Para El Banco De Sangre De Referencia Departamental Tarija.,False,2026-09-04,2026-09-09,Vigente,Roberto Carlos Soliz Lopez (Telf: 6664295),,Tarija,NB-SABS (D.S.0181)
26-906-23-1686427-1-1,Banco De Sangre De Referencia Departamental De Tarija,Bienes,CM,Adquisición De 35 Kits De Elisa Chagas Recombinante Para El Banco De Sangre De Referencia Departamental Tarija.,False,2026-09-04,2026-09-09,Vigente,Roberto Carlos Soliz Lopez (Telf: 6664295),,Tarija,NB-SABS (D.S.0181)
26-906-23-1686446-1-1,Banco De Sangre De Referencia Departamental De Tarija,Bienes,CM,"Adquisición De 8 Frascos De Fenotipos C, C, E, E(Anti C, Anti C, Anti E Y Anti E) Para El Banco De Sangre De Referencia Departamental Tarija.",False,2026-09-04,2026-09-09,Vigente,Roberto Carlos Soliz Lopez (Telf: 6664295),,Tarija,NB-SABS (D.S.0181)
26-0206-05-1686078-0-E,Fortalecimiento Del Sistema Estadístico Del Estado Plurinacional De Bolivia,Consultoria,OF,Especialista 4 De Logistica Departamental Pfseepb -Tarija,False,2026-09-05,,Contratado,Gerardo Pablo Saca (Telf: 2222333),,La Paz,Normativa del Financiador (BID)
26-0206-05-1686522-0-E,Fortalecimiento Del Sistema Estadístico Del Estado Plurinacional De Bolivia,Consultoria,OF,Técnico 2de Logistica Departamental Pfseepb - Chuquisaca,False,2026-09-05,,Contratado,Gerardo Pablo Saca (Telf: 2222333),,La Paz,Normativa del Financiador (BID)
26-0905-09-1686526-0-E,Hospital Daniel Bracamonte,Consultoria,CM,“Contratación De  Un (1) Consultor Individual De Línea – Auxiliar De Enfermería (Áreas Criticas) Del Hospital Daniel Bracamonte”.,False,2026-09-05,,Contratado,Juan Marcelo Villalpando Montoya (Telf: 6244961),,Potosi,NB-SABS (D.S.0181)
26-1257-00-1686525-0-E,Gobierno Autonomo Municipal De Irupana (Villa De Lanza),Bienes,EM,Adquisición De Politubos Por Emergencia Para La Comunidad Curihuati Afectado Por Riadas,False,2026-09-05,,Contratado,Vladimir Torrez Cornejo (Telf: 68216621),,La Paz,NB-SABS (D.S.0181)
26-1705-00-1686521-1-1,Gobierno Autonomo Municipal De El Torno,Obras,ANPP,“Const. Bateria De Baño Unid. Educ. Elena Vaca Antelo D-1”,True,2026-09-05,2026-09-17,Vigente,Bismark Yepez Contreras (Telf: 3822132 - 3822164),,Santa Cruz,NB-SABS (D.S.0181)
26-1705-00-1686524-1-1,Gobierno Autonomo Municipal De El Torno,Servicios Generales,ANPE,"Servicios De Publicidad, Diseño Y Produccion Audiovisual Para El Gobierno Autonomo Municipal De El Torno",True,2026-09-05,2026-09-11,Vigente,Bismark Yepez Contreras (Telf: 3822132 - 3822164),,Santa Cruz,NB-SABS (D.S.0181)
26-0905-06-1686479-1-1,Servicio Departamental De Caminos - Potosi,Bienes,ANPP,Adquisicion De Sismografo Para Realizar Prospecciones Del Subsuelo En Proyectos De Ingenieria Civil,True,2026-09-06,2026-09-17,Vigente,Nelson Alberto Ortega Estrada (Telf: 6222061-61649000-77868349),,Potosi,NB-SABS (D.S.0181)
26-1308-00-1678888-2-3,Gobierno Autonomo Municipal De Pasorapa,Servicios Generales,LP,Contratación De Seguros Para Vehículos Automotores Y Maquinaria Pesada Del Gobierno Autónomo Municipal De Pasorapa Gestión 2026-2027,False,2026-09-06,2026-09-29,Vigente,Armando Carlos Triveño Lizarazu (Telf: 67406896),,Cochabamba,NB-SABS (D.S.0181)
26-0020-02-1632347-0-E,Comando En Jefe De Las Fuerzas Armadas ,Bienes,CD,Adquisicion De Combustible (Gasolina Especial Para Los Vehiculos Asignados Al Comando En Jefe De Las Ff.Aa. Del Estado,False,2026-09-07,,Contratado,Franz Richard Canaza Condori (Telf: -),,La Paz,NB-SABS (D.S.0181)
26-0020-02-1632352-0-E,Comando En Jefe De Las Fuerzas Armadas ,Bienes,CD,Adquisicion De Combustible (Gasolina Especial)Para Los Vehiculos Oficiales Asignados A La Escuela De Altos Estudios Nacionales Gestion 2026,False,2026-09-07,,Contratado,Franz Richard Canaza Condori (Telf: -),,La Paz,NB-SABS (D.S.0181)
26-0020-10-1685949-1-1,Comando General Del Ejercito,Bienes,ANPP,"Adquisición Del Portón Para El Hangar De Helicópteros Gcae-1 ""Gral Apostol Santiago""",True,2026-09-07,2026-09-17,Vigente,Gabriel Antonio Alejo Flores (Telf: 2977600),,La Paz,NB-SABS (D.S.0181)
26-0035-00-1685894-1-1,Ministerio De Economia Y Finanzas Publicas ,Servicios Generales,ANPE,"G26 - Dgaa - Uti - Servicio De Protección Contra Virus, Malware Y Otras Vulnerabilidades",True,2026-09-07,2026-09-14,Vigente,Cristhian Andrés Alba Escobar (Telf: 2203434),,La Paz,NB-SABS (D.S.0181)
26-0035-01-1686814-1-1,Servicio De Impuestos Nacionales,Servicios Generales,CM,"Servicio De Alquiler De Espacio Informativo Para La Participación Del Sin En El Evento Interinstitucional E Internacional ""Expocruz 2026""",False,2026-09-07,2026-09-10,Vigente,Gladys Thalia Chino Conurana (Telf: 2606060 ),,La Paz,NB-SABS (D.S.0181)
26-0035-01-1686818-1-1,Servicio De Impuestos Nacionales,Servicios Generales,CM,"Servicio De Alquiler De Área Lúdica Para La Participación Del Sin En El Evento Interinstitucional E Internacional ""Expocruz 2026""",False,2026-09-07,2026-09-10,Vigente,Gladys Thalia Chino Conurana (Telf: 2606060 ),,La Paz,NB-SABS (D.S.0181)
26-0041-00-1676286-2-1,"Ministerio De Desarrollo Productivo, Rural Y Agua",Consultoria,ANPE,Consultoria Por Producto Para El Diagnostico Y Diseño De Estrategias De Optimizacion - Dgapiep,False,2026-09-07,2026-09-14,Vigente,Juan Carlos Gonzales Hurtado (Telf: 2184444 - INT 320),,La Paz,NB-SABS (D.S.0181)
26-0041-00-1686573-1-1,"Ministerio De Desarrollo Productivo, Rural Y Agua",Bienes,CM,Adquisicion De Material De Limpieza Parala Unidad De Udestro De La Dgcydi,False,2026-09-07,2026-09-10,Vigente,Zamir Nacif Ortiz (Telf: 2184444 - INT 320),,La Paz,NB-SABS (D.S.0181)
26-0041-24-1684987-0-E,Unidad De Coordinacion Y Ejecucion De Proyectos - Ucep Mi Riego,Consultoria,CM,"Consultoria Por Producto ""Servicio De Asistencia Tecnica En La Etapa De Funcionamieno Del Sistema De Riego Palca Calzon  (Pojo) Departamento De Cochabamba",False,2026-09-07,,Contratado,Mario Cesar Barrientos Cuellar (Telf: 2145792 - 72852834),,La Paz,NB-SABS (D.S.0181)
26-0041-24-1686691-0-E,Unidad De Coordinacion Y Ejecucion De Proyectos - Ucep Mi Riego,Consultoria,OF,Responsable Legal,False,2026-09-07,,Contratado,Juan Carlos Soljancic Roda (Telf: 2145792 - 72852834),,La Paz,Normativa del Financiador (BID)
26-0041-27-1686664-0-E,Unidad De Coordinacion Del Programa Piloto De Resiliencia Climatica - Ucp-Ppcr,Consultoria,OF,Profesional Civil Especialista En Preinversión Y Presas – Equipo Pritec Vrhrapysb,False,2026-09-07,,Contratado,Carolina Judith Vargas Teran (Telf: 71524934),,La Paz,Normativa del Financiador (BID)
26-0046-13-1686197-1-1,Escuela Tecnica De Salud Boliviano-Japonesa De Cooperacion Andina,Bienes,CM,Compra De Material Escritorio Ii/2026,False,2026-09-07,2026-09-10,Vigente,Rosario Gutierrez Rodriguez (Telf: 4257501),,Cochabamba,NB-SABS (D.S.0181)
26-0046-21-1686706-1-1,Seguro Social Universitario - Cochabamba,Bienes,CNC,Adquisición  Solución De Glucosa Al 5% De 500cc,True,2026-09-07,2026-09-15,Vigente,Dayana Montaño Fernandez (Telf: 4226772),,Cochabamba,Compro Hecho en Bolivia (D.S.4505)
26-0081-61-1686731-1-1,Unidad Tecnica Aeroportuaria - Uta,Consultoria,OF,Consultor De Línea Especialista De Seguimiento De Obra 1 Y 2 (2 Puestos),False,2026-09-07,2026-09-14,Vigente,Ivan Pena Yujra (Telf: 2156631),,La Paz,Normativa del Financiador (BID)
26-0081-61-1686746-1-1,Unidad Tecnica Aeroportuaria - Uta,Consultoria,OF,Supervisión Técnica Y Socio Ambiental Para La Construcción Del Parque Lineal Metropolitano La Paz – El Alto (Tramo 2 - Ciclo Senda Azul Y Tramo 3 – Ciclo Senda Morado),False,2026-09-07,2026-09-21,Vigente,Ivan Pena Yujra (Telf: 2156631),,La Paz,Normativa del Financiador (BM)
26-0138-00-1685746-1-1,Universidad Mayor Real Y Pontificia De San Francisco Xavier,Bienes,ANPE,Adquisicion De Un Equipo De Laboratorio: Microscopio Trinocular Con Camara Para La Faculatd De Odontologia De La Universidad Mayor Real Y Pontificia De San Francisco Xavier De Chuquisaca,True,2026-09-07,2026-09-14,Vigente,Nestor Pallares Saavedra (Telf: 6451970),,Chuquisaca,NB-SABS (D.S.0181)
26-0138-00-1685750-1-1,Universidad Mayor Real Y Pontificia De San Francisco Xavier,Bienes,ANPE,Adquisicion De Un Kit Electrico Para Conversion De Vehiculo Convencional A Electrico Para La Carrera De Ingenieria Mecanica De La Facultad De Ingenieria Y Ciencias Aplicadas Meca-Electronicas De La Universidad Mayor Real Y Pontificia De San Francisco Xavier De Chuquisaca,True,2026-09-07,2026-09-14,Vigente,Nestor Pallares Saavedra (Telf: 6451970),,Chuquisaca,NB-SABS (D.S.0181)
26-0138-00-1686098-1-1,Universidad Mayor Real Y Pontificia De San Francisco Xavier,Bienes,CM,Segunda Adquisición De Set Para Equipo De Aféresis Del Banco De Sangre De Referencia Departamental Chuquisaca Dependiente De La Universidad Mayor Real Y Pontificia De San Francisco Xavier De Chuquisaca,False,2026-09-07,2026-09-10,Vigente,Lizeth Graciela Ortega Zarate (Telf: 6451970),,Chuquisaca,NB-SABS (D.S.0181)
26-0138-00-1686734-1-1,Universidad Mayor Real Y Pontificia De San Francisco Xavier,Bienes,CND1,Adquisicion De Cuaderno Con Espiral Para La Seccion De Proyectos De Inversion E Institucionales,False,2026-09-07,2026-09-11,Vigente,Roxana Isabel Cavero Gonzales (Telf: 6451970),,Chuquisaca,Compro Hecho en Bolivia (D.S.4505)
26-0138-00-1686744-1-1,Universidad Mayor Real Y Pontificia De San Francisco Xavier,Bienes,CND1,"Adquisición De 1 Frasco Lustramuebles,  1 Bote Limpiavidrios, 1 Bote Desinfectante Para Pisos, 2 Bolsa Detergente Granulado Para El Museo Gutierrez  Valenzuela",False,2026-09-07,2026-09-11,Vigente,Roxana Isabel Cavero Gonzales (Telf: 6451970),,Chuquisaca,Compro Hecho en Bolivia (D.S.4505)
26-0138-00-1686749-1-1,Universidad Mayor Real Y Pontificia De San Francisco Xavier,Bienes,CND1,"Adquisición De 1 Frasco De Lustramuebles, 6 Bolsas De Detergente Granulado Doméstico, 2 Frascos De Desengrasante, 1 Bidón De Desinfectante Para Sanitarios Para El Departamento De Relaciones Internacionales",False,2026-09-07,2026-09-11,Vigente,Roxana Isabel Cavero Gonzales (Telf: 6451970),,Chuquisaca,Compro Hecho en Bolivia (D.S.4505)
26-0138-00-1686753-1-1,Universidad Mayor Real Y Pontificia De San Francisco Xavier,Bienes,CND1,"Adquisición De Cuadernos Empastados Y Limpiavidrios Para La Oficina De Tesorería Y Crédito Público De La Usfx.
",False,2026-09-07,2026-09-11,Vigente,Roxana Isabel Cavero Gonzales (Telf: 6451970),,Chuquisaca,Compro Hecho en Bolivia (D.S.4505)
26-0138-00-1686762-1-1,Universidad Mayor Real Y Pontificia De San Francisco Xavier,Bienes,CNC,"Adquisicion De Material Deportivo:19 Juegos De Cortos Y Poleras  Para Futbol De Salon Varon ,  19  Juegos De  Cortos  Y Poleras Para Futsal Damas, Del Proyecto Campeonato Interfacultativo Futbol De Salon Damas Y Varones 2026, Para Deporte Universitario Estudiantil, De La Universidad Mayor, Real Y Pontificia De San Francisco Xavier De Chuquisaca",True,2026-09-07,2026-09-11,Vigente,Marieli Glenda Veramendi Alba (Telf: 6451970),,Chuquisaca,Compro Hecho en Bolivia (D.S.4505)
26-0139-00-1686704-0-E,Universidad Mayor De San Andres - Umsa,Consultoria,CM,Servicio De Consultoría Individual De Línea - Técnico Ii Asistente Del Laboratorio De Inmunología Del Instituto Seladis - Fcfb,False,2026-09-07,,Contratado,Juan Eddy Marquez Alba (Telf: 2441994),,La Paz,NB-SABS (D.S.0181)
26-0139-25-1686810-1-1,Facultad De Ciencias Puras Y Naturales,Consultoria,ANPE,Servicios De Supervision Tecnica: Construccion Edificio Del Instituto De Biologia Molecular Y Biotecnologia Campus Cota Cota,False,2026-09-07,2026-09-11,Vigente,Victor Hugo Borda Gemio (Telf: 2440280 - 2612935),,La Paz,NB-SABS (D.S.0181)
26-0139-45-1686726-1-1,"Facultad De Arquitectura, Artes, Diseño Y Urbanismo",Bienes,CND1,Compra De  Computadora Portatil Destinada A La Direccion Del Curso Preuniversitario,False,2026-09-07,2026-09-09,Vigente,Carmen Brigitte Rita Galarza Lopez (Telf: 2484818),,La Paz,Compro Hecho en Bolivia (D.S.4505)
26-0141-00-1686576-1-1,Universidad Mayor De San Simon Umss,Bienes,ANPP,214.-Fcyt.- Adquisición De Un Transformador Y Accesorios Complementarios Para El Cta Y Capn De La Facultad De Ciencias Y Tecnología - Umss,True,2026-09-07,2026-09-18,Vigente,Darwin Peredo Rojas (Telf: 4 4524782),,Cochabamba,NB-SABS (D.S.0181)
26-0141-00-1686578-1-1,Universidad Mayor De San Simon Umss,Bienes,CND1,"Adquisicion De Polera Tipo Polo, Para Copa X San Simon, Interfacultades Varones",False,2026-09-07,2026-09-10,Vigente,Jackeline Panozo Soto (Telf: 4 4524782),,Cochabamba,Compro Hecho en Bolivia (D.S.4505)
26-0141-00-1686632-1-1,Universidad Mayor De San Simon Umss,Obras,CM,215.Fce.-Ampliacion De La Tarima Metalica Para El Auditorio Del Posgrado (Calle La Paz) De La Facultad De Ciencias Economicas - Umss,False,2026-09-07,2026-09-11,Vigente,Jackeline Panozo Soto (Telf: 4 4524782),,Cochabamba,NB-SABS (D.S.0181)
26-0141-00-1686639-1-1,Universidad Mayor De San Simon Umss,Bienes,CM,210.-Dppys.-Adquisición De Alimento Para Canes De La Guardia Canina De La Universidad Mayor De San Simón,False,2026-09-07,2026-09-10,Vigente,Darwin Peredo Rojas (Telf: 4 4524782),,Cochabamba,NB-SABS (D.S.0181)
26-0143-00-1686564-1-1,Universidad Autonoma Tomas Frias,Bienes,CND1,Adquisición 6 (Seis) Escritorios Para Laboratorio Carrera Mecanica - 931/2026,False,2026-09-07,2026-09-09,Vigente,Karina Sandra Aliaga Bellido (Telf: 62-27332),,Potosi,Compro Hecho en Bolivia (D.S.4505)
26-0146-00-1678984-1-2,Universidad Autonoma Gabriel Rene Moreno,Consultoria,ANPE,Contratacion Servicio De Supervision Tecnica Para La Obra: Construccion Centro De Simulacion Para La Carrera De Medicina Dependientes De La Facultad Integral Del Chaco- F.I.-C.H.,False,2026-09-07,2026-09-16,Vigente,Jessica Rojas Melgar (Telf: 3398516),,Santa Cruz,NB-SABS (D.S.0181)
26-0146-00-1686622-1-1,Universidad Autonoma Gabriel Rene Moreno,Bienes,ANPE,Adquisicion De Insumos Odontologicos Y Material De Bioseguridad Para La Clinica Odontologica De La Carrera De Odontologia - F.C.S.H.,True,2026-09-07,2026-09-11,Vigente,Marco Antonio Garcia Limachi (Telf: 3398516),,Santa Cruz,NB-SABS (D.S.0181)
26-0206-05-1686646-1-1,Fortalecimiento Del Sistema Estadístico Del Estado Plurinacional De Bolivia,Bienes,OF,Adquisicion De Equipos De Respaldo Para Seguridad,False,2026-09-07,2026-09-11,Vigente,Carolina Paola Galvan Delgado (Telf: 2222333),,La Paz,Normativa del Financiador (BID)
26-0206-05-1686813-1-1,Fortalecimiento Del Sistema Estadístico Del Estado Plurinacional De Bolivia,Bienes,OF,Adquisición De Equipos Audiovisuales,False,2026-09-07,2026-09-11,Vigente,Carolina Paola Galvan Delgado (Telf: 2222333),,La Paz,Normativa del Financiador (BID)
26-0223-00-1686616-0-E,Fondo Nacional De Desarrollo Forestal,Consultoria,CM,Consultor Individual De Linea - Profesional Ii En Gestion Y Evaluacion De Proyectos (Upep),False,2026-09-07,,Contratado,Maria Teresa Becerra Farfan (Telf: 2129838 - 2128772),,La Paz,NB-SABS (D.S.0181)
26-0249-00-1686577-0-E,Central De Abastecimiento Y Suministros De Salud,Bienes,CD,Adquisicion De Combustible (Gasolina) Para El Parque Automotor De La Ceass Gestion 2026,False,2026-09-07,,Contratado,Fabiola Karen Ayaviri Mamani (Telf: 2850396 - 2852308 - 2853429),,La Paz,NB-SABS (D.S.0181)
26-0283-13-1686599-1-1,Aduana Nacional Regional Cochabamba,Bienes,ANPE,Adquisicion De Toners Para La Gerencia Regional Cochabamba Segundo Semestre Gestion 2026,True,2026-09-07,2026-09-15,Vigente,Richard Apaico Ramos (Telf: 4377777),,Cochabamba,NB-SABS (D.S.0181)
26-0287-02-1686805-0-E,Fondo Nacional De Inversion Productiva Y Social  -  Cochabamba,Consultoria,CM,Consultoria Individual De Linea - Control Y Seguimiento De Proyectos  Focipp Departamental Cochabamba,False,2026-09-07,,Contratado,Celia Merida Orellana (Telf: 4797421-22-23),,Cochabamba,NB-SABS (D.S.0181)
26-0287-02-1686822-0-E,Fondo Nacional De Inversion Productiva Y Social  -  Cochabamba,Bienes,CD,Provision De Combustible (Gasolina Diesel) Para Vehiculos Del Fps Departamenatl Cochabamba - Gestion 2026,False,2026-09-07,,Contratado,Celia Merida Orellana (Telf: 4797421-22-23),,Cochabamba,NB-SABS (D.S.0181)
26-0291-01-1686656-1-1,Administradora Boliviana De Carreteras - Regional La Paz,Servicios Generales,LP,Contratacion De Programa De Seguros Para La Administradora Boliviana De Carreteras Gestion 2026-2027,False,2026-09-07,2026-09-29,Vigente,Graciela Cornejo Tancara (Telf: 2495043 - 2494544),,La Paz,NB-SABS (D.S.0181)
26-0291-04-1686450-1-1,Administradora Boliviana De Carreteras - Regional Cochabamba,Obras,ANPP,Rehabilitación Junta De Dilatación Puente Sacta Par Vial Carretera Nueva Cochabamba – Santa Cruz,True,2026-09-07,2026-09-22,Vigente,Ruben Julio Figueroa Miranda (Telf: 4492264),,Cochabamba,NB-SABS (D.S.0181)
26-0291-06-1686833-1-1,Administradora Boliviana De Carreteras - Regional Tarija,Consultoria,ANPE,Supervision Vial Conser. Tramo Tj05 Camargo-El Puente-San Lorenzo-Tarija,False,2026-09-07,2026-09-18,Vigente,Ernesto Romelio  Mamani (Telf: 6661459),,Tarija,NB-SABS (D.S.0181)
26-0292-00-1686588-1-1,Vias Bolivia,Bienes,CM,Adquisicion De Equipamiento Para La Modernizacion De Las Estaciones De Peaje Y Pesaje De La Oficina Regional Potosi,False,2026-09-07,2026-09-10,Vigente,Verónica Arias Chirinos (Telf: 800-10-8427),,La Paz,NB-SABS (D.S.0181)
26-0292-00-1686780-1-1,Vias Bolivia,Bienes,CM,"Adquisición De Otra Maquinaria Y Equipo Para La Oficina Regional Tarija Gestión 2026 -  Refrigeradores, Cocinas Y Aires Acondicionados.",False,2026-09-07,2026-09-10,Vigente,Ronald Waldo  Malaga (Telf: 800-10-8427),,La Paz,NB-SABS (D.S.0181)
26-0314-00-1679667-3-1,Autoridad De Fiscalización De Electricidad Y Tecnologia Nuclear,Consultoria,ANPE,"Inventario, Identificación, Recodificación, Revaluo Técnico De Activos Fijos Para La Autoridad De Fiscalización De Electricidad Y Tecnología Nuclear – Aetn (Tercera Convocatoria)",False,2026-09-07,2026-09-14,Vigente,Mildred Amparo Gonzales Gonzales (Telf: 2312401),,La Paz,NB-SABS (D.S.0181)
26-0340-00-1686665-0-E,Servicio General De Identificacion Personal,Consultoria,CM,Consultoría  Individual De Línea - Tecnico De Implementacion,False,2026-09-07,,Contratado,Jhanice Alba Arando Gutierrez (Telf: 2117405 - 2141370),,La Paz,NB-SABS (D.S.0181)
26-0346-00-1686709-1-1,Unidad De Investigaciones Financieras ,Bienes,CM,Adquisición De Papel Bond,False,2026-09-07,2026-09-10,Vigente,Janette Grina Lopez Mamani (Telf: 2188988),,La Paz,NB-SABS (D.S.0181)
26-0382-00-1686658-0-E,Agencia De Infraestructura En Salud Y Equipamiento Medico,Consultoria,OF,Coordinador Del Programa 4612/Bl-Bo-2,False,2026-09-07,,Contratado,Luz Narda Maceres Ochoa (Telf: 2125007),,La Paz,Normativa del Financiador (BID)
26-0389-00-1673256-2-1,Navegacion Aerea Y Aeropuertos Bolivianos,Servicios Generales,ANPE,"Servicio De Mantenimiento Preventivo Y Correctivo De Impresoras, Fotocopiadoras, Escáner De Oficina Central – Segunda Convocatoria",True,2026-09-07,2026-09-14,Vigente,Luis Andres Hinojosa Chavez (Telf: 2351305),,La Paz,NB-SABS (D.S.0181)
26-0417-04-1686716-1-1,Caja Nacional De Salud Regional Cochabamba,Bienes,ANPE,Vaina De Resectoscopio,True,2026-09-07,2026-09-11,Vigente,Ulisses Hernan Martinez Arteaga (Telf: 4234378),,Cochabamba,NB-SABS (D.S.0181)
26-0417-06-1681950-1-1,Caja Nacional De Salud (Regional Chuquisaca),Bienes,ANPE,Adquisición De Cuatro Insumos Medicos Para El Servicio Uti Solicitado Por La Jefatura Regional De Enfermeria Cns - Chuquisaca,True,2026-09-07,2026-09-14,Vigente,Iveth Helen Mancilla Cervantes (Telf: 64-53226),,Chuquisaca,NB-SABS (D.S.0181)
26-0417-06-1686687-1-1,Caja Nacional De Salud (Regional Chuquisaca),Bienes,CM,"Adquisicion De Dos Items De Medicamentos Para La Caja Nacional De Salud , Solicitado Por Regencia De Farmacia Regional Chuquisaca.",False,2026-09-07,2026-09-10,Vigente,Fernando Ivan Velázquez Torres (Telf: 64-53226),,Chuquisaca,NB-SABS (D.S.0181)
26-0417-08-1686710-1-1,Caja Nacional De Salud (Regional Potosi),Bienes,CM,Vendas Smarch (10cm X 366cm - 15cm X 366cm).,False,2026-09-07,2026-09-10,Vigente,Raul Rengipo Montaño (Telf: 6223840),,Potosi,NB-SABS (D.S.0181)
26-0417-09-1643055-3-1,Caja Nacional De Salud - Regional La Paz,Bienes,ANPE,2800 Frasco. Aceite Mineral 40%. Supervision De Farmacia Regional La Paz,True,2026-09-07,2026-09-14,Vigente,Brayan Luis Cabrera Vera (Telf: 2-901777),,La Paz,NB-SABS (D.S.0181)
26-0417-09-1643066-3-1,Caja Nacional De Salud - Regional La Paz,Bienes,ANPE,150 Ampolla. Carboplatino 150 Mg. Supervision De Farmacia Regional La Paz,True,2026-09-07,2026-09-14,Vigente,Brayan Luis Cabrera Vera (Telf: 2-901777),,La Paz,NB-SABS (D.S.0181)
26-0417-09-1645711-3-1,Caja Nacional De Salud - Regional La Paz,Bienes,ANPE,"2500 Ampolla. Etilefrina 10 Mg/Ml. 
Supervision De Farmacia Regional La Paz",True,2026-09-07,2026-09-11,Vigente,Manuel Alejandro Almendro Lazarte (Telf: 2-901777),,La Paz,NB-SABS (D.S.0181)
26-0417-09-1652663-2-2,Caja Nacional De Salud - Regional La Paz,Bienes,ANPP,2 Items Papel Toalla. Servicio Insumos Medicos. Hode Materno Infantil,True,2026-09-07,2026-09-18,Vigente,Manuel Alejandro Almendro Lazarte (Telf: 2-901777),,La Paz,NB-SABS (D.S.0181)
26-0417-09-1671181-3-1,Caja Nacional De Salud - Regional La Paz,Bienes,ANPE,"1 Equipo. Magnetoterapia. 
Serv. Electroterapia Hode Ibr",True,2026-09-07,2026-09-11,Vigente,Manuel Alejandro Almendro Lazarte (Telf: 2-901777),,La Paz,NB-SABS (D.S.0181)
26-0417-09-1679180-2-1,Caja Nacional De Salud - Regional La Paz,Bienes,ANPE,3 Items. Sistema De Drenaje Cerrado. Unidad De Suministros E Insumos Regional La Paz,True,2026-09-07,2026-09-14,Vigente,Brayan Luis Cabrera Vera (Telf: 2-901777),,La Paz,NB-SABS (D.S.0181)
26-0417-09-1680139-2-1,Caja Nacional De Salud - Regional La Paz,Bienes,ANPE,1 Equipo. Tanque De Hidroterapia. Hies Obrero Nº 30 - Servicio Fisioterapia,True,2026-09-07,2026-09-14,Vigente,Brayan Luis Cabrera Vera (Telf: 2-901777),,La Paz,NB-SABS (D.S.0181)
26-0417-09-1686608-1-1,Caja Nacional De Salud - Regional La Paz,Bienes,ANPP,29 Items. Productos Quimicos Y Farmaceuticos. Laboratorio Bacteriologia Endocrinologia. Haig Obrero N°1,True,2026-09-07,2026-09-17,Vigente,Brayan Luis Cabrera Vera (Telf: 2-901777),,La Paz,NB-SABS (D.S.0181)
26-0417-09-1686621-1-1,Caja Nacional De Salud - Regional La Paz,Bienes,ANPE,1000 Ampolla. Insulina Zinc Cristalina Recombinante Humana 100 Ui/Ml. Supervision De Farmacia Regional La Paz,True,2026-09-07,2026-09-11,Vigente,Brayan Luis Cabrera Vera (Telf: 2-901777),,La Paz,NB-SABS (D.S.0181)
26-0417-09-1686640-1-1,Caja Nacional De Salud - Regional La Paz,Bienes,ANPE,6 Ampolla. Basiliximab 20 Mg. Supervision De Farmacia Regional La Paz,True,2026-09-07,2026-09-11,Vigente,Brayan Luis Cabrera Vera (Telf: 2-901777),,La Paz,NB-SABS (D.S.0181)
26-0417-09-1686644-1-1,Caja Nacional De Salud - Regional La Paz,Bienes,ANPE,"4 Equipo. Monitor De Oximetria. 
Neonatologia. Hode Materno Infantil",True,2026-09-07,2026-09-11,Vigente,Manuel Alejandro Almendro Lazarte (Telf: 2-901777),,La Paz,NB-SABS (D.S.0181)
26-0417-09-1686694-1-1,Caja Nacional De Salud - Regional La Paz,Bienes,ANPE,"1 Equipo. Luminoterapia. 
Servicio De Neonatologia Hode Materno Infantil",True,2026-09-07,2026-09-14,Vigente,Manuel Alejandro Almendro Lazarte (Telf: 2-901777),,La Paz,NB-SABS (D.S.0181)
26-0418-11-1686634-1-1,Caja Petrolera De Salud-Administracion Regional Sucre,Bienes,ANPE,"Adquisicion De Un Ups (Sistema De Alimentación De Energía Eléctrica Ininterrumpida) De 6kva O Superior De Doble Conversión Smart On-Line E Impresoras Multifuncionales Con Sistema De Tinta Continuo Original Para La Caja Petrolera De Salud Regional Sucre, Gestión 2026",True,2026-09-07,2026-09-11,Vigente,Victor Hugo Duran Flores (Telf: 6454851),,Chuquisaca,NB-SABS (D.S.0181)
26-0423-00-1686696-1-1,Caja De Salud De Caminos Y Ramas Anexas,Bienes,CM,Adquisición Medicamentos Oncologicos Enzalutamida 40mg (Segundo Ciclo) Paciente Hugo Arcienega Frías Regional Sucre “Emergencia”,False,2026-09-07,2026-09-10,Vigente,Maria Marlene Camacho Gonzales (Telf: 2916539),,La Paz,NB-SABS (D.S.0181)
26-0423-00-1686829-1-1,Caja De Salud De Caminos Y Ramas Anexas,Bienes,CNC,Adquisicion De Medicamentos Items Con Reciente Fichas Tecnicas Para La Regional Oruro,True,2026-09-07,2026-09-10,Vigente,Daisy Condori Gutierrez (Telf: 2916539),,La Paz,Compro Hecho en Bolivia (D.S.4505)
26-0513-00-1676920-0-E,Yacimientos Petroliferos Fiscales Bolivianos - Ypfb,Bienes,OF,Adquisicion De Luminarias - Dcpt,False,2026-09-07,,Contratado,Jesus Weimar Cordova Nina (Telf: 2176300),,La Paz,Otra Normativa especifica nacional
26-0513-00-1683848-0-E,Yacimientos Petroliferos Fiscales Bolivianos - Ypfb,Consultoria,OF,"Consultoría Individual De Línea: Técnico Ii, En Supervisión De Instalaciones Internas Y Acometidas – Zona Metropolitana Udc-Drcb",False,2026-09-07,,Contratado,Alison Ghimena Moruchi Morales (Telf: 2176300),,La Paz,Otra Normativa especifica nacional
26-0513-00-1685960-0-E,Yacimientos Petroliferos Fiscales Bolivianos - Ypfb,Consultoria,OF,"Consultor Individual De Linea Asistente Iii, De Proyectos, Drg-Grgd",False,2026-09-07,,Contratado,Daniela Alejandra Cabrera Velasquez (Telf: 2176300),,La Paz,Otra Normativa especifica nacional
26-0513-00-1686381-0-E,Yacimientos Petroliferos Fiscales Bolivianos - Ypfb,Servicios Generales,OF,"Servicio De Limpieza, Desbroce, Fumigado Y Control De Plagas Para Las Esr – Gind Gestión 2026",False,2026-09-07,,Contratado,Wilfredo Ruben Arenas Aguilar (Telf: 2176300),,La Paz,Otra Normativa especifica nacional
26-0513-00-1686568-0-E,Yacimientos Petroliferos Fiscales Bolivianos - Ypfb,Consultoria,OF,"Consultoría Individual De Línea: Apoyo Operativo Ii,
De Servicios Generales Udaf-Drcb",False,2026-09-07,,Contratado,Alison Ghimena Moruchi Morales (Telf: 2176300),,La Paz,Otra Normativa especifica nacional
26-0517-00-1686566-1-1,Corporacion Minera De Bolivia - Comibol,Bienes,ANPP,Adquisicion De Llantas Para Todo El Parque Automotor De La E.M. Caracoles,True,2026-09-07,2026-09-18,Vigente,Jenny Judith Patricia Marin Ledezma (Telf: 2682100 - 2682107-2901106),,La Paz,NB-SABS (D.S.0181)
26-0517-03-1681029-2-1,Empresa Minera Corocoro,Bienes,ANPE,Adquisicion De Variador De Frecuencia,True,2026-09-07,2026-09-11,Vigente,Yamil Erick Romero Arteaga (Telf: 2-2139374),,La Paz,NB-SABS (D.S.0181)
26-0517-03-1681137-2-1,Empresa Minera Corocoro,Bienes,ANPP,Adquisición Excepcional De Ácido Sulfúrico Para La Atención De Las Necesidades Operativas De La Planta Hidrometalúrgica Lequelequeni – Gestión 2026,True,2026-09-07,2026-09-17,Vigente,Yamil Erick Romero Arteaga (Telf: 2-2139374),,La Paz,NB-SABS (D.S.0181)
26-0548-00-1686723-1-1,Cofadena Oficina Central,Bienes,CM,"Iniciar El Proceso De Contratación Para La Adquisición De Prendas De Vestir (Seguridad Industrial), Para Proveer Al Personal Militar Y Civil De La Upcm Y Centros De Mantenimiento De Cochabamba Y Santa Cruz Respectivamente",False,2026-09-07,2026-09-11,Vigente,Luis Claudio Condori Castillo (Telf: 2433810),,La Paz,NB-SABS (D.S.0181)
26-0548-00-1686736-1-1,Cofadena Oficina Central,Bienes,CM,Iniciar El Proceso De Contratación Para La Adquisición De Botines De Seguridad Para Proveer Al Personal Militar Y Civil De La Upcm Y Centros De Mantenimiento De Cochabamba Y Santa Cruz Respectivamente,False,2026-09-07,2026-09-11,Vigente,Luis Claudio Condori Castillo (Telf: 2433810),,La Paz,NB-SABS (D.S.0181)
26-0548-00-1686743-1-1,Cofadena Oficina Central,Bienes,CM,Iniciar El Proceso De Contratación Para La Confección De Prendas De Vestir Y Proveer Al Personal Militar Y Civil De La Upcm Y Centros De Mantenimiento De Cochabamba Y Santa Cruz Respectivamente,False,2026-09-07,2026-09-11,Vigente,Luis Claudio Condori Castillo (Telf: 2433810),,La Paz,NB-SABS (D.S.0181)
26-0578-00-1684869-0-E,Empresa Publica Nacional Estrategica Boliviana De Aviacion - Bo A,Bienes,CD,"(Ga-515) Compra De Producto Aeronáutico - Pn: H29 X 9.0-15, Alt: 027-438-0",False,2026-09-07,,Contratado,Jaquelin Noemi Laime Quisbert (Telf: 4150000),,Cochabamba,D.S. 26688
26-0578-00-1684904-0-E,Empresa Publica Nacional Estrategica Boliviana De Aviacion - Bo A,Bienes,CD,(Ga-535) Compra De Producto Aeronáutico - Pn: 275k22t1 (27x7.75-15),False,2026-09-07,,Contratado,Jaquelin Noemi Laime Quisbert (Telf: 4150000),,Cochabamba,D.S. 26688
26-0578-00-1684906-0-E,Empresa Publica Nacional Estrategica Boliviana De Aviacion - Bo A,Bienes,CD,"(Gm-635) Compra De Producto Aeronáutico - Pn: 113a1160-3, Alt: 113a1160-1003",False,2026-09-07,,Contratado,Jaquelin Noemi Laime Quisbert (Telf: 4150000),,Cochabamba,D.S. 26688
26-0578-00-1684924-0-E,Empresa Publica Nacional Estrategica Boliviana De Aviacion - Bo A,Bienes,CD,(Ga-519) Compra De Producto Aeronáutico - Pn: 43-1307,False,2026-09-07,,Contratado,Jaquelin Noemi Laime Quisbert (Telf: 4150000),,Cochabamba,D.S. 26688
26-0578-00-1684928-0-E,Empresa Publica Nacional Estrategica Boliviana De Aviacion - Bo A,Bienes,CD,(Gm-619) Compra De Producto Aeronáutico- Pn: 860511-406ad,False,2026-09-07,,Contratado,Jaquelin Noemi Laime Quisbert (Telf: 4150000),,Cochabamba,D.S. 26688
26-0578-00-1684941-0-E,Empresa Publica Nacional Estrategica Boliviana De Aviacion - Bo A,Servicios Generales,CD,(Rep 6502) Contratación De Servicio De Reparación De Repuestos Lote 75,False,2026-09-07,,Contratado,Jaquelin Noemi Laime Quisbert (Telf: 4150000),,Cochabamba,D.S. 26688
26-0578-00-1685023-0-E,Empresa Publica Nacional Estrategica Boliviana De Aviacion - Bo A,Bienes,CD,(Da-285) Compra De Producto Aeronautico Pn: E63320-00,False,2026-09-07,,Contratado,Andrea Zulema Balderrama Bravo (Telf: 4150000),,Cochabamba,NB-SABS (D.S.0181)
26-0578-00-1685029-0-E,Empresa Publica Nacional Estrategica Boliviana De Aviacion - Bo A,Bienes,CD,(Gm-606) Compra De Producto Aeronautico Pn: 398908-5,False,2026-09-07,,Contratado,Andrea Zulema Balderrama Bravo (Telf: 4150000),,Cochabamba,NB-SABS (D.S.0181)
26-0578-00-1685034-0-E,Empresa Publica Nacional Estrategica Boliviana De Aviacion - Bo A,Bienes,CD,(Gm-625) Compra De Producto Aeronautico Pn: Sg8191-1,False,2026-09-07,,Contratado,Andrea Zulema Balderrama Bravo (Telf: 4150000),,Cochabamba,NB-SABS (D.S.0181)
26-0578-00-1685050-0-E,Empresa Publica Nacional Estrategica Boliviana De Aviacion - Bo A,Bienes,CD,(Da-292) Compra De Bolts Para Cambio Condicional En Tarea De Inspección A Los Winglets,False,2026-09-07,,Contratado,Andrea Zulema Balderrama Bravo (Telf: 4150000),,Cochabamba,NB-SABS (D.S.0181)
26-0578-00-1685059-0-E,Empresa Publica Nacional Estrategica Boliviana De Aviacion - Bo A,Bienes,CD,(Da-289) Compra De Producto Aeronautico Pn: 141a4810-59,False,2026-09-07,,Contratado,Andrea Zulema Balderrama Bravo (Telf: 4150000),,Cochabamba,NB-SABS (D.S.0181)
26-0578-00-1685068-0-E,Empresa Publica Nacional Estrategica Boliviana De Aviacion - Bo A,Bienes,CD,He-43) Compra De Producto Aeronautico Pn: Atietbb25,False,2026-09-07,,Contratado,Andrea Zulema Balderrama Bravo (Telf: 4150000),,Cochabamba,NB-SABS (D.S.0181)
26-0578-00-1686598-0-E,Empresa Publica Nacional Estrategica Boliviana De Aviacion - Bo A,Servicios Generales,CD,(Rep 6503) Contratación De Servicio De Reparaciones De Repuestos Lote 85,False,2026-09-07,,Contratado,Elizabeth Triveno Pedro (Telf: 4150000),,Cochabamba,D.S. 26688
26-0578-00-1686610-0-E,Empresa Publica Nacional Estrategica Boliviana De Aviacion - Bo A,Bienes,CD,"(Da-293) Compra De Producto Aeronáutico - Pn: Slr4169c7easp1, Slr4169c8easp1",False,2026-09-07,,Contratado,Jaquelin Noemi Laime Quisbert (Telf: 4150000),,Cochabamba,D.S. 26688
26-0584-00-1686589-1-1,Empresa Boliviana De Industrialización De Hidrocarburos,Bienes,CM,"Adquisicion De Bolsas De Empaque Para Fertilizantes Tipo Npk, De La Planta De Produccion De Fertilizantes Granulados - Cbba",False,2026-09-07,2026-09-11,Vigente,Fernando Julio Canaviri Paco (Telf: 4663214),,Cochabamba,NB-SABS (D.S.0181)
26-0586-00-1670484-2-1,"Empresa Azucarera San Buenaventura ""Easba""",Bienes,LP,Adquisicion De Azufre,True,2026-09-07,2026-09-28,Vigente,Jorge Jhasmany Villamor Rivero (Telf: 2145019),,La Paz,NB-SABS (D.S.0181)
26-0586-00-1681877-2-1,"Empresa Azucarera San Buenaventura ""Easba""",Bienes,ANPE,Adquisición De Repuestos Para Camiones De Transporte Scania (Segunda Convocatoria),True,2026-09-07,2026-09-14,Vigente,Victor Hugo Huanca Ali (Telf: 2145019),,La Paz,NB-SABS (D.S.0181)
26-0586-00-1686627-1-1,"Empresa Azucarera San Buenaventura ""Easba""",Bienes,ANPE,Adquisición De Baterias Para Cosechadoras Y Tractores Agricolas,True,2026-09-07,2026-09-14,Vigente,Jorge Jhasmany Villamor Rivero (Telf: 2145019),,La Paz,NB-SABS (D.S.0181)
26-0591-00-1686702-1-1,"Empresa Estatal De Transporte Por Cable ""Mi Teleferico""",Bienes,ANPP,Gom – Adquisición De Aceites Lubricantes Para El Accionamiento Principal De Las Líneas De La Eetc Mt,True,2026-09-07,2026-09-17,Vigente,Reynaldo Bertochi Martin (Telf: 2179300),,La Paz,NB-SABS (D.S.0181)
26-0597-00-1650280-0-E,Empresa Pública Nacional Estratégica De Yacimientos De Litio Bolivianos - Ylb,Servicios Generales,CD,Servicio De Alquiler De Volquetas Para Mantenimiento En General Y Operación De La Planta Industrial De Sales De Potasio Gestión 2026,False,2026-09-07,,Contratado,Laura Katherine Guerra Pomar (Telf: 2145711 - 2145724 ),,La Paz,NB-SABS (D.S.0181)
26-0600-00-1662335-2-1,Empresa Servicios Aereos Bolivianos,Bienes,ANPE,"Adquisicion De Computadoras De Escritorio E Impresoras Para Las Gerencias De Esabol 
Santa Cruz – Gestion 2026",True,2026-09-07,2026-09-15,Vigente,German Magne Chinche (Telf: 71527555),,Santa Cruz,NB-SABS (D.S.0181)
26-0633-00-1686607-0-E,Empresa Misicuni,Consultoria,CM,Contratación De Consultor Individual De Línea Profesional Ii En Redes (Sistemas Y Comunicaciones),False,2026-09-07,,Contratado,Daysi Marlene Cotjiri Ibarra (Telf: (591-4) 4256083-4307175),,Cochabamba,NB-SABS (D.S.0181)
26-0660-10-1675270-2-2,Direccion Administrativa Y Financiera - Organo Judicial - Potosi,Bienes,ANPE,Adquisicion De Camaras De Videoconferencia Panorámica 360° Para Reuniones Y Audiencias Virtuales,True,2026-09-07,2026-09-14,Vigente,Betty Condori Machaca (Telf: (591 - 2) 622 6409),,Potosi,NB-SABS (D.S.0181)
26-0660-13-1686531-0-E,Direccion Administrativa Y Financiera - Organo Judicial - La Paz,Consultoria,CM,"G26 - Jaf - Sasic Contratación De Tres (3) Consultores De Línea Técnico Iv Para Soporte Técnico En Hardware, Software Y Redes",False,2026-09-07,,Contratado,Edgar Tiburcio Quispe Copa (Telf: 2648500),,La Paz,NB-SABS (D.S.0181)
26-0660-14-1686686-1-1,Direccion Administrativa Y Financiera - Organo Judicial - Cochabamba,Bienes,ANPP,Adquisición De Equipos Informaticos - Organo Judicial De Cochabamba (Computador De Escritorio),True,2026-09-07,2026-09-21,Vigente,Rodrigo Hlara Villca (Telf: 4050074 - 71430604),,Cochabamba,NB-SABS (D.S.0181)
26-0670-00-1686721-0-E,Organo Electoral Plurinacional,Consultoria,CM,Servicio De Consultoría Por Producto - Segunda Revisión De Seguimiento Del Sistema De Gestión De Seguridad De La Información (Sgsi) Nb/Iso/Iec 27001:2023,False,2026-09-07,,Contratado,Maria Luisa Ticona Condori (Telf: 2424221 - 2410545),,La Paz,NB-SABS (D.S.0181)
26-0680-00-1685208-1-1,Contraloria General Del Estado ,Obras,ANPE,Mantenimiento De Infraestructura Edificio Gerencia Departamental De Pando,True,2026-09-07,2026-09-14,Vigente,Juan Carlos Mamani Quispe (Telf: 2177400),,La Paz,NB-SABS (D.S.0181)
26-0680-00-1686604-1-1,Contraloria General Del Estado ,Bienes,CM,Adquisicion De Toners Para Impresoras  Gerencia Departamental De Cochabamba,False,2026-09-07,2026-09-10,Vigente,Leticia Miranda Vargas (Telf: 2177400),,La Paz,NB-SABS (D.S.0181)
26-0681-00-1686542-1-1,Ministerio Publico,Bienes,ANPE,Adquisición De 100 Estantes Metalicos De 5 Bandejas Para El Ministerio Público,True,2026-09-07,2026-09-11,Vigente,Raul Aracena Rasguido (Telf: 6461606),,Chuquisaca,NB-SABS (D.S.0181)
26-0681-00-1686574-1-1,Ministerio Publico,Bienes,ANPP,Adquisición De 231 Impresoras Laser Monocromáticas Para El Ministerio Publico,True,2026-09-07,2026-09-18,Vigente,Raul Aracena Rasguido (Telf: 6461606),,Chuquisaca,NB-SABS (D.S.0181)
26-0681-00-1686679-1-1,Ministerio Publico,Bienes,ANPE,Adquisición De 9 Fotocopiadoras Para El Ministerio Publico,True,2026-09-07,2026-09-14,Vigente,Raul Aracena Rasguido (Telf: 6461606),,Chuquisaca,NB-SABS (D.S.0181)
26-0901-02-1686572-1-1,Servicio Departamental De Salud Chuquisaca,Bienes,CM,"Adquisicion De Revelador Manual, Fijador Manual Para El Servicio De Rayos X Del Instituto De Gastroenterologia Boliviano Japones Segundo Cuatrimestre Gestion 2026",False,2026-09-07,2026-09-10,Vigente,Alejandra Sequeiros Lora (Telf: 64-53147 - 64-54891),,Chuquisaca,NB-SABS (D.S.0181)
26-0901-02-1686606-1-1,Servicio Departamental De Salud Chuquisaca,Bienes,CNC,"Adquisicion De Solución De Glucosa 5% 500ml, Solucion Fisiologica 0.9% 500ml Y Complejo B (B1+B6+B12) Para El Instituto Nacional De Psiquiatría Gregorio Pacheco.",True,2026-09-07,2026-09-10,Vigente,Anahi Esther La Fuente Campos (Telf: 64-53147 - 64-54891),,Chuquisaca,Compro Hecho en Bolivia (D.S.4505)
26-0902-39-1686543-1-1,Hospital De La Mujer,Bienes,CM,Adquisición De Repuestos Y Accesorios Para Equipo Gasómetro Abl-800 Flex Y Microcentrífuga Human (Laboratorio),False,2026-09-07,2026-09-10,Vigente,Juan Carlos Layme Sullca (Telf: 2240096),,La Paz,NB-SABS (D.S.0181)
26-0902-40-1686196-1-1,"Hospital Del Niño  ""Dr. Ovidio Aliaga Uria""",Servicios Generales,CM,Servicio De Mantenimiento Y Reparación Infraestructura Unidad De Terapia Intensiva,False,2026-09-07,2026-09-10,Vigente,Cecilia Virginia Poma Quispe (Telf: 2245076),,La Paz,NB-SABS (D.S.0181)
26-0902-40-1686689-1-1,"Hospital Del Niño  ""Dr. Ovidio Aliaga Uria""",Servicios Generales,ANPE,Servicio De Mantenimiento De Infraestructura De La Unidad De Emergencias,True,2026-09-07,2026-09-14,Vigente,Ramiro Alanoca Alanoca (Telf: 2245076),,La Paz,NB-SABS (D.S.0181)
26-0903-13-1686697-1-1,Banco De Sangre De Referencia Departamental Cochabamba,Bienes,ANPE,Reactivo: Chagas Elisa X 96 Determinaciones O Su Equivalente,True,2026-09-07,2026-09-15,Vigente,Cinthia Heredia Soliz (Telf: 4664238),,Cochabamba,NB-SABS (D.S.0181)
26-0903-20-1686641-1-1,Hospital Villa Tunari,Bienes,ANPP,Adquisicion De Propofol Para El Hospital Villa Tunari-Sus,True,2026-09-07,2026-09-21,Vigente,Sonia Adrian Condori (Telf: 71727190),,Cochabamba,NB-SABS (D.S.0181)
26-0904-02-1672839-1-3,Servicio Departamental De Gestion Social - Oruro,Bienes,ANPE,"Adquisición De Material De Limpieza E Higiene Para Centros De Acogida, Centro De Reintegración Social Y Oficina Central Del Programa De Atención Integral A Centros De Acogida En El Departamento De Oruro, Se.De.Ge.S., Gestión 2026",True,2026-09-07,2026-09-14,Vigente,Gabriela Beatriz Gutierrez Beltran (Telf: -),,Oruro,NB-SABS (D.S.0181)
26-0904-02-1686565-1-1,Servicio Departamental De Gestion Social - Oruro,Bienes,CNC,Adquisicion De Alimentos Secos Para Los Centros Infantiles Del Programa Departamental De Apoyo A La Estimulacion Temprana Y Desarrollo Adolescente Se.De.Ge.S. Gestion 2026,True,2026-09-07,2026-09-11,Vigente,Gabriela Beatriz Gutierrez Beltran (Telf: -),,Oruro,Compro Hecho en Bolivia (D.S.4505)
26-0904-04-1686592-1-1,Hospital General San Juan De Dios,Bienes,CM,"""Adquisición De Equipos Industriales Para El Servicio De Nutrición De Hospital General San Juan De Dios Y Bloque Oruro-Corea""",False,2026-09-07,2026-09-10,Vigente,Ivan Angel Geronimo Morejon (Telf: 5275405),,Oruro,NB-SABS (D.S.0181)
26-0904-08-1686605-0-E,Banco De Sangre De Referencia Departamental Oruro,Servicios Generales,CD,Servicio De Publicidad En Medios De Comunicacion Televisivos Y Radiales,False,2026-09-07,,Contratado,Ruth Zegarra Tarqui (Telf: 5278000 ),,Oruro,NB-SABS (D.S.0181)
26-0905-01-1686461-0-E,Servicio Departamental De Gestion Social - Potosi,Consultoria,CM,Contratacion De Consultor Individual De Linea Educador/A Para El Centro De Acogida Santiago Mestrio (Caiza D) - Gestion 2026,False,2026-09-07,,Contratado,Milan Gregorio Chavez Sequeiros (Telf: 6222962 - 63018793),,Potosi,NB-SABS (D.S.0181)
26-0905-06-1686532-1-1,Servicio Departamental De Caminos - Potosi,Servicios Generales,CM,Mantenimiento Vial Manual Rutinario Para La Conservacion Del Camino Tramo: Acasio-Sakani,False,2026-09-07,2026-09-14,Vigente,Nelson Alberto Ortega Estrada (Telf: 6222061-61649000-77868349),,Potosi,NB-SABS (D.S.0181)
26-0905-06-1686677-1-1,Servicio Departamental De Caminos - Potosi,Servicios Generales,CM,Mantenimiento Vial Manual Rutinario Para La Conservacion Del Camino Tramo: San Pedro- A La Cruz - Surumi,False,2026-09-07,2026-09-14,Vigente,Nelson Alberto Ortega Estrada (Telf: 6222061-61649000-77868349),,Potosi,NB-SABS (D.S.0181)
26-0905-06-1686807-1-1,Servicio Departamental De Caminos - Potosi,Servicios Generales,CM,Mantenimiento Vial Manual Rutinario Para La Conservacion Del Camino Tramo: Cr. Huaylloma-San Pedro De Buena Vista,False,2026-09-07,2026-09-14,Vigente,Nelson Alberto Ortega Estrada (Telf: 6222061-61649000-77868349),,Potosi,NB-SABS (D.S.0181)
26-0905-06-1686819-1-1,Servicio Departamental De Caminos - Potosi,Servicios Generales,CM,Mantenimiento Vial Manual Rutinario Para La Conservacion Del Camino Tramo: Acasio Churitaca-Toro Toro,False,2026-09-07,2026-09-14,Vigente,Nelson Alberto Ortega Estrada (Telf: 6222061-61649000-77868349),,Potosi,NB-SABS (D.S.0181)
26-0905-06-1686824-1-1,Servicio Departamental De Caminos - Potosi,Servicios Generales,CM,Mantenimiento Vial Manual Rutinario Para La Conservacion Del Camino Tramo: Cr. Rt 001-Carma-Rosario-Cr Tr 005,False,2026-09-07,2026-09-14,Vigente,Nelson Alberto Ortega Estrada (Telf: 6222061-61649000-77868349),,Potosi,NB-SABS (D.S.0181)
26-0905-06-1686827-1-1,Servicio Departamental De Caminos - Potosi,Servicios Generales,CM,Mantenimiento Vial Manual Rutinario Para La Conservacion Del Camino Tramo: Limite Oruro-Macha-Colquechaca Prog. 0+000 A 11+000,False,2026-09-07,2026-09-14,Vigente,Nelson Alberto Ortega Estrada (Telf: 6222061-61649000-77868349),,Potosi,NB-SABS (D.S.0181)
26-0905-06-1686831-1-1,Servicio Departamental De Caminos - Potosi,Servicios Generales,CM,Manteminiemto Vial Manual Rutinario Para La Conservacion Del Camino Tramo: Limite Oruro-Macha-Colquechaca (Prog.11+000 A 22+000),False,2026-09-07,2026-09-14,Vigente,Nelson Alberto Ortega Estrada (Telf: 6222061-61649000-77868349),,Potosi,NB-SABS (D.S.0181)
26-0905-09-1686626-1-1,Hospital Daniel Bracamonte,Bienes,ANPE,"Pedido N° 213 Adquisicion De Medicamentos (Filgastrim, Ondasetron) Para El Hospital Daniel Bracamonte – Compra Anpe – Programa Cancer",True,2026-09-07,2026-09-11,Vigente,Juan Marcelo Villalpando Montoya (Telf: 6244961),,Potosi,NB-SABS (D.S.0181)
26-0905-09-1686637-1-1,Hospital Daniel Bracamonte,Bienes,ANPE,Adquisicion De Papel Quimico Continuo Troquelado De 91/2x11x3x51/2 Para La Unidad De Tesoreria Del Hospital Daniel Bracamonte - Gestion 2026,True,2026-09-07,2026-09-11,Vigente,Juan Marcelo Villalpando Montoya (Telf: 6244961),,Potosi,NB-SABS (D.S.0181)
26-0906-03-1686548-1-1,Servicio Departamental De Salud Tarija - Sedes,Bienes,CND1,Adquisición De Ropa De Trabajo Pantalones Para Personal Tecnico Del Programa Vectores,False,2026-09-07,2026-09-10,Vigente,Mariel Soraya Vacaflor Rodriguez (Telf: 4-6643257),,Tarija,Compro Hecho en Bolivia (D.S.4505)
26-0951-00-1685577-1-1,Banco Central De Bolivia - Bcb,Servicios Generales,ANPE,Servicio De Suscripción De Ia Para Desarrollo Y Testing,True,2026-09-07,2026-09-14,Vigente,Esperanza Mamani Mercado (Telf: 2409090),,La Paz,NB-SABS (D.S.0181)
26-1101-04-1686623-1-1,Hospital San Pedro Claver,Bienes,CM,Adquisición De Medicamentos De Uso Hospitalario (Albumina Humana) Para Farmacia Del Hospital San Pedro Claver Con Recursos Del (S.U.S.) Ley 1152.-28,False,2026-09-07,2026-09-10,Vigente,Julian Moises Flores Sola (Telf: 6451667),,Chuquisaca,NB-SABS (D.S.0181)
26-1101-04-1686629-1-1,Hospital San Pedro Claver,Bienes,CM,Adquisición De Medicamentos De Uso Hospitalario (Contraste Iodado) Para Farmacia Del Hospital San Pedro Claver Con Recursos Del (S.U.S.) Ley 1152.-71,False,2026-09-07,2026-09-10,Vigente,Julian Moises Flores Sola (Telf: 6451667),,Chuquisaca,NB-SABS (D.S.0181)
26-1101-05-1653764-1-2,Hospital Materno Infantil Poconas,Bienes,CM,Adquisicion De Insumos Medicos Del S.U.S. Del 2do Trimestre Para La Atencion De Pacientes Del Hospital Materno Infantil Poconas,False,2026-09-07,2026-09-14,Vigente,Maria Eugenia Gonzales Ramos (Telf: 64656185 46439769),,Chuquisaca,NB-SABS (D.S.0181)
26-1110-00-1686587-1-1,Gobierno Autonomo Municipal De Padilla,Bienes,CM,Adquisicion De Tuberias Hdpe Y Accesorios Para “Mejoramieto De Sistema De Agua - Comunidad De San Julian Alto Sector El Tablon”,False,2026-09-07,2026-09-10,Vigente,Oscar Rodas Mendoza (Telf: 71163650),,Chuquisaca,NB-SABS (D.S.0181)
26-1121-00-1686820-1-1,Gobierno Autonomo Municipal De Incahuasi,Consultoria,ANPE,Elaboración De Un [1] Plan De Negocios Para La Puesta En Marcha Centro De Transformación Del Aji En La Comunidad De Incahuasi - Municipio De Incahuasi,False,2026-09-07,2026-09-14,Vigente,Marcelo Flores Cano (Telf: 4-6937724),,Chuquisaca,NB-SABS (D.S.0181)
26-1201-00-1633807-2-1,Gobierno Autonomo Municipal De La Paz,Bienes,ANPE,"Adquisicion De Reparos, Chavetas, Correas, Retenes De Macero Y Filtros Hidraulicos Para El Mantenimiento Preventivo De Los Buses Del Setram Gestion 2026",True,2026-09-07,2026-09-14,Vigente,Nieves Estefani Mamani Choque (Telf: 2650000),,La Paz,NB-SABS (D.S.0181)
26-1201-00-1645351-2-1,Gobierno Autonomo Municipal De La Paz,Bienes,ANPE,Adquisicion De Baterias Para Buses Setram Gestion 2026,True,2026-09-07,2026-09-15,Vigente,Nieves Estefani Mamani Choque (Telf: 2650000),,La Paz,NB-SABS (D.S.0181)
26-1201-00-1673241-3-1,Gobierno Autonomo Municipal De La Paz,Obras,ANPE,Construccion Areas De Circulacion Peatonal Y Obras Complementarias Pasaje Coronel Valdez Entre Calle Mosok Raymi Y Calle Estensoro Zona Agua De La Vida Central,True,2026-09-07,2026-09-14,Vigente,David Andaluz Vasquez (Telf: 2650000),,La Paz,NB-SABS (D.S.0181)
26-1201-00-1677983-4-1,Gobierno Autonomo Municipal De La Paz,Obras,ANPE,Construccion Graderias Y Obras Complementarias Calle Merida Entre Calle Apolo Y Calle Victor Condori Zona Union Huaychani,True,2026-09-07,2026-09-14,Vigente,David Andaluz Vasquez (Telf: 2650000),,La Paz,NB-SABS (D.S.0181)
26-1201-00-1681612-3-2,Gobierno Autonomo Municipal De La Paz,Obras,ANPE,Reconstruccion Campo Deportivo Y Obras Complementarias Eq-7 Calle Agustin Saavedra Entre Avenida Lidia Gueiler Tejada Y Calle Yanacahi Zona Alto Miraflores Sector Mojon,True,2026-09-07,2026-09-14,Vigente,David Andaluz Vasquez (Telf: 2650000),,La Paz,NB-SABS (D.S.0181)
26-1201-00-1683110-2-1,Gobierno Autonomo Municipal De La Paz,Obras,ANPE,Construccion Impermeabilizacion De Talud Y Obras Complementarias Entre Calle Adolfo Ascarrunz Y Romecin Campos Zona Kantutani,True,2026-09-07,2026-09-14,Vigente,Nicolasa Rogelia Lucana Huallpa (Telf: 2650000),,La Paz,NB-SABS (D.S.0181)
26-1201-00-1686507-0-E,Gobierno Autonomo Municipal De La Paz,Obras,CD,Reconstruccion De Aceras Y Obras Complementarias Calle Rio Madera  Entre Calle Oceano Pacifico Y Calle 26 De Mayo Zona El Tejar,False,2026-09-07,,Contratado,Ilse Ivette Ticona Ticona (Telf: 2650000),,La Paz,NB-SABS (D.S.0181)
26-1201-00-1686515-1-1,Gobierno Autonomo Municipal De La Paz,Obras,ANPE,Reconstruccion Graderias Y Obras Complementarias Calle 3 Entre Calle B Y Calle 5 Zonas Virgen De Copacabana Y Viscachani,True,2026-09-07,2026-09-14,Vigente,Ana Maria Rios Lopez (Telf: 2650000),,La Paz,NB-SABS (D.S.0181)
26-1201-00-1686550-1-1,Gobierno Autonomo Municipal De La Paz,Bienes,CND1,Adquisicion De Pintura De Demarcacion Para El Mantenimiento De Unidades Educativas Del Macrodistrito I Cotahuma Gestion 2026,False,2026-09-07,2026-09-10,Vigente,Diana Viorel Quino Quispe (Telf: 2650000),,La Paz,Compro Hecho en Bolivia (D.S.4505)
26-1201-00-1686793-1-1,Gobierno Autonomo Municipal De La Paz,Obras,ANPE,Remodelacion Plaza Luis Uria Y Obras Complementarias Avenida Burgaleta Y Calle F.V. Burgaleta Zonas 27 De Abril Y Norte Copacabana,True,2026-09-07,2026-09-14,Vigente,Jerson Plata Quisbert (Telf: 2650000),,La Paz,NB-SABS (D.S.0181)
26-1202-00-1686555-1-1,Gobierno Autonomo Municipal De Palca,Bienes,CND1,Const. Sistema De Alcantarillado Com. Calchani - Adquisicion De Materiales,False,2026-09-07,2026-09-09,Vigente,Sofia Magali Usnayo Apaza (Telf: 73028516),,La Paz,Compro Hecho en Bolivia (D.S.4505)
26-1202-00-1686757-1-1,Gobierno Autonomo Municipal De Palca,Bienes,CND1,Const. Sistema De Riego Com. Atahuallani  - Palca (Adquisicion De Materiales),False,2026-09-07,2026-09-09,Vigente,Sofia Magali Usnayo Apaza (Telf: 73028516),,La Paz,Compro Hecho en Bolivia (D.S.4505)
26-1202-00-1686761-1-1,Gobierno Autonomo Municipal De Palca,Bienes,CM,Const. Casa Cultural Com. Tirata (Adquisicion De Materiales),False,2026-09-07,2026-09-10,Vigente,Sofia Magali Usnayo Apaza (Telf: 73028516),,La Paz,NB-SABS (D.S.0181)
26-1204-00-1677481-2-1,Gobierno Autónomo Municipal Ecológico Productivo De Achocalla,Bienes,ANPE,Mantenimiento De Alumbrado Publico (Adquisicion De Componentes Electricos Para El Mantenimiento De Alumbrado Publico),True,2026-09-07,2026-09-14,Vigente,Alvaro Chamizo Gutierrez (Telf: 2890084),,La Paz,NB-SABS (D.S.0181)
26-1204-00-1686635-1-1,Gobierno Autónomo Municipal Ecológico Productivo De Achocalla,Bienes,ANPE,Const. Sistema Agua Potable Z. Villa Alonzo Com. Pucarani - Achocalla (Fase Ii - Adq. De Materiales),True,2026-09-07,2026-09-14,Vigente,Alvaro Chamizo Gutierrez (Telf: 2890084),,La Paz,NB-SABS (D.S.0181)
26-1205-00-1669563-2-1,Gobierno Autonomo Municipal De El Alto,Bienes,ANPE,Adm. De Equipo Y Maquinaria Renovando Mi Ciudad Distrital (Repuestos Para Mantenimiento Preventivo Y Correctivo),True,2026-09-07,2026-09-14,Vigente,Yordy Brayan Callizaya Huanca (Telf: 2-837715),,La Paz,NB-SABS (D.S.0181)
26-1205-00-1670700-2-1,Gobierno Autonomo Municipal De El Alto,Bienes,ANPE,Adm. De Equipo Y Maquinaria Renovando Mi Ciudad Distrital (Adquisicion De Baterias Para Maquinaria Pesada),True,2026-09-07,2026-09-14,Vigente,Gonzaga Jimenez Fernandez (Telf: 2-837715),,La Paz,NB-SABS (D.S.0181)
26-1205-00-1681098-1-2,Gobierno Autonomo Municipal De El Alto,Bienes,ANPE,Servicios De Salud Universal Y Gratuita - Sus (Adquisicion De Material De Escritorio Para La Red De Salud Municipal Corea),True,2026-09-07,2026-09-14,Vigente,Antonio Torrez Mamani (Telf: 2-837715),,La Paz,NB-SABS (D.S.0181)
26-1206-00-1686809-1-1,Gobierno Autonomo Municipal De Viacha,Bienes,CM,Equipamiento Sub Alcaldía D-1 (Adquisicion De Computador De Escritorio),False,2026-09-07,2026-09-10,Vigente,Ruth Emelin Alcon Gomez (Telf: 2800006 - 2800508),,La Paz,NB-SABS (D.S.0181)
26-1226-00-1686356-1-1,Gobierno Autonomo Municipal De Sorata,Consultoria,ANPE,"Estudio De Diseño Tecnico De Preinversion Del Proyecto ""Construccion Sistema De Riego San Jose De Chuchulaya""",False,2026-09-07,2026-09-11,Vigente,Gabriela Rossy Vino Gonzales (Telf: 71569195),,La Paz,NB-SABS (D.S.0181)
26-1226-00-1686767-1-1,Gobierno Autonomo Municipal De Sorata,Bienes,CM,Adquisicion De Insumos Medicos Para El Centro De Salud Integral Sorata 3er Trimestre 2026,False,2026-09-07,2026-09-10,Vigente,Gabriela Rossy Vino Gonzales (Telf: 71569195),,La Paz,NB-SABS (D.S.0181)
26-1252-00-1686800-1-1,Gobierno Autonomo Municipal De Sapahaqui,Bienes,CNC,Adquisicion De Luminarias Para El Alumbrado Publico - Seccional,True,2026-09-07,2026-09-11,Vigente,David Flores Villca (Telf: 76224221),,La Paz,Compro Hecho en Bolivia (D.S.4505)
26-1253-00-1686614-1-1,Gobierno Autonomo Municipal De Yaco,Bienes,CND1,Mantenimiento Unidades Educativas - U.E.Daniel Gomez Garcia (Adq. De Material) D.S. 4505,False,2026-09-07,2026-09-09,Vigente,Milenka Shakira Mita Guzman (Telf: 71884204),,La Paz,Compro Hecho en Bolivia (D.S.4505)
26-1253-00-1686624-1-1,Gobierno Autonomo Municipal De Yaco,Bienes,CND1,Mantenimiento Unidades Educativas - U.E. Bambarillo (Adq. De Materiales) D.S. 4505,False,2026-09-07,2026-09-09,Vigente,Milenka Shakira Mita Guzman (Telf: 71884204),,La Paz,Compro Hecho en Bolivia (D.S.4505)
26-1256-00-1686530-1-1,Gobierno Autonomo Municipal De Chulumani,Bienes,CM,Adquisicion De Materiales De Construccion Para El Mejoramiento Mirador Chirca,False,2026-09-07,2026-09-10,Vigente,Ruben Jose Castaños Guzman (Telf: 6128868),,La Paz,NB-SABS (D.S.0181)
26-1261-00-1686200-1-1,Gobierno Autonomo Municipal De Pucarani,Bienes,CNC,Servicio De Salud Universal Y Gratuita - Sus (Adquisición De Medicamentos E Insumos Para El Centro De Salud Con Internación Lacaya 3 Er Trimestre Compro Hecho En Bolivia D.S. 4505),True,2026-09-07,2026-09-10,Vigente,Jhosimar Maquera Mamani (Telf: 2895164),,La Paz,Compro Hecho en Bolivia (D.S.4505)
26-1261-00-1686333-1-1,Gobierno Autonomo Municipal De Pucarani,Bienes,CNC,Servicio De Salud Universal Y Gratuita - Sus (Adquisición De Medicamentos E Insumos Para El Centro De Salud Aygachi 3 Er Trimestre Compro Hecho En Bolivia D.S. 4505),True,2026-09-07,2026-09-10,Vigente,Jhosimar Maquera Mamani (Telf: 2895164),,La Paz,Compro Hecho en Bolivia (D.S.4505)
26-1261-00-1686660-1-1,Gobierno Autonomo Municipal De Pucarani,Bienes,CNC,Servicio De Salud Universal Y Gratuita - Sus (Adquisición De Medicamentos E Insumos Para El Centro De Salud Palcoco 3 Er Trimestre Compro Hecho En Bolivia D.S. 4505),True,2026-09-07,2026-09-10,Vigente,Jhosimar Maquera Mamani (Telf: 2895164),,La Paz,Compro Hecho en Bolivia (D.S.4505)
26-1261-00-1686668-1-1,Gobierno Autonomo Municipal De Pucarani,Bienes,CNC,Servicio De Salud Universal Y Gratuita - Sus (Adquisición De Medicamentos E Insumos Para El Centro De Salud Chojasivi 3 Er Trimestre Compro Hecho En Bolivia D.S. 4505),True,2026-09-07,2026-09-10,Vigente,Jhosimar Maquera Mamani (Telf: 2895164),,La Paz,Compro Hecho en Bolivia (D.S.4505)
26-1261-00-1686676-1-1,Gobierno Autonomo Municipal De Pucarani,Bienes,CNC,Servicio De Salud Universal Y Gratuita - Sus (Adquisición De Medicamentos E Insumos Para El Centro De Salud Chiarpata 3 Er Trimestre Compro Hecho En Bolivia D.S. 4505),True,2026-09-07,2026-09-10,Vigente,Jhosimar Maquera Mamani (Telf: 2895164),,La Paz,Compro Hecho en Bolivia (D.S.4505)
26-1261-00-1686747-1-1,Gobierno Autonomo Municipal De Pucarani,Bienes,CNC,Servicio De Salud Universal Y Gratuita - Sus (Adquisición De Medicamentos E Insumos Para El Centro De Salud Ambulatorio Catavi 3 Er Trimestre Compro Hecho En Bolivia D.S. 4505),True,2026-09-07,2026-09-10,Vigente,Jhosimar Maquera Mamani (Telf: 2895164),,La Paz,Compro Hecho en Bolivia (D.S.4505)
26-1261-00-1686752-1-1,Gobierno Autonomo Municipal De Pucarani,Bienes,CNC,Servicio De Salud Universal Y Gratuita - Sus (Adquisición De Medicamentos E Insumos Para El Centro De Salud Con Internación Iquiaca 3 Er Trimestre Compro Hecho En Bolivia D.S. 4505),True,2026-09-07,2026-09-10,Vigente,Jhosimar Maquera Mamani (Telf: 2895164),,La Paz,Compro Hecho en Bolivia (D.S.4505)
26-1261-00-1686758-1-1,Gobierno Autonomo Municipal De Pucarani,Bienes,CNC,Servicio De Salud Universal Y Gratuita - Sus (Adquisición De Medicamentos E Insumos Para El Centro De Salud Ambulatorio De Cohana 3 Er Trimestre Compro Hecho En Bolivia D.S. 4505),True,2026-09-07,2026-09-10,Vigente,Jhosimar Maquera Mamani (Telf: 2895164),,La Paz,Compro Hecho en Bolivia (D.S.4505)
26-1261-00-1686760-1-1,Gobierno Autonomo Municipal De Pucarani,Bienes,CNC,Servicio De Salud Universal Y Gratuita - Sus (Adquisición De Medicamentos E Insumos Para El Centro De Salud Villa Vilaque 3 Er Trimestre Compro Hecho En Bolivia D.S. 4505),True,2026-09-07,2026-09-10,Vigente,Jhosimar Maquera Mamani (Telf: 2895164),,La Paz,Compro Hecho en Bolivia (D.S.4505)
26-1261-00-1686766-1-1,Gobierno Autonomo Municipal De Pucarani,Bienes,CNC,Servicio De Salud Universal Y Gratuita - Sus (Adquisición De Medicamentos E Insumos Para El Centro De Salud Patamanta 3 Er Trimestre Compro Hecho En Bolivia D.S. 4505),True,2026-09-07,2026-09-10,Vigente,Jhosimar Maquera Mamani (Telf: 2895164),,La Paz,Compro Hecho en Bolivia (D.S.4505)
26-1261-00-1686784-1-1,Gobierno Autonomo Municipal De Pucarani,Bienes,CNC,Servicio De Salud Universal Y Gratuita - Sus (Adquisición De Medicamentos E Insumos Para El Centro De Salud Corapata 3 Er Trimestre Compro Hecho En Bolivia D.S. 4505),True,2026-09-07,2026-09-10,Vigente,Jhosimar Maquera Mamani (Telf: 2895164),,La Paz,Compro Hecho en Bolivia (D.S.4505)
26-1261-00-1686786-1-1,Gobierno Autonomo Municipal De Pucarani,Bienes,CNC,Servicio De Salud Universal Y Gratuita - Sus (Adquisición De Medicamentos E Insumos Para El Hospital Municipal De Segundo Nivel - 3 Er Trimestre Compro Hecho En Bolivia D.S. 4505),True,2026-09-07,2026-09-10,Vigente,Jhosimar Maquera Mamani (Telf: 2895164),,La Paz,Compro Hecho en Bolivia (D.S.4505)
26-1265-00-1680960-1-1,Gobierno Autonomo Municipal De Coroico,Bienes,CM,Adquisición De Dispositivos Y Pruebas Test Para El Servicio De Laboratorio De Análisis Clinico Del Hospital General De Los Yungas Correspondiente Al Segundo Semestre De La Gestión 2026,False,2026-09-07,2026-09-11,Vigente,Zamira Danitza Pacheco Miranda (Telf: 72433394),,La Paz,NB-SABS (D.S.0181)
26-1282-00-1686569-1-1,Gobierno Autonomo Municipal De Santiago De Huata,Bienes,ANPE,Adquisicion De Materiales - Const. De Plaza Principal - Comunidad Iquicachi,False,2026-09-07,2026-09-11,Vigente,Adan Callisaya Mena (Telf: 71204823),,La Paz,NB-SABS (D.S.0181)
26-1301-00-1680389-2-1,Gobierno Autonomo Municipal De Cochabamba,Bienes,ANPP,Adquisición De Filtros De Correccion De Corrientes Armonicas En Red De Baja Tension Para El Hospital Del Norte Gestion 2026,True,2026-09-07,2026-09-21,Vigente,Cristhian Saul Urey Flores (Telf: 4258103- 4425810-4258030),,Cochabamba,NB-SABS (D.S.0181)
26-1301-00-1680792-2-1,Gobierno Autonomo Municipal De Cochabamba,Bienes,ANPE,Adquisición De Impresora Multifuncional E Impresora Para Credenciales,True,2026-09-07,2026-09-11,Vigente,Rodrigo Jose Lara Estivariz (Telf: 4258103- 4425810-4258030),,Cochabamba,NB-SABS (D.S.0181)
26-1301-00-1686575-1-1,Gobierno Autonomo Municipal De Cochabamba,Bienes,ANPP,Adquisicion De Alimentos Declarados Desiertos Para Hospitales De Segundo Nivel,True,2026-09-07,2026-09-21,Vigente,Cristhian Saul Urey Flores (Telf: 4258103- 4425810-4258030),,Cochabamba,NB-SABS (D.S.0181)
26-1301-00-1686594-1-1,Gobierno Autonomo Municipal De Cochabamba,Bienes,CND1,"Papel Bond Para Mcs
",False,2026-09-07,2026-09-09,Vigente,Jorge Israel Amurrio Ortiz (Telf: 4258103- 4425810-4258030),,Cochabamba,Compro Hecho en Bolivia (D.S.4505)
26-1301-00-1686631-1-1,Gobierno Autonomo Municipal De Cochabamba,Bienes,CM,Adquisicion De Instrumental Menor Para Los Establecimientos De Salud De La Red Cercado Gestion 2026,False,2026-09-07,2026-09-11,Vigente,Wilmer Garcia Arza (Telf: 4258103- 4425810-4258030),,Cochabamba,NB-SABS (D.S.0181)
26-1301-00-1686661-1-1,Gobierno Autonomo Municipal De Cochabamba,Bienes,CND1,"""Compra De Yeso De 40 Kg. B Para El Cementerio Gestion 2026""",False,2026-09-07,2026-09-09,Vigente,Daniel Gonzales Zenteno (Telf: 4258103- 4425810-4258030),,Cochabamba,Compro Hecho en Bolivia (D.S.4505)
26-1301-00-1686698-1-1,Gobierno Autonomo Municipal De Cochabamba,Bienes,ANPE,Adquisicion De Insumos Dentales Para La Red Cercado 2026 – Declarados Desiertos,True,2026-09-07,2026-09-15,Vigente,Cristhian Saul Urey Flores (Telf: 4258103- 4425810-4258030),,Cochabamba,NB-SABS (D.S.0181)
26-1302-00-1686591-0-E,Gobierno Autonomo Municipal De Quillacollo,Consultoria,CM,Consultor Individual De Linea (Profesional J- Ingeniero Civil E) Para La Unidad De Gestion Territorial Y Proyectos,False,2026-09-07,,Contratado,Helen Wendy Colque Flores (Telf: 4260338-79788572),,Cochabamba,NB-SABS (D.S.0181)
26-1302-00-1686628-0-E,Gobierno Autonomo Municipal De Quillacollo,Consultoria,CM,Consultor Individual  De Linea (Profesional J- Medico General 10) C.S. Gestion 2026,False,2026-09-07,,Contratado,Helen Wendy Colque Flores (Telf: 4260338-79788572),,Cochabamba,NB-SABS (D.S.0181)
26-1302-00-1686636-0-E,Gobierno Autonomo Municipal De Quillacollo,Consultoria,CM,Consultor Individual De Linea (Personal Apoyo C- Aux. En Enfermeria 11) C.S. Gestion 2026,False,2026-09-07,,Contratado,Helen Wendy Colque Flores (Telf: 4260338-79788572),,Cochabamba,NB-SABS (D.S.0181)
26-1302-00-1686642-0-E,Gobierno Autonomo Municipal De Quillacollo,Consultoria,CM,Consultor Individual De Linea (Profesional J- Medico General 5) C.S. Gestion 2026,False,2026-09-07,,Contratado,Helen Wendy Colque Flores (Telf: 4260338-79788572),,Cochabamba,NB-SABS (D.S.0181)
26-1303-00-1626291-3-1,Gobierno Autonomo Municipal De Sipe Sipe,Obras,LP,Const. Centro De Educación Especial 2 De Abril Sipe Sipe,True,2026-09-07,2026-09-28,Vigente,Ronald Paco Limachi (Telf: 4381932),,Cochabamba,NB-SABS (D.S.0181)
26-1303-00-1686779-1-1,Gobierno Autonomo Municipal De Sipe Sipe,Bienes,CM,Compra De Motocicleta Para La Direccion De Medio Ambiente Del Gobierno Autonomo Municipal De Sipe Sipe,False,2026-09-07,2026-09-10,Vigente,Hector Quispe Catacora (Telf: 4381932),,Cochabamba,NB-SABS (D.S.0181)
26-1303-00-1686783-1-1,Gobierno Autonomo Municipal De Sipe Sipe,Bienes,CM,"Compra De Equipos De Computacion Para Las Unidades Educativas Salto Playa, Loko Lokoni, Arrumiri Del
Gobierno Autonomo Municipal De Sipe Sipe""",False,2026-09-07,2026-09-10,Vigente,Marina Calle Jaillita (Telf: 4381932),,Cochabamba,NB-SABS (D.S.0181)
26-1305-00-1685719-1-1,Gobierno Autonomo Municipal De Vinto,Bienes,ANPE,"""Compra De Llantas Para La Pala Cargadora Mp-4 De La Direccion De Obras Publicas""",True,2026-09-07,2026-09-11,Vigente,Lizbeth Sanizo Condori (Telf: 4264420 - 4260150 - 4357352),,Cochabamba,NB-SABS (D.S.0181)
26-1306-00-1678324-2-1,Gobierno Autonomo Municipal De Colcapirhua,Servicios Generales,ANPE,"“Servicio De Tornería Para La Motoniveladora Ep-05, Oruga Ep-24, Mixer Pmc -05 Y Volqueta V-13 Del Gobierno Autónomo Municipal De Colcapirhua”",True,2026-09-07,2026-09-15,Vigente,David Paniagua Flores (Telf: 4269985),,Cochabamba,NB-SABS (D.S.0181)
26-1307-00-1686789-1-1,Gobierno Autonomo Municipal De Aiquile,Bienes,CND1,Adquisicion De Material De Limpieza Para La Planta De Transformacion De Cereales,False,2026-09-07,2026-09-09,Vigente,Sonia Cardozo Rodriguez (Telf: 4343303-4343100),,Cochabamba,Compro Hecho en Bolivia (D.S.4505)
26-1312-00-1686695-1-1,Gobierno Autonomo Municipal De Sacaba,Obras,ANPP,Const. Pavimento Zona Sudoeste Distrito 2 (Pav. Flexible Otb Concordia),True,2026-09-07,2026-09-21,Vigente,Richard Quelca Ledezma (Telf: 4702301),,Cochabamba,NB-SABS (D.S.0181)
26-1312-00-1686770-1-1,Gobierno Autonomo Municipal De Sacaba,Obras,ANPE,Mej. Plaza Otb Villa Barrientos Distrito 3 (Aceras Y Cordones),True,2026-09-07,2026-09-15,Vigente,Alejandro Cabrera Apaza (Telf: 4702301),,Cochabamba,NB-SABS (D.S.0181)
26-1312-00-1686778-1-1,Gobierno Autonomo Municipal De Sacaba,Bienes,CND1,Mantenimiento Y Mejoramiento De Infraestructuras Educativas (U.E. Alto Sacaba Distrito Lava Lava - Adq. De Cemento),False,2026-09-07,2026-09-10,Vigente,Richard Quelca Ledezma (Telf: 4702301),,Cochabamba,Compro Hecho en Bolivia (D.S.4505)
26-1315-00-1686764-0-E,Gobierno Autonomo Municipal De Punata,Obras,CD,"Const. Perforación Pozo Para Sistema De Agua Potable Jv. 11, D1",False,2026-09-07,,Contratado,Jose Antonio Requiz Fuentes (Telf: 4577021),,Cochabamba,NB-SABS (D.S.0181)
26-1334-00-1686602-1-1,Gobierno Autonomo Municipal De Chimore,Bienes,ANPE,Adquisición De Carpas Y Sus Estructuras Metalicas Para Ferias Productivas En El Gam Chimore,True,2026-09-07,2026-09-11,Vigente,Eduardo Lopez Meruvia (Telf: 44136218),,Cochabamba,NB-SABS (D.S.0181)
26-1334-00-1686650-1-1,Gobierno Autonomo Municipal De Chimore,Bienes,ANPE,Adquisición De Material De Imprenta Para El C.S.I. San Juan De Dios Y Centros De Salud Del Municipio De Chimore,True,2026-09-07,2026-09-11,Vigente,Eduardo Lopez Meruvia (Telf: 44136218),,Cochabamba,NB-SABS (D.S.0181)
26-1334-00-1686823-1-1,Gobierno Autonomo Municipal De Chimore,Bienes,ANPE,Adquisición De Contenedores Tipo Hexagonales De 5 M3,True,2026-09-07,2026-09-11,Vigente,Eduardo Lopez Meruvia (Telf: 44136218),,Cochabamba,NB-SABS (D.S.0181)
26-1335-00-1686651-1-1,Gobierno Autonomo Municipal De Puerto Villarroel,Bienes,CM,Compra De Sueros Antiofidicos Para El Sus Gestion 2026,False,2026-09-07,2026-09-10,Vigente,Giovana Vallejos Montaño (Telf: 44136281),,Cochabamba,NB-SABS (D.S.0181)
26-1339-00-1686790-1-1,Gobierno Autonomo Municipal De Tacopaya,Bienes,CND1,Compra De Alimentos Frescos Correspondiente Al Mes De Septiembre Para El Internado Rural Ventilla,False,2026-09-07,2026-09-09,Vigente,Miguelina Choque Nina (Telf: 71400523),,Cochabamba,Compro Hecho en Bolivia (D.S.4505)
26-1339-00-1686794-1-1,Gobierno Autonomo Municipal De Tacopaya,Bienes,CND1,Compra De Alimentos Frescos Correspondiente Al Mes De Septiembre Para El Internado Rural Totora Pampa,False,2026-09-07,2026-09-09,Vigente,Miguelina Choque Nina (Telf: 71400523),,Cochabamba,Compro Hecho en Bolivia (D.S.4505)
26-1411-00-1686802-1-1,Gobierno Autonomo Municipal De Eucaliptus,Bienes,CNC,"Compra De Alimento Complementario ""Carmelo"" (Segundo Semestre) Para El C.S.I. De Eucaliptus",True,2026-09-07,2026-09-11,Vigente,Jose Luis Maldonado Martinez (Telf: 65418317),,Oruro,Compro Hecho en Bolivia (D.S.4505)
26-1412-00-1683517-1-2,Gobierno Autonomo Municipal De Santiago De Huari,Bienes,CM,"Adquisición De Tintas (Impresoras), Para Las Unidades Educativas Del Municipio Santiago De Huari",False,2026-09-07,2026-09-10,Vigente,Noemi Ivanoe Vallejos Salgado (Telf: 73817728),,Oruro,NB-SABS (D.S.0181)
26-1417-00-1686821-1-1,Gobierno Autonomo Municipal De Turco,Bienes,CNC,Adquisicion De Medicamentos Para El Centro Y Puestos De Salud Del Municipio De Turco,True,2026-09-07,2026-09-11,Vigente,Israel Mauricio Castillo Averanga (Telf: 70114035),,Oruro,Compro Hecho en Bolivia (D.S.4505)
26-1435-00-1686638-1-1,Gobierno Autonomo Municipal De Soracachi,Bienes,CND1,Adq. Materiales De Construccion Proyecto “Const. Dos Aulas U. E. Mariscal De Ayacucho Huayña Pasto Chico”,False,2026-09-07,2026-09-09,Vigente,Celso Cruz Mamani (Telf: 76980205),,Oruro,Compro Hecho en Bolivia (D.S.4505)
26-1501-00-1686520-1-1,Gobierno Autonomo Municipal De Potosi,Obras,LP,Const. Parque Recreacional Pary Orko,True,2026-09-07,2026-09-29,Vigente,Ines Quispe Rojas (Telf: 26226200),,Potosi,NB-SABS (D.S.0181)
26-1501-00-1686611-0-E,Gobierno Autonomo Municipal De Potosi,Servicios Generales,CD,Servicio De Promocion Cultural Para La Transmision De La Festividad De Chutillos 2026-Festividad Chutillos Md,False,2026-09-07,,Contratado,Erick Roger Peredo Cabrera (Telf: 26226200),,Potosi,NB-SABS (D.S.0181)
26-1501-00-1686620-0-E,Gobierno Autonomo Municipal De Potosi,Servicios Generales,CD,Servicio De Sonido E Iluminacion Para El Desarrollo De La Festividad De Chutillos 2026-Festividad Chutillos Md,False,2026-09-07,,Contratado,Erick Roger Peredo Cabrera (Telf: 26226200),,Potosi,NB-SABS (D.S.0181)
26-1501-00-1686669-1-1,Gobierno Autonomo Municipal De Potosi,Obras,LP,Ampl. Centro De Capacitacion Las Delicias D-9,True,2026-09-07,2026-09-29,Vigente,Ines Quispe Rojas (Telf: 26226200),,Potosi,NB-SABS (D.S.0181)
26-1501-00-1686811-1-1,Gobierno Autonomo Municipal De Potosi,Obras,ANPP,Const. Baño Publico J.V. Concepcion D-3,True,2026-09-07,2026-09-18,Vigente,Ines Quispe Rojas (Telf: 26226200),,Potosi,NB-SABS (D.S.0181)
26-1501-05-1684902-1-1,Dirección Técnica Municipal De Salud,Bienes,CM,Adquisicion De Material Para Infraestructura Para El Centro De Salud Ambulatorio San Pedro,False,2026-09-07,2026-09-10,Vigente,Karla Carvajal Villa (Telf: 2 6231337),,Potosi,NB-SABS (D.S.0181)
26-1507-00-1686828-1-1,Gobierno Autonomo Municipal De Llallagua,Bienes,CNC,"""Apoyo Al Funcionamiento De Salud Segundo Nivel"" (Adquisición De Medicamentos Pacientes Particulares Hospital De Segundo Nivel Madre Obrera Municipio De Llallagua 2026)",True,2026-09-07,2026-09-11,Vigente,Silvia Aro Cabrera (Telf: 5822817),,Potosi,Compro Hecho en Bolivia (D.S.4505)
26-1515-00-1686756-1-1,Gobierno Autonomo Municipal De San Pedro De Buena Vista,Bienes,CM,"Compra De Material De Escritorio, Material De Limpieza, Papel Y Otros Para El G.A.M. San Pedro De Buena Vista En El Marco Del D.S. 0181 (Desiertos 4505)",False,2026-09-07,2026-09-10,Vigente,David Pillco Atanacio (Telf: 75422997),,Potosi,NB-SABS (D.S.0181)
26-1515-00-1686792-1-1,Gobierno Autonomo Municipal De San Pedro De Buena Vista,Consultoria,LP,Auditoria Externa Financiera Para Proyecto De Convenio Cartera Iv Financiado Por Fdi,False,2026-09-07,2026-09-29,Vigente,David Pillco Atanacio (Telf: 75422997),,Potosi,Otra Normativa especifica nacional
26-1517-00-1686751-0-E,Gobierno Autonomo Municipal De Cotagaita,Consultoria,CM,Contratación De Servicio De Consultoría Individual De Línea Bioquímico C.S. Cotagaita.,False,2026-09-07,,Contratado,Vladimir Santos Barroso Ricalde (Telf: 06949155),,Potosi,NB-SABS (D.S.0181)
26-1521-00-1686674-1-1,"Gobierno Autonomo Municipal De Colcha""K"" (Villa Martin)",Bienes,ANPE,Adquisicion De Luminarias Publicas Para El Gam Ck,True,2026-09-07,2026-09-11,Vigente,Nicol Graciela Choque Gonzales (Telf: +591-69654122),,Potosi,NB-SABS (D.S.0181)
26-1526-00-1686393-1-1,Gobierno Autonomo Municipal De Sacaca (Villa De Sacaca),Bienes,ANPE,Servicios De Salud Universal Y Gratuita - Sus (Adquisición De Impresión De Recibos Recetarios De Atención Ambulatoria Para Los Establecimientos De Salud De La Red De Servicios De Salud Municipal Safci Sacaca),True,2026-09-07,2026-09-14,Vigente,Nelson Gabriel Chambi (Telf: 67948479),,Potosi,NB-SABS (D.S.0181)
26-1528-00-1686817-1-1,Gobierno Autonomo Municipal De Puna (Villa Talavera),Bienes,CNC,Adquisición De Medicamentos De La Ley 1152(S.U.S.) Para La Red De Servicios De Salud Municipal Safci-Puna Gestión 2026 (D.S 4505) Segunda Compra.,True,2026-09-07,2026-09-14,Vigente,Humberto Kelcasi Choque (Telf: 61990077),,Potosi,Compro Hecho en Bolivia (D.S.4505)
26-1536-00-1686647-1-1,Gobierno Autonomo Municipal De Tahua,Servicios Generales,CM,Consultoria Por Producto Para La Inventariacion Y Sistematizacion De Activo Fijo Institucional,False,2026-09-07,2026-09-10,Vigente,Claudia Ximena Colque Choque (Telf: 68316952),,Potosi,NB-SABS (D.S.0181)
26-1601-00-1686772-1-1,Gobierno Autonomo Municipal De Tarija,Bienes,CNC,Adquisición Del Complemento Nutricional Carmelo Con Quinua Para La Adulta Y El Adulto Mayor De La Provincia Cercado Segundo Semestre Gestión 2026  ,True,2026-09-07,2026-09-10,Vigente,Marisol Baldiviezo Rodriguez (Telf: 6643211 - 6643213),,Tarija,Compro Hecho en Bolivia (D.S.4505)
26-1604-00-1686717-1-1,Gobierno Autonomo Municipal De Yacuiba,Bienes,ANPP,Adquisicion De Medicamentos E Insumos Para Asistir A Pacientes Que Acuden Al Tratamiento De Hemodialisis Del Hospital Municipal Dr. Ruben Zelaya,True,2026-09-07,2026-09-18,Vigente,Walter German Sellis Mercado (Telf: 46822024),,Tarija,NB-SABS (D.S.0181)
26-1605-00-1686582-1-1,Gobierno Autonomo Municipal De Carapari,Bienes,CNC,Adquisicion De Medicamentos Esenciales Para La Red De Salud- Compra Nº 2,True,2026-09-07,2026-09-11,Vigente,Ingrid Zulema Choque Cruz (Telf: 046136032),,Tarija,Compro Hecho en Bolivia (D.S.4505)
26-1701-00-1686630-1-1,Gobierno Autonomo Municipal De Santa Cruz De La Sierra,Bienes,CM,"Adquisicion De Aires Acondicionados Para El Centro De Salud Bolinter, Sms.",False,2026-09-07,2026-09-10,Vigente,Maria Victoria Aldunate Pinto (Telf: Ver Convocatoria y/o DBC. ),,Santa Cruz,NB-SABS (D.S.0181)
26-1701-14-1686315-1-1,Unidad Operativa Desconcentrada De Alumbrado Publico,Bienes,LP,"Adquisicion De Luminarias Led Para Dotacion En El Municipio De Santa Cruz De La Sierra, Uodap",True,2026-09-07,2026-10-01,Vigente,Clive Khalid Montaño Canelas (Telf: 3346-6464),,Santa Cruz,NB-SABS (D.S.0181)
26-1703-00-1685641-0-E,Gobierno Autonomo Municipal De Ayacucho (Porongo),Consultoria,CM,Medico Pediatra,False,2026-09-07,,Contratado,Viznney Saavedra Paniagua (Telf: 3888227),,Santa Cruz,NB-SABS (D.S.0181)
26-1703-00-1685653-0-E,Gobierno Autonomo Municipal De Ayacucho (Porongo),Consultoria,CM,Medico Responsable Del Centro De Salud Los Batos,False,2026-09-07,,Contratado,Viznney Saavedra Paniagua (Telf: 3888227),,Santa Cruz,NB-SABS (D.S.0181)
26-1703-00-1686596-0-E,Gobierno Autonomo Municipal De Ayacucho (Porongo),Consultoria,CM,Chofer De Microbus V,False,2026-09-07,,Contratado,Carol Nicol Rodriguez Soliz (Telf: 3888227),,Santa Cruz,NB-SABS (D.S.0181)
26-1703-00-1686619-0-E,Gobierno Autonomo Municipal De Ayacucho (Porongo),Consultoria,CM,Medico Responsable Del Centro De Salud San Juan Bautista,False,2026-09-07,,Contratado,Viznney Saavedra Paniagua (Telf: 3888227),,Santa Cruz,NB-SABS (D.S.0181)
26-1703-00-1686657-0-E,Gobierno Autonomo Municipal De Ayacucho (Porongo),Consultoria,CM,Bioquimica (Ii) C.S.S.J.B,False,2026-09-07,,Contratado,Viznney Saavedra Paniagua (Telf: 3888227),,Santa Cruz,NB-SABS (D.S.0181)
26-1703-00-1686681-0-E,Gobierno Autonomo Municipal De Ayacucho (Porongo),Consultoria,CM,Bioquimico (I) Santa Fe,False,2026-09-07,,Contratado,Viznney Saavedra Paniagua (Telf: 3888227),,Santa Cruz,NB-SABS (D.S.0181)
26-1703-00-1686685-1-1,Gobierno Autonomo Municipal De Ayacucho (Porongo),Obras,ANPP,Mejoramiento De Camino Por Puntos Y Tramos Con Ripio Tramo Azrael Pinto - Cementerio Las Playitas,True,2026-09-07,2026-09-18,Vigente,Luis Carlos Mendez Eguez (Telf: 3888227),,Santa Cruz,NB-SABS (D.S.0181)
26-1703-00-1686692-0-E,Gobierno Autonomo Municipal De Ayacucho (Porongo),Consultoria,CM,Auxiliar De Farmacia  (I) Los Batos,False,2026-09-07,,Contratado,Viznney Saavedra Paniagua (Telf: 3888227),,Santa Cruz,NB-SABS (D.S.0181)
26-1703-00-1686693-0-E,Gobierno Autonomo Municipal De Ayacucho (Porongo),Consultoria,CM,Medico Responsable Del Centro De Salud Terebinto,False,2026-09-07,,Contratado,Viznney Saavedra Paniagua (Telf: 3888227),,Santa Cruz,NB-SABS (D.S.0181)
26-1703-00-1686699-0-E,Gobierno Autonomo Municipal De Ayacucho (Porongo),Consultoria,CM,Medico Responsable Del Centro De Salud Nueva Palestina,False,2026-09-07,,Contratado,Viznney Saavedra Paniagua (Telf: 3888227),,Santa Cruz,NB-SABS (D.S.0181)
26-1703-00-1686700-1-1,Gobierno Autonomo Municipal De Ayacucho (Porongo),Obras,ANPP,Mej. Centro De Capacitacion Comunidad Villa Guadalupe,True,2026-09-07,2026-09-18,Vigente,Luis Carlos Mendez Eguez (Telf: 3888227),,Santa Cruz,NB-SABS (D.S.0181)
26-1703-00-1686705-0-E,Gobierno Autonomo Municipal De Ayacucho (Porongo),Consultoria,CM,Responsable Del Sistema Salmi Y Estadistica,False,2026-09-07,,Contratado,Viznney Saavedra Paniagua (Telf: 3888227),,Santa Cruz,NB-SABS (D.S.0181)
26-1703-00-1686707-0-E,Gobierno Autonomo Municipal De Ayacucho (Porongo),Consultoria,CM,Auxiliar De Farmacia  (Ii),False,2026-09-07,,Contratado,Viznney Saavedra Paniagua (Telf: 3888227),,Santa Cruz,NB-SABS (D.S.0181)
26-1703-00-1686715-0-E,Gobierno Autonomo Municipal De Ayacucho (Porongo),Consultoria,CM,Responsable De  Laboratorio,False,2026-09-07,,Contratado,Viznney Saavedra Paniagua (Telf: 3888227),,Santa Cruz,NB-SABS (D.S.0181)
26-1703-00-1686718-0-E,Gobierno Autonomo Municipal De Ayacucho (Porongo),Consultoria,CM,Auxiliar De Farmacia  (Iii),False,2026-09-07,,Contratado,Viznney Saavedra Paniagua (Telf: 3888227),,Santa Cruz,NB-SABS (D.S.0181)
26-1703-00-1686728-0-E,Gobierno Autonomo Municipal De Ayacucho (Porongo),Consultoria,CM,Regente De Farmacia Institucional Municipal,False,2026-09-07,,Contratado,Viznney Saavedra Paniagua (Telf: 3888227),,Santa Cruz,NB-SABS (D.S.0181)
26-1703-00-1686730-0-E,Gobierno Autonomo Municipal De Ayacucho (Porongo),Consultoria,CM,Auxiliar De Farmacia  (Iv),False,2026-09-07,,Contratado,Viznney Saavedra Paniagua (Telf: 3888227),,Santa Cruz,NB-SABS (D.S.0181)
26-1703-00-1686742-0-E,Gobierno Autonomo Municipal De Ayacucho (Porongo),Consultoria,CM,Medico Ecografista,False,2026-09-07,,Contratado,Viznney Saavedra Paniagua (Telf: 3888227),,Santa Cruz,NB-SABS (D.S.0181)
26-1703-00-1686745-0-E,Gobierno Autonomo Municipal De Ayacucho (Porongo),Consultoria,CM,Auxiliar De Farmacia  (V),False,2026-09-07,,Contratado,Viznney Saavedra Paniagua (Telf: 3888227),,Santa Cruz,NB-SABS (D.S.0181)
26-1703-00-1686759-0-E,Gobierno Autonomo Municipal De Ayacucho (Porongo),Consultoria,CM,Auxiliar De Farmacia  Institucional Municipal Ii,False,2026-09-07,,Contratado,Viznney Saavedra Paniagua (Telf: 3888227),,Santa Cruz,NB-SABS (D.S.0181)
26-1703-00-1686765-0-E,Gobierno Autonomo Municipal De Ayacucho (Porongo),Consultoria,CM,Tecnico Del Sus,False,2026-09-07,,Contratado,Viznney Saavedra Paniagua (Telf: 3888227),,Santa Cruz,NB-SABS (D.S.0181)
26-1703-00-1686769-0-E,Gobierno Autonomo Municipal De Ayacucho (Porongo),Consultoria,CM,Secretaria De La Jefatura Administrativa De Salud,False,2026-09-07,,Contratado,Viznney Saavedra Paniagua (Telf: 3888227),,Santa Cruz,NB-SABS (D.S.0181)
26-1703-00-1686777-0-E,Gobierno Autonomo Municipal De Ayacucho (Porongo),Consultoria,CM,Medico General (I) Porongo,False,2026-09-07,,Contratado,Viznney Saavedra Paniagua (Telf: 3888227),,Santa Cruz,NB-SABS (D.S.0181)
26-1703-00-1686781-0-E,Gobierno Autonomo Municipal De Ayacucho (Porongo),Consultoria,CM,Medico  General (Ii) Porongo,False,2026-09-07,,Contratado,Viznney Saavedra Paniagua (Telf: 3888227),,Santa Cruz,NB-SABS (D.S.0181)
26-1705-00-1683981-1-2,Gobierno Autonomo Municipal De El Torno,Bienes,CM,Adquisicion De Material Deportivo Para Las Escuelas Municipales De Nuestro Municipio De El Torno Gestion 2026,False,2026-09-07,2026-09-10,Vigente,Dunia Rios Flores (Telf: 3822132 - 3822164),,Santa Cruz,NB-SABS (D.S.0181)
26-1705-00-1686720-1-1,Gobierno Autonomo Municipal De El Torno,Bienes,CM,"Adquisicion De Material Deportivo Para Los Xxi Juegos Estudiantiles Municipales ""Integracion Hormiguita 2026"" Nivel Inicial",False,2026-09-07,2026-09-10,Vigente,Dunia Rios Flores (Telf: 3822132 - 3822164),,Santa Cruz,NB-SABS (D.S.0181)
26-1706-00-1686310-0-E,Gobierno Autonomo Municipal De Warnes,Obras,CD,"""Refacción Y Mantenimiento De Parques Infantiles Uv-9 Gran Paititi, Comunidad San Marino, Comunidad Copaibo""",False,2026-09-07,,Contratado,Celina Suarez Guevara (Telf: 923-2055),,Santa Cruz,NB-SABS (D.S.0181)
26-1706-00-1686682-0-E,Gobierno Autonomo Municipal De Warnes,Obras,CD,"""Mantenimiento Y Reparación C.S. Guajojo Y C.S. Gran Paititi""",False,2026-09-07,,Contratado,Celina Suarez Guevara (Telf: 923-2055),,Santa Cruz,NB-SABS (D.S.0181)
26-1713-00-1686554-1-1,Gobierno Autonomo Municipal De San Jose De Chiquitos,Obras,ANPE,Ampl. Cancha De Futbol 11 Barrio El Suto,True,2026-09-07,2026-09-11,Vigente,Juan Carlos Montero Paz (Telf: 3-9722084),,Santa Cruz,NB-SABS (D.S.0181)
26-1723-00-1686527-1-1,Gobierno Autonomo Municipal De Camiri,Obras,ANPP,Construccon Pavimento Articulado Calle Curupau Otb 7 De Septiembre,True,2026-09-07,2026-09-17,Vigente,Miguel Angel Martinez Padilla (Telf: 39523252),,Santa Cruz,NB-SABS (D.S.0181)
26-1723-00-1686774-1-1,Gobierno Autonomo Municipal De Camiri,Obras,ANPP,Construccion Muro De Contencion H°C° Campo Deportivo Abel Iturralde,True,2026-09-07,2026-09-17,Vigente,Miguel Angel Martinez Padilla (Telf: 39523252),,Santa Cruz,NB-SABS (D.S.0181)
26-1734-00-1686671-1-1,Gobierno Autonomo Municipal De Montero,Bienes,CND1,Computadora De Escritorio Para El Bth.,False,2026-09-07,2026-09-09,Vigente,Marisely Paniagua Caballero (Telf: 9220022 -),,Santa Cruz,Compro Hecho en Bolivia (D.S.4505)
26-1739-00-1686561-0-E,Gobierno Autonomo Municipal De San Julian,Servicios Generales,CD,Contratacion De Seguros Para El Gam San Julian,False,2026-09-07,,Contratado,Maria Liceth Vaca Picha (Telf: 39658002 - 60919566),,Santa Cruz,NB-SABS (D.S.0181)
26-1739-00-1686714-1-1,Gobierno Autonomo Municipal De San Julian,Bienes,CND1,Adquisicion De Equipos Medicos Para El Centro De Salud Tajibo (Industria Nacional),False,2026-09-07,2026-09-10,Vigente,Vania Equise Chura (Telf: 39658002 - 60919566),,Santa Cruz,Compro Hecho en Bolivia (D.S.4505)
26-1741-00-1686797-1-1,Gobierno Autonomo Municipal De Comarapa,Bienes,CNC,Provisión De Productos Secos Para La Alimentación Complementaria Escolar De Unidades Educativas Del Municipio De Comarapa Gestión 2026 (Compra 3),True,2026-09-07,2026-09-10,Vigente,Teddy Mauricio Rojas Rojas (Telf: 71061555),,Santa Cruz,Compro Hecho en Bolivia (D.S.4505)
26-1753-00-1683269-2-1,Gobierno Autonomo Municipal Fernandez Alonzo,Bienes,ANPE,"Adquisición De Filtros Para La Motoniveladora Cat 120h, Retroexcavadora Cat 416 Y Excavadora 320 Gc",True,2026-09-07,2026-09-11,Vigente,Karen Joseh Calizaya Rivera (Telf: -),,Santa Cruz,NB-SABS (D.S.0181)
26-1753-00-1686801-1-1,Gobierno Autonomo Municipal Fernandez Alonzo,Bienes,CM,"Adquisicion De Materiales Deportivos D-1, D-2 Y D-3",False,2026-09-07,2026-09-10,Vigente,Karen Joseh Calizaya Rivera (Telf: -),,Santa Cruz,NB-SABS (D.S.0181)
26-1801-00-1641256-0-E,Gobierno Autonomo Municipal De Santisima Trinidad,Consultoria,CM,Consultor Individual De Linea - Administrativo I - Bioquimico Farmaceutico - Centro De Salud 12 De Abril,False,2026-09-07,,Contratado,Schefri Pinto Rocha (Telf: 4621322 - 4620447),,Beni,NB-SABS (D.S.0181)
26-1801-00-1685756-0-E,Gobierno Autonomo Municipal De Santisima Trinidad,Consultoria,CM,Consultor Individual De Linea - Administrativo I - Bioquimico Laboratorio - Centro De Salud 30 De Julio - 3,False,2026-09-07,,Contratado,Eulis Cuellar Cardona (Telf: 4621322 - 4620447),,Beni,NB-SABS (D.S.0181)
26-1801-00-1685948-0-E,Gobierno Autonomo Municipal De Santisima Trinidad,Consultoria,CM,Consultor Individual De Linea - Administrativo I - Bioquimico Laboratorio - Centro De Salud 30 De Julio - 2,False,2026-09-07,,Contratado,Eulis Cuellar Cardona (Telf: 4621322 - 4620447),,Beni,NB-SABS (D.S.0181)
26-1801-00-1686545-0-E,Gobierno Autonomo Municipal De Santisima Trinidad,Consultoria,CM,Consultor Individual De Linea – Profesional Iii – Medico General - Centro De Salud Nueva Jerusalen,False,2026-09-07,,Contratado,Eulis Cuellar Cardona (Telf: 4621322 - 4620447),,Beni,NB-SABS (D.S.0181)
26-1801-00-1686549-0-E,Gobierno Autonomo Municipal De Santisima Trinidad,Consultoria,CM,Consultor Individual De Linea – Profesional Iii – Medico General - Centro De Salud Central - 8,False,2026-09-07,,Contratado,Eulis Cuellar Cardona (Telf: 4621322 - 4620447),,Beni,NB-SABS (D.S.0181)
26-1801-00-1686551-0-E,Gobierno Autonomo Municipal De Santisima Trinidad,Consultoria,CM,Consultor Individual De Linea – Profesional Iii – Medico General - Centro De Salud Villa Vecinal - 2,False,2026-09-07,,Contratado,Eulis Cuellar Cardona (Telf: 4621322 - 4620447),,Beni,NB-SABS (D.S.0181)
26-1801-00-1686558-0-E,Gobierno Autonomo Municipal De Santisima Trinidad,Consultoria,CM,Consultor Individual De Linea – Profesional Iii – Medico General - Centro De Salud Mangalito,False,2026-09-07,,Contratado,Eulis Cuellar Cardona (Telf: 4621322 - 4620447),,Beni,NB-SABS (D.S.0181)
26-1801-00-1686567-0-E,Gobierno Autonomo Municipal De Santisima Trinidad,Consultoria,CM,Consultor Individual De Linea – Profesional Iii – Medico General - Centro De Salud Nueva Trinidad - 2,False,2026-09-07,,Contratado,Eulis Cuellar Cardona (Telf: 4621322 - 4620447),,Beni,NB-SABS (D.S.0181)
26-1801-00-1686570-0-E,Gobierno Autonomo Municipal De Santisima Trinidad,Consultoria,CM,Consultor Individual De Linea – Profesional Iii – Medico General - Centro De Salud Puerto Ballivian,False,2026-09-07,,Contratado,Eulis Cuellar Cardona (Telf: 4621322 - 4620447),,Beni,NB-SABS (D.S.0181)
26-1801-00-1686580-0-E,Gobierno Autonomo Municipal De Santisima Trinidad,Consultoria,CM,Consultor Individual De Linea – Profesional Iii – Medico General - Centro De Salud Pompeya - 1,False,2026-09-07,,Contratado,Eulis Cuellar Cardona (Telf: 4621322 - 4620447),,Beni,NB-SABS (D.S.0181)
26-1801-00-1686590-0-E,Gobierno Autonomo Municipal De Santisima Trinidad,Consultoria,CM,Consultor Individual De Linea – Administrativo I – Medico Triage - Centro De Salud Pedro Marban,False,2026-09-07,,Contratado,Eulis Cuellar Cardona (Telf: 4621322 - 4620447),,Beni,NB-SABS (D.S.0181)
26-1801-00-1686601-0-E,Gobierno Autonomo Municipal De Santisima Trinidad,Consultoria,CM,Consultor Individual De Linea – Administrativo I – Licenciada En Enfermeria - Centro De Salud 30 De Julio - 7,False,2026-09-07,,Contratado,Eulis Cuellar Cardona (Telf: 4621322 - 4620447),,Beni,NB-SABS (D.S.0181)
26-1801-00-1686609-0-E,Gobierno Autonomo Municipal De Santisima Trinidad,Consultoria,CM,Consultor Individual De Linea – Profesional Iii – Medico General - Centro De Salud Central - 2,False,2026-09-07,,Contratado,Eulis Cuellar Cardona (Telf: 4621322 - 4620447),,Beni,NB-SABS (D.S.0181)
26-1801-00-1686612-0-E,Gobierno Autonomo Municipal De Santisima Trinidad,Consultoria,CM,Consultor Individual De Linea - Administrativo I - Bioquimico Farmaceutico - Centro De Salud Cipriano Barace,False,2026-09-07,,Contratado,Eulis Cuellar Cardona (Telf: 4621322 - 4620447),,Beni,NB-SABS (D.S.0181)
26-1801-00-1686683-0-E,Gobierno Autonomo Municipal De Santisima Trinidad,Consultoria,CM,Consultor Individual De L Inea - Profesional Iii - Medico General - Centro De Salud Mana,False,2026-09-07,,Contratado,Eulis Cuellar Cardona (Telf: 4621322 - 4620447),,Beni,NB-SABS (D.S.0181)
26-1801-00-1686703-0-E,Gobierno Autonomo Municipal De Santisima Trinidad,Consultoria,CM,Consultor Individual De Linea – Profesional Iii – Medico General - Centro De Salud Nueva  Trinidad - 1,False,2026-09-07,,Contratado,Eulis Cuellar Cardona (Telf: 4621322 - 4620447),,Beni,NB-SABS (D.S.0181)
26-1801-00-1686708-0-E,Gobierno Autonomo Municipal De Santisima Trinidad,Consultoria,CM,Consultor Individual De Linea – Administrativo I – Licenciada En Enfermeria - Centro De Salud Villa Vecinal,False,2026-09-07,,Contratado,Eulis Cuellar Cardona (Telf: 4621322 - 4620447),,Beni,NB-SABS (D.S.0181)
26-1801-00-1686727-0-E,Gobierno Autonomo Municipal De Santisima Trinidad,Consultoria,CM,Consultor Individual De Linea - Administrativo I - Licenciada En Enfermeria - Centro De Salud Cipriano Barace,False,2026-09-07,,Contratado,Schefri Pinto Rocha (Telf: 4621322 - 4620447),,Beni,NB-SABS (D.S.0181)
26-1801-00-1686733-0-E,Gobierno Autonomo Municipal De Santisima Trinidad,Consultoria,CM,Consultor Individual De Linea - Administrativo I - Bioquimico Farmaceutico - Centro De Salud Central - 3,False,2026-09-07,,Contratado,Schefri Pinto Rocha (Telf: 4621322 - 4620447),,Beni,NB-SABS (D.S.0181)
26-1801-00-1686741-0-E,Gobierno Autonomo Municipal De Santisima Trinidad,Consultoria,CM,Consultor Individual De Linea Profesional Iii Encargado De Programacion De Operaciones Y Gestion Administrativa,False,2026-09-07,,Contratado,Yusara Cendrine Vargas Carvalho (Telf: 4621322 - 4620447),,Beni,NB-SABS (D.S.0181)
26-1801-00-1686748-0-E,Gobierno Autonomo Municipal De Santisima Trinidad,Consultoria,CM,Consultor Individual De Linea - Administrativo I - Licenciada En Enfermeria - Centro Deo Salud Pedro Marban,False,2026-09-07,,Contratado,Schefri Pinto Rocha (Telf: 4621322 - 4620447),,Beni,NB-SABS (D.S.0181)
26-1801-00-1686755-0-E,Gobierno Autonomo Municipal De Santisima Trinidad,Consultoria,CM,Consultor Individual De Linea – Administrativo I – Licenciada En Enfermeria - Centro De Salud Mana,False,2026-09-07,,Contratado,Eulis Cuellar Cardona (Telf: 4621322 - 4620447),,Beni,NB-SABS (D.S.0181)
26-1801-00-1686768-0-E,Gobierno Autonomo Municipal De Santisima Trinidad,Consultoria,CM,Consultor Individual De Linea - Profesional Iii - Medico General - Centro De Salud 30 De Julio - 1,False,2026-09-07,,Contratado,Schefri Pinto Rocha (Telf: 4621322 - 4620447),,Beni,NB-SABS (D.S.0181)
26-1801-00-1686771-0-E,Gobierno Autonomo Municipal De Santisima Trinidad,Consultoria,CM,Consultor Individual De Linea - Administrativo I - Bioquimico Laboratorio - Centro De Salud  Central - 2,False,2026-09-07,,Contratado,Eulis Cuellar Cardona (Telf: 4621322 - 4620447),,Beni,NB-SABS (D.S.0181)
26-1803-00-1686544-0-E,Gobierno Autonomo Municipal De Riberalta,Consultoria,CM,Contratación Del Técnico Administrativo Para La Dirección De Medio Ambiente Gestión 2026,False,2026-09-07,,Contratado,Julio Cesar Chavez Marigua (Telf: 8522417),,Beni,NB-SABS (D.S.0181)
26-1803-00-1686571-0-E,Gobierno Autonomo Municipal De Riberalta,Consultoria,CM,Contratacion De Un Consultor Indicidual En Linea Para El Cargo Mecanico Del Centro Municipal De Mecanización Agrícola,False,2026-09-07,,Contratado,Julio Cesar Chavez Marigua (Telf: 8522417),,Beni,NB-SABS (D.S.0181)
26-1803-00-1686586-0-E,Gobierno Autonomo Municipal De Riberalta,Consultoria,CM,Contratacion De Un Consultor Individual De Linea Tecnico Profesional En Alerta Temprana 3 Para La Unidad De Gestion De Riesgo 2026.,False,2026-09-07,,Contratado,Julio Cesar Chavez Marigua (Telf: 8522417),,Beni,NB-SABS (D.S.0181)
26-1803-00-1686600-0-E,Gobierno Autonomo Municipal De Riberalta,Consultoria,CM,Contratacion De Un Consultor Individual De Linea Tecnico Profesional En Resiliencia 2 Para La Unidad De Gestion De Riesgo 2026.,False,2026-09-07,,Contratado,Julio Cesar Chavez Marigua (Telf: 8522417),,Beni,NB-SABS (D.S.0181)
26-1803-00-1686649-0-E,Gobierno Autonomo Municipal De Riberalta,Consultoria,CM,Contratacion De Un Consultor Individual De Linea Tecnico Profesional En Alerta Temprana 1 Para La Unidad De Gestion De Riesgo 2026,False,2026-09-07,,Contratado,Julio Cesar Chavez Marigua (Telf: 8522417),,Beni,NB-SABS (D.S.0181)
26-1803-00-1686667-0-E,Gobierno Autonomo Municipal De Riberalta,Consultoria,CM,Contratacion De Consultoria En Linea Para El Cargo De Operador Ii Tractor Agricola Para Apoyo Al Centro Municipal De Mecanización Agrícola,False,2026-09-07,,Contratado,Julio Cesar Chavez Marigua (Telf: 8522417),,Beni,NB-SABS (D.S.0181)
26-2317-00-1686373-0-E,Empresa Municipal De Asfaltos Y Vias - Emavias,Consultoria,CM,Consultoria En Línea - Encargado De Obra,False,2026-09-07,,Contratado,Ruth Calle Calle (Telf: 2301370),,La Paz,NB-SABS (D.S.0181)
26-2324-00-1686560-1-1,Entidad Obras Publicas Municipales De Tarija,Bienes,CND1,"""Adquisición De Materiales Para El Mantenimiento De La Infraestructura De Puentes De La Ciudad De Tarija""",False,2026-09-07,2026-09-10,Vigente,Carola Gema Rivas Pacheco (Telf: 46667794),,Tarija,Compro Hecho en Bolivia (D.S.4505)
26-2331-00-1686750-1-1,Entidad Descentralizada Municipal Terminal De Buses La Paz,Bienes,CND1,Adquisición De Computadoras De Escritorio Para La Terminal De Buses La Paz - Gestion 2026,False,2026-09-07,2026-09-10,Vigente,Lucrecia Elizabeth Mollo Chura (Telf: 2128205),,La Paz,Compro Hecho en Bolivia (D.S.4505)
26-4601-02-1686804-1-1,Gobierno Autonomo Regional Del Gran Chaco - Carapari,Bienes,CND1,Adquisición De Papel Para El Funcionamiento Del Programa Fortalecimiento Al Sector Pecuario De Los Pueblos Indígenas Del Gran Chaco,False,2026-09-07,2026-09-10,Vigente,Rossy Lorena Rodriguez Ruiz (Telf: 74511947),,Tarija,Compro Hecho en Bolivia (D.S.4505)
25-1220-00-1686947-0-E,Gobierno Autonomo Municipal De Cajuata,Servicios Generales,CD,Servicio Artístico Para La Elaboración De 2 Esculturas En Fibra De Vidrio (Campesino Y Minero) Para El Mirador De Cajuata,False,2026-09-08,,Contratado,Susana Mamani Suna (Telf: 72049265),,La Paz,NB-SABS (D.S.0181)
26-0015-01-1685474-0-E,Policia Boliviana,Bienes,CD,"Adquisicion De Combustible Para Las Direcciones Generales, Nacionales Y Regionales Del Comando General De La Policia Boliviana, Meses Septiembre A Diciembre De 2026",False,2026-09-08,,Contratado,Ruben Mamani Ajllahuanca (Telf: 2-433211),,La Paz,NB-SABS (D.S.0181)
26-0015-01-1687080-1-1,Policia Boliviana,Bienes,ANPE,"Adquisición De Aceite De Motor Para El Mantenimiento Del Parque Automotor De La Policía Boliviana, 2do. Semestre 2026.",True,2026-09-08,2026-09-15,Vigente,Ruben Mamani Ajllahuanca (Telf: 2-433211),,La Paz,NB-SABS (D.S.0181)
26-0020-02-1673943-1-2,Comando En Jefe De Las Fuerzas Armadas ,Bienes,CM,"Adquisicion De Equipo Recreacional (Proyector Interactivo), Para El Salon Auditorio De La Universidad Militar",False,2026-09-08,2026-09-11,Vigente,Vladimir Quispe Churata (Telf: -),,La Paz,NB-SABS (D.S.0181)
26-0020-10-1686633-1-1,Comando General Del Ejercito,Bienes,CNC,"Adquisicion De Medicamentos, Para La Dotacion A Las Gg., Pp.Uu., Uu.Aa. Y Rr.Mm. Del Ejercito, Correspondiente Al Segundo Semestre De La Gestion 2026",True,2026-09-08,2026-09-14,Vigente,Grover Ponce Fernandez Cussi (Telf: 2977600),,La Paz,Compro Hecho en Bolivia (D.S.4505)
26-0035-01-1686391-1-1,Servicio De Impuestos Nacionales,Bienes,CM,Adquisición De Equipamiento Informatico Para Gerencias Del Nivel Central,False,2026-09-08,2026-09-11,Vigente,Elvira Gutierrez Mamani (Telf: 2606060 ),,La Paz,NB-SABS (D.S.0181)
26-0035-01-1687046-1-1,Servicio De Impuestos Nacionales,Bienes,CM,Adquisición De Kit De Mantenimiento Para Impresoras Lexmark Mx722 De La Gerencia Distrital Oruro.,False,2026-09-08,2026-09-11,Vigente,Angelica Capuma Mamani (Telf: 2606060 ),,La Paz,NB-SABS (D.S.0181)
26-0035-01-1687092-1-1,Servicio De Impuestos Nacionales,Bienes,CM,Adquisición De Tóner Para Las Impresoras Lexmark De Las Oficinas De La Gerencia Distrital Montero - Gestión 2026,False,2026-09-08,2026-09-11,Vigente,Marco Antonio Dorado Escobar (Telf: 2606060 ),,La Paz,NB-SABS (D.S.0181)
26-0035-07-1686897-1-1,Registro Unico Para La Administracion Tributaria Municipal - Ruat,Servicios Generales,ANPE,Servicio De Soporte Técnico Para Switches San Brocade - 2026,True,2026-09-08,2026-09-15,Vigente,Elena Condori Chura (Telf: 2112727),,La Paz,NB-SABS (D.S.0181)
26-0041-00-1686910-0-E,"Ministerio De Desarrollo Productivo, Rural Y Agua",Consultoria,CM,Consultoria Individual De Linea Profesional Iv Especialista En Estrategias De Conectividad En Proyectos De Saneamiento En Poblaciones Mayores A 2000 Habitantes,False,2026-09-08,,Contratado,Juan Carlos Gonzales Hurtado (Telf: 2184444 - INT 320),,La Paz,NB-SABS (D.S.0181)
26-0041-02-1687084-1-1,Servicio Nacional De Verificación De Exportaciones,Servicios Generales,CM,"Contratar El Servicio De Provision De Pasajes Aereos Al Interior Del Pais,Con El Proposito De Cubrir Los Viajes Programados Del Personal Del Senavex",False,2026-09-08,2026-09-11,Vigente,Paola Alejandra Espejo Quispe (Telf: 2113621),,La Paz,NB-SABS (D.S.0181)
26-0041-19-1687182-1-1,Entidad Publica Desconcentrada “Unidad Ejecutora De Pozos - Ue-Pozos”,Servicios Generales,ANPE,Contratación De Seguro Y Reaseguro Del Parque Automotor Y Todo Riesgo De Daños A Activos De La Unidad Ejecutora De Pozos.,False,2026-09-08,2026-09-21,Vigente,Claudia Francisca Goyzueta Martinez (Telf: 2111103),,La Paz,NB-SABS (D.S.0181)
26-0041-25-1687119-0-E,"Unidad Coordinadora Y Ejecutora De Programas Y Proyectos Del Ministerio De Desarrollo Productivo, Rural Y Agua, (Ucep - Mdprya)",Consultoria,CM,Profesional Vii - Profesional En Adquisiciones Y Contrataciones Ucep - Mdprya,False,2026-09-08,,Contratado,Sergio Vidal Perez Millares (Telf: 2149951 - 21499861 - 2149964),,La Paz,NB-SABS (D.S.0181)
26-0046-00-1686364-1-1,Ministerio De Salud Y Deportes,Bienes,ANPP,Adquisición De Toners Para El Ministerio De Salud Y Deportes (Da-2) Tercera Fase,True,2026-09-08,2026-09-21,Vigente,Fermin Gonzales Miranda (Telf: 2497079),,La Paz,NB-SABS (D.S.0181)
26-0046-20-1686304-1-1,Seguro Social Universitario - La Paz,Bienes,CM,Adquisicion De Complemento Nutricional Carmelo,False,2026-09-08,2026-09-11,Vigente,Belen Monserrat Morales Aliaga (Telf: 2434262),,La Paz,NB-SABS (D.S.0181)
26-0046-22-1686711-1-1,Seguro Social Universitario Sucre,Bienes,CM,Requerimiento De Reactivos De Laboratorio Nº17/2026 Ssu,False,2026-09-08,2026-09-14,Vigente,Ariel Norberto Urquieta Moreno (Telf: 4 6453136),,Chuquisaca,NB-SABS (D.S.0181)
26-0046-26-1686528-1-1,Instituto Nacional De Laboratorios De Salud Inlasa,Bienes,ANPE,Adquisicion De Material Metalico De Acero Inoxidable Para El Bioterio De La Division De Produccion,True,2026-09-08,2026-09-15,Vigente,Maria Isabel Vasquez Michel (Telf: 2-226048),,La Paz,NB-SABS (D.S.0181)
26-0046-38-1686987-0-E,Unidad De Gestión De Programas Y Proyectos - Ugespro,Consultoria,OF,Relevamiento De Información Tecnológica Para La Implementación Del Sistema Integrado De Gestión Clínica (Sigc) - Programa 4612/Bl-Bo,False,2026-09-08,,Contratado,Margarita Evangelina Ticona Cortez (Telf: 2497079 - 2495086),,La Paz,Normativa del Financiador (BID)
26-0046-38-1687104-0-E,Unidad De Gestión De Programas Y Proyectos - Ugespro,Consultoria,OF,Profesional Biomédico Programa 4612/Bl-Bo,False,2026-09-08,,Contratado,Margarita Evangelina Ticona Cortez (Telf: 2497079 - 2495086),,La Paz,Normativa del Financiador (BID)
26-0046-38-1687169-0-E,Unidad De Gestión De Programas Y Proyectos - Ugespro,Servicios Generales,OF,Arrendamiento De Oficinas Para El Programa 4612/Bl-Bo,False,2026-09-08,,Contratado,Margarita Evangelina Ticona Cortez (Telf: 2497079 - 2495086),,La Paz,Normativa del Financiador (BID)
26-0081-61-1687040-1-1,Unidad Tecnica Aeroportuaria - Uta,Consultoria,OF,“Supervisión Técnica Y Socio Ambiental Para La Construcción Del Parque Lineal Metropolitano La Paz – El Alto (Tramo 4 - Ciclo Senda Rojo)”,False,2026-09-08,2026-09-22,Vigente,Ivan Pena Yujra (Telf: 2156631),,La Paz,Normativa del Financiador (BID)
26-0081-61-1687060-1-1,Unidad Tecnica Aeroportuaria - Uta,Consultoria,OF,“Supervisión Técnica Y Socio Ambiental Para La Construcción Del Parque Lineal Metropolitano La Paz – El Alto (Tramo 5 - Ciclo Senda Naranja)”,False,2026-09-08,2026-09-22,Vigente,Ivan Pena Yujra (Telf: 2156631),,La Paz,Normativa del Financiador (BID)
26-0134-00-1687062-1-1,Consejo Nacional De Vivienda Policial Covipol,Bienes,CNC,Adquisición De Computadoras De Escritorio Para El Consejo Nacional De Vivienda Policial,True,2026-09-08,2026-09-11,Vigente,Margot Janett Cazon Cuenca (Telf:  2911820 -2911821),,La Paz,Compro Hecho en Bolivia (D.S.4505)
26-0138-00-1686095-1-1,Universidad Mayor Real Y Pontificia De San Francisco Xavier,Bienes,ANPE,Adquisición De Un Sistema De Generación Eléctrica Distribuida Con Destino A La Facultad De Ingeniería Y Ciencias Aplicadas Meca-Electronicas De La Universidad Mayor Real Y Pontificia De San Francisco Xavier De Chuquisaca,True,2026-09-08,2026-09-18,Vigente,Nestor Pallares Saavedra (Telf: 6451970),,Chuquisaca,NB-SABS (D.S.0181)
26-0138-00-1686724-1-1,Universidad Mayor Real Y Pontificia De San Francisco Xavier,Consultoria,ANPE,"Contratación De Consultor Por Producto 1: Investigador Con El Grado Académico De Magister Para Constituir La Unidad De Producción Y Apoyo En La Formación Posgradual, En Las Diferentes Areas Del Conocimiento De La Departamento De Investigación Desarrollo Ciencia Y Tecnología De La Universidad Mayor Real Y Pontificia De San Francisco Xavier De Chuquisaca",False,2026-09-08,2026-09-15,Vigente,Nestor Pallares Saavedra (Telf: 6451970),,Chuquisaca,NB-SABS (D.S.0181)
26-0139-00-1686884-0-E,Universidad Mayor De San Andres - Umsa,Consultoria,CM,"Consultor Individual De Linea Tecnico I En Gestion Archivistica, Administrativa Y Academica Para La Carrera De Psicologia",False,2026-09-08,,Contratado,Marizol Antonia Kuno Perca (Telf: 2441994),,La Paz,NB-SABS (D.S.0181)
26-0139-00-1687150-1-1,Universidad Mayor De San Andres - Umsa,Servicios Generales,CM,Servicio De Cobranza Mediante Pasarela De Pagos,False,2026-09-08,2026-09-11,Vigente,Rene Ronald Yanique Alanoca (Telf: 2441994),,La Paz,NB-SABS (D.S.0181)
26-0141-00-1686618-1-1,Universidad Mayor De San Simon Umss,Bienes,CM,217.-Dicyt Adquisicion De Kits De Amplificacion Para El Departamento De Gestion Tecnologica De La Direccion De Investigacion Cientifica Y Tecnologica  - Umss,False,2026-09-08,2026-09-11,Vigente,Maria Eliana Sanchez Vera (Telf: 4 4524782),,Cochabamba,NB-SABS (D.S.0181)
26-0141-00-1686648-1-1,Universidad Mayor De San Simon Umss,Servicios Generales,CM,216.-Daf.-Contratacion De Servicio De Transporte Y Custodia De Material Monetario Y Valores Para La Unidad De Caja Central Del Departamento De Tesoreria Y Credito Publico - Umss,False,2026-09-08,2026-09-11,Vigente,Maria Eliana Sanchez Vera (Telf: 4 4524782),,Cochabamba,NB-SABS (D.S.0181)
26-0141-00-1686965-1-1,Universidad Mayor De San Simon Umss,Bienes,CM,Adquisicion De Basureros De Acero Inoxidable Para La Carrera De Medicina - Umss,False,2026-09-08,2026-09-11,Vigente,Jackeline Panozo Soto (Telf: 4 4524782),,Cochabamba,NB-SABS (D.S.0181)
26-0145-00-1687156-1-1,Universidad Autonoma Juan Misael Saracho,Bienes,CND1,Compra De Vitrinas Metalicas,False,2026-09-08,2026-09-11,Vigente,Fermin Oña Flores (Telf: 466-43232- INTERNO 404),,Tarija,Compro Hecho en Bolivia (D.S.4505)
26-0146-00-1686001-1-1,Universidad Autonoma Gabriel Rene Moreno,Bienes,ANPP,Adquisicion De Equipamiento Basico Del Laboratorio De Microbiologia Y Parasitologia De Loa Facultad Integral De Los Valles Cruceños”,True,2026-09-08,2026-09-18,Vigente,Rocio Isabel Hurtado Ragone (Telf: 3398516),,Santa Cruz,NB-SABS (D.S.0181)
26-0146-00-1687001-0-E,Universidad Autonoma Gabriel Rene Moreno,Consultoria,CM,Contratacion De Un Consultor Individual En Linea Para Un Estudio Tecnico De Los Procesos De Produccion Y Manipulacion De Productos Alimenticios Para El Consumo De Estudiantes Asistentes Al Comedor Universitario De La Uagrm,False,2026-09-08,,Contratado,Jessica Rojas Melgar (Telf: 3398516),,Santa Cruz,NB-SABS (D.S.0181)
26-0206-05-1686523-0-E,Fortalecimiento Del Sistema Estadístico Del Estado Plurinacional De Bolivia,Consultoria,OF,Tecnico 2 En Operativo De Campo Departamental Pfseepb Santa Cruz,False,2026-09-08,,Contratado,Gerardo Pablo Saca (Telf: 2222333),,La Paz,Normativa del Financiador (BID)
26-0206-05-1686791-0-E,Fortalecimiento Del Sistema Estadístico Del Estado Plurinacional De Bolivia,Consultoria,OF,Auxiliar 4-Chofer Pfseepb (La Paz) 2,False,2026-09-08,,Contratado,Felix Espinoza Merida (Telf: 2222333),,La Paz,Normativa del Financiador
26-0206-05-1686850-0-E,Fortalecimiento Del Sistema Estadístico Del Estado Plurinacional De Bolivia,Consultoria,OF,Auxiliar 4 - Chofer Pfseepb (La Paz) 1,False,2026-09-08,,Contratado,Felix Espinoza Merida (Telf: 2222333),,La Paz,Normativa del Financiador
26-0206-05-1686925-0-E,Fortalecimiento Del Sistema Estadístico Del Estado Plurinacional De Bolivia,Consultoria,OF,Especialista 4 En Operativo De Campo Departamental Pfseepb - Tarija,False,2026-09-08,,Contratado,Gerardo Pablo Saca (Telf: 2222333),,La Paz,Normativa del Financiador (BID)
26-0206-05-1686974-0-E,Fortalecimiento Del Sistema Estadístico Del Estado Plurinacional De Bolivia,Consultoria,OF,Tecnico Departamental De Contabilidad (Descargos) Oruro,False,2026-09-08,,Contratado,Carlos Alberto Nuñez Jaramillo (Telf: 2222333),,La Paz,Normativa del Financiador (BID)
26-0206-05-1687012-0-E,Fortalecimiento Del Sistema Estadístico Del Estado Plurinacional De Bolivia,Consultoria,OF,Tecnico 1 Encargado En Transporte Nacional - Pfseepb,False,2026-09-08,,Contratado,Carlos Alberto Nuñez Jaramillo (Telf: 2222333),,La Paz,Normativa del Financiador (BID)
26-0206-05-1687101-0-E,Fortalecimiento Del Sistema Estadístico Del Estado Plurinacional De Bolivia,Consultoria,OF,Tecnico 2 De Logística Departamental-Pfseepb (Pando),False,2026-09-08,,Contratado,Carlos Alberto Nuñez Jaramillo (Telf: 2222333),,La Paz,Normativa del Financiador (BID)
26-0206-05-1687117-0-E,Fortalecimiento Del Sistema Estadístico Del Estado Plurinacional De Bolivia,Consultoria,OF,Especialista 2 En Geografía Estadística Y Análisis Espacial - Pfseepb,False,2026-09-08,,Contratado,Carlos Alberto Nuñez Jaramillo (Telf: 2222333),,La Paz,Normativa del Financiador (BID)
26-0206-05-1687139-0-E,Fortalecimiento Del Sistema Estadístico Del Estado Plurinacional De Bolivia,Consultoria,OF,Técnico 2 En Operativo De Campo Departamental - Pfseepb (Cochabamba ),False,2026-09-08,,Contratado,Carlos Alberto Nuñez Jaramillo (Telf: 2222333),,La Paz,Normativa del Financiador (BID)
26-0206-05-1687153-0-E,Fortalecimiento Del Sistema Estadístico Del Estado Plurinacional De Bolivia,Consultoria,OF,Técnico Departamental De Contabilidad (Descargos) Pando,False,2026-09-08,,Contratado,Carlos Alberto Nuñez Jaramillo (Telf: 2222333),,La Paz,Normativa del Financiador (BID)
26-0206-05-1687164-0-E,Fortalecimiento Del Sistema Estadístico Del Estado Plurinacional De Bolivia,Consultoria,OF,Técnico 1 Encargado En Logística Nacional - Pfseepb,False,2026-09-08,,Contratado,Carlos Alberto Nuñez Jaramillo (Telf: 2222333),,La Paz,Normativa del Financiador (BID)
26-0206-05-1687178-0-E,Fortalecimiento Del Sistema Estadístico Del Estado Plurinacional De Bolivia,Consultoria,OF,Jefe De Unidad De Capacitación Nacional - Pfseepb,False,2026-09-08,,Contratado,Carlos Alberto Nuñez Jaramillo (Telf: 2222333),,La Paz,Normativa del Financiador (BID)
26-0206-05-1687191-0-E,Fortalecimiento Del Sistema Estadístico Del Estado Plurinacional De Bolivia,Consultoria,OF,Técnico 2 En Operativo De Campo Departamental Pfseepb (Cochabamba),False,2026-09-08,,Contratado,Carlos Alberto Nuñez Jaramillo (Telf: 2222333),,La Paz,Normativa del Financiador (BID)
26-0206-05-1687192-0-E,Fortalecimiento Del Sistema Estadístico Del Estado Plurinacional De Bolivia,Consultoria,OF,Especialista 2 Encargado Administrativo Financiero Departamental – Pfseepb (Oruro),False,2026-09-08,,Contratado,Carlos Alberto Nuñez Jaramillo (Telf: 2222333),,La Paz,Normativa del Financiador (BID)
26-0207-04-1686556-0-E,Agencia Nacional De Hidrocarburos,Consultoria,CM,"Servicio De Consultoría Individual De Linea, Técnico Vii, Técnico Para El Análisis Regulatorio De Normativa Técnica En El Transporte De Hidrocarburos Por Gasoductos",False,2026-09-08,,Contratado,Beatriz Quino Ayllon (Telf: 2614000),,La Paz,NB-SABS (D.S.0181)
26-0213-00-1687128-1-1,Servicio Nacional De Meteorologia E Hidrologia - Senamhi,Bienes,CM,"Adquisición De Sillas, Estantes Y Aire Acondicionado Para Las Direcciones Departamentales Del Senamhi - Gestión 2026",False,2026-09-08,2026-09-11,Vigente,Monica Alejandra Toconas  (Telf: 2-2355824),,La Paz,NB-SABS (D.S.0181)
26-0221-00-1687074-1-1,Servicio Nacional De Registro Y Control De La Comercializacion De Minerales Y Metales - Senarecom,Bienes,ANPP,Adquisición De Un Servidor De Alto Rendimiento,True,2026-09-08,2026-09-18,Vigente,Jose Maria Tapia Tristan (Telf: 2154523),,La Paz,NB-SABS (D.S.0181)
26-0287-00-1686690-0-E,Fondo Nacional De Inversion Productiva Y Social  -  Fps,Consultoria,CM,"“Consultor Individual De Linea – Tecnico Iv Para Seguimiento, Control Y Cierre De Proyectos – Especialista En Arquitectura”",False,2026-09-08,,Contratado,Jose Luis Alandia Mercado (Telf: 2-412474 - 411995),,La Paz,NB-SABS (D.S.0181)
26-0287-00-1686891-0-E,Fondo Nacional De Inversion Productiva Y Social  -  Fps,Consultoria,CM,""" Consultor Individual De Línea - Técnico Iv Para Seguimiento, Control Y Cierre De Proyectos""",False,2026-09-08,,Contratado,Maria Cecilia Ortiz Mercado (Telf: 2-412474 - 411995),,La Paz,NB-SABS (D.S.0181)
26-0291-00-1686912-0-E,Administradora Boliviana De Carreteras (Abc),Consultoria,CM,Consultor Individual De Linea Abogado Para La Gerencia Nacional Juridica - Profesional 8,False,2026-09-08,,Contratado,Paolo Roberto Vega Bellido (Telf: 2159800),,La Paz,NB-SABS (D.S.0181)
26-0291-07-1686835-1-1,Administradora Boliviana De Carreteras - Regional Santa Cruz,Obras,ANPP,Conser. Tramo Sc01 Guabira - Yapacani - Puente Ichilo (Segunda Fase),True,2026-09-08,2026-09-21,Vigente,Julio Andres Quiroga Rios (Telf: 3547031),,Santa Cruz,NB-SABS (D.S.0181)
26-0312-00-1686625-1-1,Autoridad De Fiscalización Y Control Social De Bosques Y Tierra ,Servicios Generales,ANPE,Servicio De Impresion De Hojas Membretadas Para La Abt,True,2026-09-08,2026-09-15,Vigente,Camilo Morales Sandoval (Telf: (591-3) 3488330),,Santa Cruz,NB-SABS (D.S.0181)
26-0314-00-1686861-0-E,Autoridad De Fiscalización De Electricidad Y Tecnologia Nuclear,Consultoria,CM,"Consultoria Individual De Linea "" Técnico De Atención Al Cliente Cochabamba""",False,2026-09-08,,Contratado,Mildred Amparo Gonzales Gonzales (Telf: 2312401),,La Paz,NB-SABS (D.S.0181)
26-0314-00-1686894-0-E,Autoridad De Fiscalización De Electricidad Y Tecnologia Nuclear,Consultoria,CM,"Consultoría Individual De Linea ""Técnico De Atención Al Cliente Regional Cobija""",False,2026-09-08,,Contratado,Mildred Amparo Gonzales Gonzales (Telf: 2312401),,La Paz,NB-SABS (D.S.0181)
26-0314-00-1686924-0-E,Autoridad De Fiscalización De Electricidad Y Tecnologia Nuclear,Consultoria,CM,Consultoría Individual De Linea: Técnico De Calidad Y Protección Al Consumidor De La Oficina Regional Santa Cruz,False,2026-09-08,,Contratado,Mildred Amparo Gonzales Gonzales (Telf: 2312401),,La Paz,NB-SABS (D.S.0181)
26-0345-00-1686581-1-1,Mutual De Servicios Al Policía,Bienes,ANPE,Adquisción De Toner - Segunda Compra,True,2026-09-08,2026-09-14,Vigente,Ariel Sainz Mendieta (Telf: 2442090),,La Paz,NB-SABS (D.S.0181)
26-0346-00-1686782-1-1,Unidad De Investigaciones Financieras ,Bienes,CM,“Adquisición De Nvr Y Switch”,False,2026-09-08,2026-09-11,Vigente,Kely Nadir Peralta Callisaya (Telf: 2188988),,La Paz,NB-SABS (D.S.0181)
26-0389-00-1684364-0-E,Navegacion Aerea Y Aeropuertos Bolivianos,Consultoria,CM,Contratacion De Consultor De Linea - Auxiliar De Oficina Para La Jefatura Nacional Financiera,False,2026-09-08,,Contratado,Luis Andres Hinojosa Chavez (Telf: 2351305),,La Paz,NB-SABS (D.S.0181)
26-0389-00-1684448-0-E,Navegacion Aerea Y Aeropuertos Bolivianos,Consultoria,CM,Contratacion De Consultor De Linea - Auxiliar De Impuestos,False,2026-09-08,,Contratado,Luis Andres Hinojosa Chavez (Telf: 2351305),,La Paz,NB-SABS (D.S.0181)
26-0389-00-1684470-0-E,Navegacion Aerea Y Aeropuertos Bolivianos,Consultoria,CM,Consultor En Linea – Topografo,False,2026-09-08,,Contratado,Luis Andres Hinojosa Chavez (Telf: 2351305),,La Paz,NB-SABS (D.S.0181)
26-0389-00-1687142-1-1,Navegacion Aerea Y Aeropuertos Bolivianos,Obras,ANPP,“Provisión E Instalación De Porcelanato En La Sala De Preembarque Internacional Del Aeropuerto Internacional El Alto”,True,2026-09-08,2026-09-21,Vigente,Carlos Javier Gutierrez Zenteno (Telf: 2351305),,La Paz,NB-SABS (D.S.0181)
26-0411-00-1687017-0-E,Corporacion Del Seguro Social Militar - Cossmil,Servicios Generales,CD,Alquiler De Inmuble Para La Regional Bermejo,False,2026-09-08,,Contratado,Mijael Marcelo Herbas Ramallo (Telf: 2314236),,La Paz,NB-SABS (D.S.0181)
26-0417-01-1686939-1-1,Caja Nacional De Salud (Regional Tarija),Bienes,ANPE,"Adquisicion De Reactivos Para Equipo Maglumi, Para Laboratorio Hai Obrero N°7.",True,2026-09-08,2026-09-14,Vigente,Hypatia Dimelsa Farfan Choque (Telf: 6642940),,Tarija,NB-SABS (D.S.0181)
26-0417-04-1674896-1-2,Caja Nacional De Salud Regional Cochabamba,Bienes,ANPP,Mesa Quirurgica Traslucida Para Cirugia General,True,2026-09-08,2026-09-22,Vigente,Boris Javier Alarcon Hinojosa (Telf: 4234378),,Cochabamba,NB-SABS (D.S.0181)
26-0417-04-1687057-1-1,Caja Nacional De Salud Regional Cochabamba,Servicios Generales,ANPE,Mantenimiento Preventivo Correctivo De Planta De Agua Potable,True,2026-09-08,2026-09-15,Vigente,Ulisses Hernan Martinez Arteaga (Telf: 4234378),,Cochabamba,NB-SABS (D.S.0181)
26-0417-06-1681843-1-1,Caja Nacional De Salud (Regional Chuquisaca),Bienes,ANPP,Adquisicion De Otra Maquinaria Y Equipo Solicitado Por Electromedicina Del Hospital Dr. Jaime Mendoza,True,2026-09-08,2026-09-21,Vigente,Iveth Helen Mancilla Cervantes (Telf: 64-53226),,Chuquisaca,NB-SABS (D.S.0181)
26-0417-08-1687021-1-1,Caja Nacional De Salud (Regional Potosi),Bienes,ANPE,Adquisición De Papel Bond Tamaño Oficio Y Carta Declarado Desierto,True,2026-09-08,2026-09-14,Vigente,Raul Rengipo Montaño (Telf: 6223840),,Potosi,NB-SABS (D.S.0181)
26-0417-08-1687032-1-1,Caja Nacional De Salud (Regional Potosi),Bienes,ANPP,Ventilador De Transporte Neonatal,True,2026-09-08,2026-09-18,Vigente,Raul Rengipo Montaño (Telf: 6223840),,Potosi,NB-SABS (D.S.0181)
26-0417-09-1686854-1-1,Caja Nacional De Salud - Regional La Paz,Bienes,ANPP,"1 Equipo. Ecografo Portatil. 
Servicio De Neurologia. Hode Materno Infantil",True,2026-09-08,2026-09-18,Vigente,Manuel Alejandro Almendro Lazarte (Telf: 2-901777),,La Paz,NB-SABS (D.S.0181)
26-0417-09-1686870-1-1,Caja Nacional De Salud - Regional La Paz,Bienes,ANPE,"2 Equipo. Bomba De Infusion Enteral. 
Servicio Terapia Intensiva Adulto. Hode Materno Infantil",True,2026-09-08,2026-09-15,Vigente,Manuel Alejandro Almendro Lazarte (Telf: 2-901777),,La Paz,NB-SABS (D.S.0181)
26-0417-09-1686883-1-1,Caja Nacional De Salud - Regional La Paz,Bienes,ANPE,"2 Items. Electrodos. 
Servicio De Neurologia - Neurocirugia. Hode Materno Infantil",True,2026-09-08,2026-09-15,Vigente,Manuel Alejandro Almendro Lazarte (Telf: 2-901777),,La Paz,NB-SABS (D.S.0181)
26-0417-09-1686937-1-1,Caja Nacional De Salud - Regional La Paz,Bienes,ANPP,25 Items. Material De Implantes De Columna. Servicio De Neurocirugia. Hode Materno Infantil,True,2026-09-08,2026-09-18,Vigente,Brayan Luis Cabrera Vera (Telf: 2-901777),,La Paz,NB-SABS (D.S.0181)
26-0417-09-1686941-1-1,Caja Nacional De Salud - Regional La Paz,Bienes,CM,1 Pieza Tanque De Compresas Calientes. Servicio De Fisioterapia. Cimfa Central,False,2026-09-08,2026-09-11,Vigente,Maruzzinia Analid Gironda Ticona (Telf: 2-901777),,La Paz,NB-SABS (D.S.0181)
26-0417-09-1686957-1-1,Caja Nacional De Salud - Regional La Paz,Bienes,ANPE,4 Items. Insumos Medicos (Solucion-Set-Mucosuctor). Unidad De Terapia Intensiva Adultos. Hode Materno Inafantil,True,2026-09-08,2026-09-15,Vigente,Brayan Luis Cabrera Vera (Telf: 2-901777),,La Paz,NB-SABS (D.S.0181)
26-0417-09-1686993-1-1,Caja Nacional De Salud - Regional La Paz,Bienes,ANPE,10 Items. Insumos Medicos. Servicio De Quirofanos. Hode Materno Infantil,True,2026-09-08,2026-09-16,Vigente,Brayan Luis Cabrera Vera (Telf: 2-901777),,La Paz,NB-SABS (D.S.0181)
26-0417-09-1686996-1-1,Caja Nacional De Salud - Regional La Paz,Bienes,CM,2 Items Equipos De Computacion. Administracion. Cimfa Central,False,2026-09-08,2026-09-11,Vigente,Maruzzinia Analid Gironda Ticona (Telf: 2-901777),,La Paz,NB-SABS (D.S.0181)
26-0417-09-1687037-1-1,Caja Nacional De Salud - Regional La Paz,Bienes,ANPE,12 Items. Insumos Medicos (Placa Epifisiaria). Servicio Pediatria Quirurgica Hode Materno Infantil,True,2026-09-08,2026-09-16,Vigente,Brayan Luis Cabrera Vera (Telf: 2-901777),,La Paz,NB-SABS (D.S.0181)
26-0418-07-1668658-1-2,Caja Petrolera De Salud Administracion Departamental Santa Cruz,Servicios Generales,CM,Mantenimiento Preventivo Y Correctivo De 4 Generadores De Energía. Unid Mtto Hscz,False,2026-09-08,2026-09-11,Vigente,Margarita Flores Tejerina (Telf: 3-181600),,Santa Cruz,NB-SABS (D.S.0181)
26-0418-07-1674701-1-2,Caja Petrolera De Salud Administracion Departamental Santa Cruz,Servicios Generales,CM,Servicio De Mantenimiento De Equipos De Laboratorio Para Policonsultorio Andres Ibañez. Unid Direccion Pai,False,2026-09-08,2026-09-11,Vigente,Margarita Flores Tejerina (Telf: 3-181600),,Santa Cruz,NB-SABS (D.S.0181)
26-0418-11-1687005-1-1,Caja Petrolera De Salud-Administracion Regional Sucre,Bienes,CM,"Adquisicion De Medicamentos No Adjudicados En El Proceso Oncologicos Antineoplasticos, Inmunomoduladores Y Medicamentos De Soporte Terapeutico (Eritropoyetina) Para La Caja Petrolera De Salud Regional Sucre, Gestion 2026",False,2026-09-08,2026-09-11,Vigente,Victor Hugo Duran Flores (Telf: 6454851),,Chuquisaca,NB-SABS (D.S.0181)
26-0423-00-1686199-1-1,Caja De Salud De Caminos Y Ramas Anexas,Servicios Generales,CM,Adquisicion De Servicios De Alimentacion Y Nutricion Hospitalaria Contrato Vi - Regional Santa Cruz Gestion 2026,False,2026-09-08,2026-09-11,Vigente,Mario Manguta Mojica (Telf: 2916539),,La Paz,NB-SABS (D.S.0181)
26-0423-00-1686970-1-1,Caja De Salud De Caminos Y Ramas Anexas,Servicios Generales,CM,Servicio De Imagenologia - Regional Santa Cruz,False,2026-09-08,2026-09-11,Vigente,Mario Manguta Mojica (Telf: 2916539),,La Paz,NB-SABS (D.S.0181)
26-0423-00-1687098-1-1,Caja De Salud De Caminos Y Ramas Anexas,Bienes,CNC,Adquisicion De Atorvastatina Y Otros Items De Alta Rotacion Para Abastecimiento Del Segundo Semestre D.S. 4505 - Regional Cochabamba,True,2026-09-08,2026-09-11,Vigente,Justo Oscar Dominguez Cruz (Telf: 2916539),,La Paz,Compro Hecho en Bolivia (D.S.4505)
26-0424-01-1679698-1-2,Caja De Salud Cordes Regional La Paz,Bienes,ANPE,Adquisición De Insumos Médicos Desiertos 1,True,2026-09-08,2026-09-14,Vigente,Jhony Eugenio Aguirre Ledezma (Telf: 2441611-2442192),,La Paz,NB-SABS (D.S.0181)
26-0424-01-1686834-1-1,Caja De Salud Cordes Regional La Paz,Bienes,CNC,Adquisición De Medicamentos Con Ficha Técnica ( Desiertos 1) ,True,2026-09-08,2026-09-11,Vigente,Leonardo Chuquimia Monzon (Telf: 2441611-2442192),,La Paz,Compro Hecho en Bolivia (D.S.4505)
26-0424-08-1687075-1-1,Caja De Salud Cordes Regional Cochabamba,Bienes,CM,Adquisicion De Equipos Medicos Y Fisioterapia Ii,False,2026-09-08,2026-09-15,Vigente,Julio Cesar Huarachi Torricos (Telf: 4417000-44794820),,Cochabamba,NB-SABS (D.S.0181)
26-0513-00-1686906-0-E,Yacimientos Petroliferos Fiscales Bolivianos - Ypfb,Obras,OF,Construcción De Red Secundaria Municipio De Viacha - Fase 5 - Drla,False,2026-09-08,,Contratado,Adelina Esperanza Tintaya Mamani (Telf: 2176300),,La Paz,Otra Normativa especifica nacional
26-0513-00-1686928-0-E,Yacimientos Petroliferos Fiscales Bolivianos - Ypfb,Bienes,OF,Adquisición De Kits De Reparo Para City Gates Y Edrs Grgd,False,2026-09-08,,Contratado,Adelina Esperanza Tintaya Mamani (Telf: 2176300),,La Paz,Otra Normativa especifica nacional
26-0513-00-1686954-0-E,Yacimientos Petroliferos Fiscales Bolivianos - Ypfb,Obras,OF,Construcción De Red Secundaria Ciudad El Alto - Fase 16 - Drla,False,2026-09-08,,Contratado,Adelina Esperanza Tintaya Mamani (Telf: 2176300),,La Paz,Otra Normativa especifica nacional
26-0513-00-1686971-0-E,Yacimientos Petroliferos Fiscales Bolivianos - Ypfb,Consultoria,OF,"Consultoría Individual De Línea: Apoyo Operativo Ii, Para Verificación De Fugas Montero Udom – Drsb",False,2026-09-08,,Contratado,Gabriela Challa Mendia (Telf: 2176300),,La Paz,Otra Normativa especifica nacional
26-0513-00-1687089-0-E,Yacimientos Petroliferos Fiscales Bolivianos - Ypfb,Servicios Generales,OF,Servicio De Mantenimiento De Fotocopiadoras Dcpt,False,2026-09-08,,Contratado,Jesus Weimar Cordova Nina (Telf: 2176300),,La Paz,Otra Normativa especifica nacional
26-0513-00-1687114-0-E,Yacimientos Petroliferos Fiscales Bolivianos - Ypfb,Consultoria,OF,"Consultoría Individual De Línea: Apoyo Operativo Ii, En Operación Mantenimiento De Red Primaria Udom – Drsb",False,2026-09-08,,Contratado,Mabel Catacora Copa (Telf: 2176300),,La Paz,Otra Normativa especifica nacional
26-0517-03-1681792-1-1,Empresa Minera Corocoro,Bienes,ANPP,Adquisicion De Materiales Electricos De Proteccion Y Maniobra Industrial,True,2026-09-08,2026-09-18,Vigente,Yamil Erick Romero Arteaga (Telf: 2-2139374),,La Paz,NB-SABS (D.S.0181)
26-0517-08-1661861-3-1,Empresa Minera Colquiri,Bienes,LP,Clq-26-Lici-4/2026 Adquisición De Viveres (Leche En Polvo Gestion 2026) (Tercera Convocatoria),True,2026-09-08,2026-09-29,Vigente,Franz Merlo Merlo Charca (Telf: 68350816-68350810),,La Paz,NB-SABS (D.S.0181)
26-0517-08-1683883-1-1,Empresa Minera Colquiri,Bienes,ANPP,Clq-26-Anpe-237/2026 Adquisición De Motor Electrico Nuevo Para Locomotora Imin Lt-10tn De La Empresa Minera Colquiri,True,2026-09-08,2026-09-18,Vigente,Bernardino Bautista Mamani (Telf: 68350816-68350810),,La Paz,NB-SABS (D.S.0181)
26-0517-08-1687176-1-1,Empresa Minera Colquiri,Bienes,LP,Clq-26-Lici-28/2026 “Adquisición De Oxido Calcio”,True,2026-09-08,2026-09-29,Vigente,Franz Merlo Merlo Charca (Telf: 68350816-68350810),,La Paz,NB-SABS (D.S.0181)
26-0517-08-1687190-1-1,Empresa Minera Colquiri,Bienes,LP,Clq-26-Lici-33/2026 Adquisición De Bus Modelo Coaster,True,2026-09-08,2026-09-29,Vigente,Franz Merlo Merlo Charca (Telf: 68350816-68350810),,La Paz,NB-SABS (D.S.0181)
26-0517-08-1687193-1-1,Empresa Minera Colquiri,Bienes,ANPE,Clq-26-Anpe-266/2026 Adquisición De Instrumentos De Medición Para Taller Electrico,True,2026-09-08,2026-09-15,Vigente,Rilberth Cristhian Villegas Marca (Telf: 68350816-68350810),,La Paz,NB-SABS (D.S.0181)
26-0572-00-1677789-2-1,Empresa De Apoyo A La Producción De Alimentos - Emapa,Servicios Generales,ANPP,"Servicio De Transporte Terrestre Para El Traslado De Producto Terminado Arroz Seleccionado Ab Desde Plantas/Ingenios/Almacenes Propios Y Privados Del Departamento De Beni Con Destino A Pando, Beni Y Santa Cruz Para La Segunda Entrega A La Policía Boliviana Logística Gestión 2026",True,2026-09-08,2026-09-21,Vigente,Jose Moises Guaygua Poma (Telf: +591(2) 2115500),,La Paz,NB-SABS (D.S.0181)
26-0586-00-1683115-2-1,"Empresa Azucarera San Buenaventura ""Easba""",Bienes,ANPE,Adquisicion De Empaquetaduras Para La Planta Industrial,True,2026-09-08,2026-09-15,Vigente,Dalia Carla Perez Noguera (Telf: 2145019),,La Paz,NB-SABS (D.S.0181)
26-0586-00-1687166-1-1,"Empresa Azucarera San Buenaventura ""Easba""",Bienes,CM,Adquisicion De Cadenas Para Cajas Cañeras,False,2026-09-08,2026-09-11,Vigente,Dalia Carla Perez Noguera (Telf: 2145019),,La Paz,NB-SABS (D.S.0181)
26-0594-00-1686553-1-1,Administracion De Servicios Portuarios - Bolivia,Bienes,CM,Adquisicion De Papeleria Para La Asp-B Tercer Cuatrimestre.,False,2026-09-08,2026-09-11,Vigente,Daneyva Shirley Torrico Apaza (Telf: 2432971),,La Paz,NB-SABS (D.S.0181)
26-0595-00-1686603-0-E,Gestora Publica De La Seguridad Social De Largo Plazo,Servicios Generales,CD,G26-Grocc-Servicio De Arrendamiento De La Agencia 6 De Marzo-Teleferico Morado El Alto,False,2026-09-08,,Contratado,Walter Luis Chuquimia Choque (Telf: 2188400),,La Paz,NB-SABS (D.S.0181)
26-0596-00-1687030-1-1,Empresa Publica Transporte Aereo Mlitar,Bienes,ANPP,"Adquisición De Un Heat Pack Assembly (Conjunto De Discos De Frenado) Para La Aeronave Bae 146 Avro Rj70, Matrícula Cp-3106",True,2026-09-08,2026-09-21,Vigente,Ana Luz Mendoza Quispe (Telf: 2681101),,La Paz,NB-SABS (D.S.0181)
26-0598-00-1687064-1-1,Empresa Publica Editorial Del Estado Plurinacional De Bolivia,Bienes,CM,Adquisición De Papel De Seguridad Para La Provisión De Almacenes De La Eepb Iv,False,2026-09-08,2026-09-11,Vigente,Guadalupe Del Carmen Velasquez Merida (Telf: 2200430),,La Paz,NB-SABS (D.S.0181)
26-0650-01-1686948-1-1,Camara De Senadores,Bienes,ANPE,Adquisición De Materiales Eléctricos Para La Cámara De Senadores - Gestión 2026,True,2026-09-08,2026-09-15,Vigente,Juan Victor Quintanilla Quispe (Telf: 2158803),,La Paz,NB-SABS (D.S.0181)
26-0660-02-1635837-2-1,Direccion Administrativa Y Financiera - Organo Judicial,Consultoria,ANPP,Contratacion De Consultoria Por Producto Para La Elaboracion Del Estudio De Diseño Tecnico De Preinversion Del Proyecto “Construccion Casa De Justicia Huanuni”,False,2026-09-08,2026-09-21,Vigente,Carmen Laura Ortega Bonilla (Telf: 64-41569),,Chuquisaca,NB-SABS (D.S.0181)
26-0660-02-1687161-1-1,Direccion Administrativa Y Financiera - Organo Judicial,Obras,LP,Construcción Casa De Justicia San Lucas,True,2026-09-08,2026-10-05,Vigente,Juan Pablo Morales Martinez (Telf: 64-41569),,Chuquisaca,NB-SABS (D.S.0181)
26-0660-07-1687111-1-1,Direccion Administrativa Y Financiera - Organo Judicial - Santa Cruz,Servicios Generales,CM,Servicio De Courier Provincial Y Nacional Para El Organo Judicial Distrito Santa Cruz - Del 14 De Septiembre  Al 12 De Octubre Gestion 2026,False,2026-09-08,2026-09-11,Vigente,Karen Lina Rodriguez Crespo (Telf: 3365454),,Santa Cruz,NB-SABS (D.S.0181)
26-0660-10-1687132-1-1,Direccion Administrativa Y Financiera - Organo Judicial - Potosi,Servicios Generales,ANPE,Contratacion Del Servicio De Courier Para El Organo Judicial Distrito De Potosi Gestion 2026,True,2026-09-08,2026-09-15,Vigente,Betty Condori Machaca (Telf: (591 - 2) 622 6409),,Potosi,NB-SABS (D.S.0181)
26-0660-11-1686839-1-1,Direccion Administrativa Y Financiera - Organo Judicial - Oruro,Bienes,ANPP,Adquisicion Toner Para Impresoras Lexmark,True,2026-09-08,2026-09-21,Vigente,Erika Mayuco Rojas (Telf: 5251965),,Oruro,NB-SABS (D.S.0181)
26-0681-00-1686843-1-1,Ministerio Publico,Bienes,ANPE,Adquisición De 25 Escaneres De Alto Trafico Para El Ministerio Público,True,2026-09-08,2026-09-15,Vigente,Raul Aracena Rasguido (Telf: 6461606),,Chuquisaca,NB-SABS (D.S.0181)
26-0681-00-1686873-1-1,Ministerio Publico,Bienes,LP,Adquisición De 109 Escritorios Ejecutivos De Madera Y 248 Escritorios Semi Ejecutivos De Madera Para El Ministerio Publico,True,2026-09-08,2026-09-29,Vigente,Raul Aracena Rasguido (Telf: 6461606),,Chuquisaca,NB-SABS (D.S.0181)
26-0781-00-1686880-1-1,Servicio Municipal De Agua Potable Y Alcantarillado - Semapa,Bienes,ANPP,Adquisición De Equipos De Computación Primer Semestre Gestión 2026,True,2026-09-08,2026-09-22,Vigente,George E. Zubieta Choque (Telf: 4292857 int.420),,Cochabamba,NB-SABS (D.S.0181)
26-0831-00-1685657-1-2,Servicio Local Acueducto Y Alcantarillado - Sela Oruro,Consultoria,ANPE,"Servicio De Consultoría Para  Inventariación,  Revalorización Técnica De Activos Fijos Del Sela Gestión 2026",False,2026-09-08,2026-09-14,Vigente,Roberto Franco Choque Blaz (Telf: 5247701),,Oruro,NB-SABS (D.S.0181)
26-0901-02-1686851-1-1,Servicio Departamental De Salud Chuquisaca,Bienes,ANPE,Adquisicion De Filtro Para Hemodialisis Nº 8 Bajo Flujo Para Los Pacientes Del Programa Renal Del Hospital De Tercer Nivel De Chuquisaca Segundo Cuatrimestre 2026,True,2026-09-08,2026-09-14,Vigente,Jose Alfredo Sanchez Moscoso (Telf: 64-53147 - 64-54891),,Chuquisaca,NB-SABS (D.S.0181)
26-0901-02-1687033-1-1,Servicio Departamental De Salud Chuquisaca,Bienes,CNC,Adquision Para El Hospital Santa Barbara De Amoxicilina 500 Mg Comprimido-Diclofenaco Sodico Comprimido  50 Mg - Butilbromuro De Hioscina Comprimido 10 Mg,True,2026-09-08,2026-09-11,Vigente,Rosana Moscoso Marin (Telf: 64-53147 - 64-54891),,Chuquisaca,Compro Hecho en Bolivia (D.S.4505)
26-0901-05-1683987-1-1,Servicio Departamental De Gestion Social Chuquisaca,Bienes,CM,"Adquisicion De Alimentos Frescos (Frutas, Verduras, Carne Y Otros) Para El Comedor Adulto Mayor En El Municipio De Tarabuco Dependiente Del Servicio Departamental De Gestion Social De Chuquisaca, Correspondiente A Los Meses De Septiembre A Diciembre De La Gestion 2026.",False,2026-09-08,2026-09-11,Vigente,Kevin Villavicencio Rodriguez (Telf: 75792285),,Chuquisaca,NB-SABS (D.S.0181)
26-0901-05-1684096-1-1,Servicio Departamental De Gestion Social Chuquisaca,Bienes,CM,"Adquisicion De Alimentos Frescos (Frutas, Verduras, Carne Y Otros) Para El Comedor Del Adulto Mayor En El Municipio De Zudañez Dependiente Del Servicio Departamental De Gestion Social De Chuquisaca Correspondiente A Los Meses De Septiembre A Diciembre De La Gestion 2026.",False,2026-09-08,2026-09-11,Vigente,Kevin Villavicencio Rodriguez (Telf: 75792285),,Chuquisaca,NB-SABS (D.S.0181)
26-0901-05-1684241-1-1,Servicio Departamental De Gestion Social Chuquisaca,Bienes,CM,"Adquisicion De Alimentos Frescos (Frutas, Verduras, Carne Y Otros) Para El Comedor Del Adulto Mayor En El Municipio De Tarvita Dependiente Del Servicio Departamental De Gestion Social De Chuquisaca Correspondiente A Los Meses De Septiembre A Diciembre De La Gestion 2026.",False,2026-09-08,2026-09-11,Vigente,Kevin Villavicencio Rodriguez (Telf: 75792285),,Chuquisaca,NB-SABS (D.S.0181)
26-0902-07-1686719-1-1,Servicio Departamental De Gestion Social De La Paz - Sedeges,Bienes,ANPP,Cuarta Adquisición: Víveres Secos: Para Centros E Institutos De Administración Directa Del Sedeges.,True,2026-09-08,2026-09-21,Vigente,Lizeth Alejandra Villagomez Quisbert (Telf: 2488191 - 2488222),,La Paz,NB-SABS (D.S.0181)
26-0902-39-1686869-1-1,Hospital De La Mujer,Bienes,ANPE,Adquisición De Repuestos Y Accesorios Para Equipos Médicos (Anestesiología Y Quirófano),True,2026-09-08,2026-09-15,Vigente,Juan Carlos Layme Sullca (Telf: 2240096),,La Paz,NB-SABS (D.S.0181)
26-0902-40-1685239-1-1,"Hospital Del Niño  ""Dr. Ovidio Aliaga Uria""",Bienes,CM,Adquisicion De Ácido Valproico Comprimidos (Ii),False,2026-09-08,2026-09-11,Vigente,Cecilia Virginia Poma Quispe (Telf: 2245076),,La Paz,NB-SABS (D.S.0181)
26-0902-40-1686563-1-1,"Hospital Del Niño  ""Dr. Ovidio Aliaga Uria""",Bienes,ANPE,Adquisición De Prendas De Vestir Para Suministros,True,2026-09-08,2026-09-15,Vigente,Laura Guadalupe Ticona Calle (Telf: 2245076),,La Paz,NB-SABS (D.S.0181)
26-0903-00-1686997-1-1,Gobierno Autónomo Departamental De Cochabamba,Bienes,ANPP,"Adquisicion De Geomembrana Para El Programa De Recursos Hidricos Para La Seguridad
Alimentaria En El Departamento De Cochabamba",True,2026-09-08,2026-09-21,Vigente,Maribel Aguilar Fernandez (Telf: 4519121-4255253),,Cochabamba,NB-SABS (D.S.0181)
26-0903-02-1687045-1-1,Servicio Departamental De Políticas Sociales Cbba,Bienes,CND1,Cuarta Adquisición De Viveres Secos Chb  / Programa Centro De Atencion Integral Del Adulto Mayor Caramarca,False,2026-09-08,2026-09-11,Vigente,Reyna Evelyn Aguayo Espinoza (Telf: 4226862 - 4229558 - 4227785),,Cochabamba,Compro Hecho en Bolivia (D.S.4505)
26-0903-18-1686579-1-1,Hospital Materno Infantil German Urquidi,Bienes,ANPE,Compra De Material De Limpieza E Higiene Para El Hospital Materno Infantil German Urquidi Aac2,True,2026-09-08,2026-09-16,Vigente,Rossio Lilian Ramos Quintela (Telf: 4235254),,Cochabamba,NB-SABS (D.S.0181)
26-0904-00-1646711-2-2,Gobierno Autónomo Departamental De Oruro,Consultoria,ANPP,Contratación De Cinco (5) Consultores Individuales De Línea Para El Programa Departamental De Fortalecimiento A Obras Civiles,False,2026-09-08,2026-09-14,Vigente,Milca Erika Viza Acevedo (Telf: -),,Oruro,NB-SABS (D.S.0181)
26-0904-00-1686931-1-1,Gobierno Autónomo Departamental De Oruro,Bienes,CM,"Adquisicion  De Cuchillas Cantoneras, Pernos  Y Tuercas  Para Las Motoniveladoras  Case 865b Y New Holland Rg 200b Del Programa Departamental De Riesgos Y Emergencias- Uprade",False,2026-09-08,2026-09-11,Vigente,Roxana Martinez Ticona (Telf: -),,Oruro,NB-SABS (D.S.0181)
26-0905-01-1686860-0-E,Servicio Departamental De Gestion Social - Potosi,Consultoria,CM,Contratacion De Consultor Individual De Linea - Enfermera/O I Centro De Acogida Adulto Mayor Betanzos,False,2026-09-08,,Contratado,Milan Gregorio Chavez Sequeiros (Telf: 6222962 - 63018793),,Potosi,NB-SABS (D.S.0181)
26-0905-01-1686867-0-E,Servicio Departamental De Gestion Social - Potosi,Consultoria,CM,Contratacion De Consultor Individual De Linea Administrador/A De Centros De Reintegracion Social Para Adolescentes Nueva Esperanza Y Nuevo Horizonte Y Orientacion Social,False,2026-09-08,,Contratado,Milan Gregorio Chavez Sequeiros (Telf: 6222962 - 63018793),,Potosi,NB-SABS (D.S.0181)
26-0905-01-1687093-0-E,Servicio Departamental De Gestion Social - Potosi,Consultoria,CM,Contratacion De Consultor Individual De Linea: Tecnico De Planificacion,False,2026-09-08,,Contratado,Milan Gregorio Chavez Sequeiros (Telf: 6222962 - 63018793),,Potosi,NB-SABS (D.S.0181)
26-0905-06-1686865-1-1,Servicio Departamental De Caminos - Potosi,Servicios Generales,CM,Mantenimiento Vial De Comunicacion Manual Rutinario Para La Conservacion Del Camino Tramo: San Cristobal - San Pablo De Lipez,False,2026-09-08,2026-09-21,Vigente,Nelson Alberto Ortega Estrada (Telf: 6222061-61649000-77868349),,Potosi,NB-SABS (D.S.0181)
26-0905-06-1687129-1-1,Servicio Departamental De Caminos - Potosi,Servicios Generales,CM,Mantenimiento Vial Manual Rutinario Para La Conservacion Del Camino Tramo: Limite Oruro-Macha-Colquechaca Prog.22+000 A 34+000,False,2026-09-08,2026-09-15,Vigente,Nelson Alberto Ortega Estrada (Telf: 6222061-61649000-77868349),,Potosi,NB-SABS (D.S.0181)
26-0905-06-1687163-1-1,Servicio Departamental De Caminos - Potosi,Servicios Generales,CM,Mantenimiento Vial Manual Rutinario Para La Conservacion Del Camino Tramo: Limite Oruro-Macha-Colquechaca Prog.41+500 A 49+000,False,2026-09-08,2026-09-15,Vigente,Nelson Alberto Ortega Estrada (Telf: 6222061-61649000-77868349),,Potosi,NB-SABS (D.S.0181)
26-0905-06-1687175-1-1,Servicio Departamental De Caminos - Potosi,Servicios Generales,CM,Mantenimiento Vial Manual Rutinario Para La Conservacion Del Camino Tramo: Limite Oruro-Macha-Colquechaca Prog.34+000 A 41+500,False,2026-09-08,2026-09-15,Vigente,Nelson Alberto Ortega Estrada (Telf: 6222061-61649000-77868349),,Potosi,NB-SABS (D.S.0181)
26-0905-06-1687180-1-1,Servicio Departamental De Caminos - Potosi,Servicios Generales,CM,Mantenimiento Vial Manual Rutinario Para La Conservacion Del Camino Tramo: Cr. Tramo A La Cruz -Liquipampa-Orkhobamba,False,2026-09-08,2026-09-15,Vigente,Nelson Alberto Ortega Estrada (Telf: 6222061-61649000-77868349),,Potosi,NB-SABS (D.S.0181)
26-0905-09-1686979-1-1,Hospital Daniel Bracamonte,Bienes,ANPP,Adquisicion De Medicamentos (Sevoflurano “Trifluorometil Etil”) Para El Hospital Daniel Bracamonte – Compra Mayor Anpe,True,2026-09-08,2026-09-18,Vigente,Juan Marcelo Villalpando Montoya (Telf: 6244961),,Potosi,NB-SABS (D.S.0181)
26-0905-09-1687003-1-1,Hospital Daniel Bracamonte,Bienes,ANPP,Pedido No. 204 Adquisicion De Medicamentos (Paracetamol Inyectables) Para El Hospital Daniel Bracamonte – Compra Mayor Anpe,True,2026-09-08,2026-09-18,Vigente,Juan Marcelo Villalpando Montoya (Telf: 6244961),,Potosi,NB-SABS (D.S.0181)
26-0905-09-1687165-1-1,Hospital Daniel Bracamonte,Bienes,ANPP,"Pedido 201 Adquisicion De Medicamentos (Eritropoyetina, Hierro, Heparina) Para El Hospital Daniel Bracamonte -  Compra Mayor Anpe – Programa Renal",True,2026-09-08,2026-09-18,Vigente,Juan Marcelo Villalpando Montoya (Telf: 6244961),,Potosi,NB-SABS (D.S.0181)
26-0905-09-1687173-1-1,Hospital Daniel Bracamonte,Bienes,ANPE,Pedido N° 206 Adquisicion De Medicamentos (Insulina R Y Nph) Para El Hospital Daniel Bracamonte – Compra Anpe,True,2026-09-08,2026-09-14,Vigente,Juan Marcelo Villalpando Montoya (Telf: 6244961),,Potosi,NB-SABS (D.S.0181)
26-0905-09-1687189-1-1,Hospital Daniel Bracamonte,Bienes,ANPP,"Pedido 205 Adquisicion De Medicamentos (Acido Ascorbico, Agua Destilada Ketoprofeno, Metronidazol Y Omeprazol) Para El Hospital Daniel Bracamonte -  Compra Mayor Anpe",True,2026-09-08,2026-09-18,Vigente,Juan Marcelo Villalpando Montoya (Telf: 6244961),,Potosi,NB-SABS (D.S.0181)
26-0905-09-1687197-1-1,Hospital Daniel Bracamonte,Bienes,ANPE,"Pedido 215 Adquisicion De Medicamentos (Triptorelina, Oxaliplatino, Carboplatino, Temozolamida) Para El Hospital Daniel Bracamonte -  Compra Anpe – Programa Cancer",True,2026-09-08,2026-09-14,Vigente,Juan Marcelo Villalpando Montoya (Telf: 6244961),,Potosi,NB-SABS (D.S.0181)
26-0906-03-1686871-1-1,Servicio Departamental De Salud Tarija - Sedes,Bienes,ANPP,"Adquisicion De Equipo Medico Proyecto ""Equipamiento Hospital Regional San Juan De Dios - Tarija"" Item: Maquina De Hemodialisis Para La Unidad De Hemodialisis",True,2026-09-08,2026-09-21,Vigente,Briseida Sonia Carrasco Soliz (Telf: 4-6643257),,Tarija,NB-SABS (D.S.0181)
26-0906-03-1686922-1-1,Servicio Departamental De Salud Tarija - Sedes,Bienes,CM,Adquisicion De Diferentes Insumos Medicos 2 Agosto Para El Hospital Regional San Juan De Dios,False,2026-09-08,2026-09-11,Vigente,Maria Jose Molina Rocabado (Telf: 4-6643257),,Tarija,NB-SABS (D.S.0181)
26-0906-03-1686943-1-1,Servicio Departamental De Salud Tarija - Sedes,Bienes,CM,Adquisicion De Diferentes Insumos Medicos 4 Agosto Para El Hospital Regional San Juan De Dios,False,2026-09-08,2026-09-11,Vigente,Maria Jose Molina Rocabado (Telf: 4-6643257),,Tarija,NB-SABS (D.S.0181)
26-0906-03-1686951-1-1,Servicio Departamental De Salud Tarija - Sedes,Bienes,CM,Adquisicion De Diferentes Medicamentos Oncologicos 2 Julio Para El Hospital Regional San Juan De Dios,False,2026-09-08,2026-09-11,Vigente,Maria Jose Molina Rocabado (Telf: 4-6643257),,Tarija,NB-SABS (D.S.0181)
26-0906-03-1686953-1-1,Servicio Departamental De Salud Tarija - Sedes,Bienes,CM,Adquisicion De Diferentes Medicamentos Oncologicos 1 Julio Para El Hospital Regional San Juan De Dios,False,2026-09-08,2026-09-11,Vigente,Maria Jose Molina Rocabado (Telf: 4-6643257),,Tarija,NB-SABS (D.S.0181)
26-0906-03-1686958-1-1,Servicio Departamental De Salud Tarija - Sedes,Bienes,CM,Adquisicion De Diferentes Medicamentos Oncologicos 4 Junio Para El Hospital Regional San Juan De Dios,False,2026-09-08,2026-09-11,Vigente,Maria Jose Molina Rocabado (Telf: 4-6643257),,Tarija,NB-SABS (D.S.0181)
26-0907-00-1686901-1-1,Gobierno Autónomo Departamental De Santa Cruz,Bienes,ANPP,Adquisicion De Productos Quimicos Y Farmaceuticos Para Laboratorio De Hematologia 1.1 Para El Banco De Sangre Regional Santa Cruz Bsrsc Sdsdh,True,2026-09-08,2026-09-17,Vigente,Maria Asunta Ortuno Cespedes (Telf: 3636300/3-3332760 /3636256),,Santa Cruz,NB-SABS (D.S.0181)
26-0907-08-1678656-1-2,Servicio Departamental De Caminos Santa Cruz,Bienes,ANPE,Adquisicion De Lubricantes Importados Para Los Diferentes Equipos Y Maquinarias. (2da Convocatoria),True,2026-09-08,2026-09-14,Vigente,Juan Carlos Parada Mileta (Telf: 353-4848),,Santa Cruz,NB-SABS (D.S.0181)
26-0951-00-1687186-1-1,Banco Central De Bolivia - Bcb,Obras,CM,Reparación De La Cubierta Y Muros Del Inmueble Ubicado En La Av. San Joaquín N°218 Del Municipio De Guayaramerin - Beni,False,2026-09-08,2026-09-11,Vigente,Bismarck Omar Torrico Araujo (Telf: 2409090),,La Paz,NB-SABS (D.S.0181)
26-0951-00-1687188-1-1,Banco Central De Bolivia - Bcb,Bienes,CM,Provisión De Repuestos Originales Para Ascensores Schindler Instalados En El Edificio Bcb,False,2026-09-08,2026-09-11,Vigente,Bismarck Omar Torrico Araujo (Telf: 2409090),,La Paz,NB-SABS (D.S.0181)
26-1101-00-1686920-1-1,Gobierno Autonomo Municipal De Sucre,Bienes,CNC,“Adquisicion De Sillas De Madera Tarara Para El Nivel Secundario Para Las Unidades Educativas Del Municipio De Sucre”,True,2026-09-08,2026-09-11,Vigente,Edelmira Cholima Mole (Telf: 6456185 ),,Chuquisaca,Compro Hecho en Bolivia (D.S.4505)
26-1101-00-1686932-1-1,Gobierno Autonomo Municipal De Sucre,Bienes,ANPP,Adquisicion De Pizarras Acrilicas Para Las Unidades Educativas Del Municipio De Sucre,True,2026-09-08,2026-09-18,Vigente,Victor Hugo Arancibia Hinojosa (Telf: 6456185 ),,Chuquisaca,NB-SABS (D.S.0181)
26-1101-00-1686952-1-1,Gobierno Autonomo Municipal De Sucre,Bienes,CM,Adquisicion De Bomba Sumergible De 5.5 Hp Mas Motor Mas Tablero De Control Para El Funcionamiento Del Sistema De Agua Segura De La Comunidad Kori Puncu Y Comunidad Tunal,False,2026-09-08,2026-09-11,Vigente,Juan Carlos Peterito Medrano (Telf: 6456185 ),,Chuquisaca,NB-SABS (D.S.0181)
26-1101-00-1686961-1-1,Gobierno Autonomo Municipal De Sucre,Bienes,CM,Compra De Marcadores Acrilicos Colores Surtidos Para Stock De Almacen Central Con Destino Exclusivo Para Las Unidades Educativas Del Municipio De Sucre Segundo Semestre- Gestion 2026,False,2026-09-08,2026-09-11,Vigente,Juan Carlos Peterito Medrano (Telf: 6456185 ),,Chuquisaca,NB-SABS (D.S.0181)
26-1101-00-1686967-1-1,Gobierno Autonomo Municipal De Sucre,Bienes,CM,"""Compra De Lavandina Envase De 5 Litros Para Stock De Almacen Central Con Destino Exclusivo Para Las Unidades Educativas Del Municipio De Sucre Segundo Semestre - Gestion 2026""",False,2026-09-08,2026-09-11,Vigente,Juan Carlos Peterito Medrano (Telf: 6456185 ),,Chuquisaca,NB-SABS (D.S.0181)
26-1101-00-1686978-1-1,Gobierno Autonomo Municipal De Sucre,Servicios Generales,CM,Servicio De Mantenimiento De Ambiente De La Unidad Educativa Alegria,False,2026-09-08,2026-09-11,Vigente,Juan Carlos Peterito Medrano (Telf: 6456185 ),,Chuquisaca,NB-SABS (D.S.0181)
26-1101-00-1686989-1-1,Gobierno Autonomo Municipal De Sucre,Obras,ANPP,Reconstruccion Aceras Y Bordillos Calle Serrano Entre Calles Bolivar Y Bustillos,True,2026-09-08,2026-09-18,Vigente,Victor Hugo Arancibia Hinojosa (Telf: 6456185 ),,Chuquisaca,NB-SABS (D.S.0181)
26-1101-00-1687004-1-1,Gobierno Autonomo Municipal De Sucre,Obras,ANPP,Reposicion Pavimento Rigido Calle Ovidio Cespedes Entre Pasaje Francisco Argandoña Y Calle Eduardo Avaroa,True,2026-09-08,2026-09-18,Vigente,Victor Hugo Arancibia Hinojosa (Telf: 6456185 ),,Chuquisaca,NB-SABS (D.S.0181)
26-1101-00-1687014-1-1,Gobierno Autonomo Municipal De Sucre,Obras,ANPP,Mejoramiento Separador Vial Avenida Hernando Siles,True,2026-09-08,2026-09-18,Vigente,Victor Hugo Arancibia Hinojosa (Telf: 6456185 ),,Chuquisaca,NB-SABS (D.S.0181)
26-1101-00-1687026-1-1,Gobierno Autonomo Municipal De Sucre,Bienes,CND1,Adquisicion De Cemento Cola Para El Mantenimiento Del Patio Central Y Pasillos De Los Mercados Copacabana Y Poconas Del Municipio De Sucre ,False,2026-09-08,2026-09-10,Vigente,Mauricio Azurduy Martinez (Telf: 6456185 ),,Chuquisaca,Compro Hecho en Bolivia (D.S.4505)
26-1101-00-1687056-1-1,Gobierno Autonomo Municipal De Sucre,Obras,ANPP,Construccion Sistema De Agua Segura Por Bombeo Comunidad Era Pampa,True,2026-09-08,2026-09-18,Vigente,Victor Hugo Arancibia Hinojosa (Telf: 6456185 ),,Chuquisaca,NB-SABS (D.S.0181)
26-1201-00-1670295-2-1,Gobierno Autonomo Municipal De La Paz,Obras,ANPP,Reconstruccion Graderias Y Obras Complementarias Calle 8 Y Calle 6 Entre Calle 4 Y Calle S/N 6 Zona Cupilupaca Central Km 4,True,2026-09-08,2026-09-21,Vigente,David Andaluz Vasquez (Telf: 2650000),,La Paz,NB-SABS (D.S.0181)
26-1201-00-1683436-2-1,Gobierno Autonomo Municipal De La Paz,Obras,ANPE,"Reconstruccion Canalizacion Y Obras Complementarias Rio Jankakollo Zonas Central Alto Tacagua, San Juan Alto Tembladerani Parte Alta",True,2026-09-08,2026-09-15,Vigente,Cristhian Joel Castillo Titirico (Telf: 2650000),,La Paz,NB-SABS (D.S.0181)
26-1201-00-1686735-0-E,Gobierno Autonomo Municipal De La Paz,Obras,CD,Reconstruccion Encarpetado Y Obras Complementarias Calle (Avenida) Final Eduardo Avaroa Zona Chamoco Chico 1 B,False,2026-09-08,,Contratado,Stephanie Jannice Santander Chocala (Telf: 2650000),,La Paz,NB-SABS (D.S.0181)
26-1201-00-1686808-0-E,Gobierno Autonomo Municipal De La Paz,Obras,CD,Construccion De Cubierta Tipo Marquesina Y Obras Complementarias En Area Deportiva En Aq5 (Area De Equipamiento 5) Zona Alto Chamoco Chico,False,2026-09-08,,Contratado,Stephanie Jannice Santander Chocala (Telf: 2650000),,La Paz,NB-SABS (D.S.0181)
26-1202-00-1680213-3-1,Gobierno Autonomo Municipal De Palca,Obras,ANPP,Const. De Aulas Com. Hussi (Obra Fina - Segunda Planta) - Tercera Convocatoria,True,2026-09-08,2026-09-18,Vigente,Sofia Magali Usnayo Apaza (Telf: 73028516),,La Paz,NB-SABS (D.S.0181)
26-1202-00-1687090-1-1,Gobierno Autonomo Municipal De Palca,Bienes,CM,Const. Enlosetado De La Av. Animas Playon Los Pinos - D. Ovejuyo (Adquisicion De Materiales),False,2026-09-08,2026-09-11,Vigente,Sofia Magali Usnayo Apaza (Telf: 73028516),,La Paz,NB-SABS (D.S.0181)
26-1203-00-1683905-2-1,Gobierno Autonomo Municipal De Mecapaca,Bienes,ANPE,Const. Muro De Contencion En Rio La Paz Com. Huayhuasi (Adquisición De Materiales) 2da Convocatoria,True,2026-09-08,2026-09-14,Vigente,Javier Andres Flores Mamani (Telf: 2-749042),,La Paz,NB-SABS (D.S.0181)
26-1204-00-1687067-1-1,Gobierno Autónomo Municipal Ecológico Productivo De Achocalla,Bienes,CND1,Equipamiento De Centros De Salud; (Compra De Equipos De Computación Para Los Centros De Salud Norte Achocalla Y Pucarani).,False,2026-09-08,2026-09-11,Vigente,Judith Maura Gamboa Larico (Telf: 2890084),,La Paz,Compro Hecho en Bolivia (D.S.4505)
26-1205-00-1687102-1-1,Gobierno Autonomo Municipal De El Alto,Bienes,CNC,Servicios De Salud Universal Y Gratuita – Sus (Adquisición De Alimento Nutricional Para El Adulto Mayor Del Distrito 8 De El Alto),True,2026-09-08,2026-09-14,Vigente,Eliel Quelca Gutierrez (Telf: 2-837715),,La Paz,Compro Hecho en Bolivia (D.S.4505)
26-1206-00-1670628-2-1,Gobierno Autonomo Municipal De Viacha,Obras,ANPP,Const. Sistema De Alcantarillado Sanitario Y Pluvial Av. Irpa Chico D-1 (Entre Av. Simón Bolívar Y Av. Villa Remedios),True,2026-09-08,2026-09-21,Vigente,Edson Royer Rodriguez Mendoza (Telf: 2800006 - 2800508),,La Paz,NB-SABS (D.S.0181)
26-1206-00-1686284-1-1,Gobierno Autonomo Municipal De Viacha,Bienes,ANPE,Const. Tinglado De Cancha Polifuncional U.E. Loma Linda Com. Contorno Bajo D-3 (Adq. De Perfil Costanera Y Otros),True,2026-09-08,2026-09-15,Vigente,Grover Juvenal Pocoata Condori (Telf: 2800006 - 2800508),,La Paz,NB-SABS (D.S.0181)
26-1206-00-1686991-1-1,Gobierno Autonomo Municipal De Viacha,Bienes,CND1,Mantenimiento Y Refaccion De Unidades Educativas Seccional (Adq. Cemento Portland Con Puzolana - Ip 40 Para La U.E. Copancara Com. Muruamaya D-3),False,2026-09-08,2026-09-11,Vigente,Israel Franco Torrez Mendoza (Telf: 2800006 - 2800508),,La Paz,Compro Hecho en Bolivia (D.S.4505)
26-1206-00-1687007-1-1,Gobierno Autonomo Municipal De Viacha,Bienes,CND1,Mantenimiento Y Refaccion De Unidades Educativas Seccional (Adq. De Cemento Puzolánico - P 30 Y Otros Para La U.E. Hilata Santa Trinidad Com. Hilata Santa Trinidad  D-3),False,2026-09-08,2026-09-11,Vigente,Israel Franco Torrez Mendoza (Telf: 2800006 - 2800508),,La Paz,Compro Hecho en Bolivia (D.S.4505)
26-1206-00-1687022-1-1,Gobierno Autonomo Municipal De Viacha,Bienes,CND1,Const. Aula De Computacion U.E. Contorno Centro Com. Contorno Centro D-3 (Adq. Cemento Portland Con Puzolana - Ip 40 Y Cemento Adhesivo Tipo C2),False,2026-09-08,2026-09-11,Vigente,Israel Franco Torrez Mendoza (Telf: 2800006 - 2800508),,La Paz,Compro Hecho en Bolivia (D.S.4505)
26-1208-00-1687125-1-1,Gobierno Autonomo Municipal De Tiahuanacu,Bienes,ANPE,Complementación Const. Bateria De Baños U.E. Yanarico - Comunidad Yanarico (Adquisición De Materiales De Construcción),True,2026-09-08,2026-09-15,Vigente,Vanessa Maria Paucara Diaz (Telf: 2895102),,La Paz,NB-SABS (D.S.0181)
26-1208-00-1687170-1-1,Gobierno Autonomo Municipal De Tiahuanacu,Bienes,CND1,Apoyo A Conservacion De Forrajes - Yanarico (Adq. De Materiales De Construccion).,False,2026-09-08,2026-09-11,Vigente,Vanessa Maria Paucara Diaz (Telf: 2895102),,La Paz,Compro Hecho en Bolivia (D.S.4505)
26-1222-00-1686876-1-1,Gobierno Autonomo Municipal De Ichoca,Bienes,CND1,Adquisicion De Indumentaria Deportiva Para Las Selecciones De Futbol Varones Y Futsal Damas De Los Cantones De La Quinta Seccion Ichoca,False,2026-09-08,2026-09-10,Vigente,Tania Vanessa Perez Rodriguez (Telf: 76526175),,La Paz,Compro Hecho en Bolivia (D.S.4505)
26-1224-00-1687157-1-1,Gobierno Autonomo Municipal De Achacachi,Bienes,CND1,Mantenimiento De Unidades Educativas (Adquisicion De Materiales),False,2026-09-08,2026-09-11,Vigente,Freddy Apaza Cruz (Telf: 63805779 - 68710252),,La Paz,Compro Hecho en Bolivia (D.S.4505)
26-1232-00-1687183-1-1,Gobierno Autonomo Municipal De Copacabana,Bienes,CND1,Mejoramiento Del Sistema De Agua Potable - Z. Salluca Distrito 1 Locka (Adq. De Cemento),False,2026-09-08,2026-09-11,Vigente,Jhonny Segales Ortiz (Telf: 28622624),,La Paz,Compro Hecho en Bolivia (D.S.4505)
26-1240-00-1687099-1-1,Gobierno Autonomo Municipal De Calacoto,Bienes,CM,"Adquisicion De Complemento Nutricional (Carmelo) Centro De Salud Campero, Municipio De Calacoto 2026",False,2026-09-08,2026-09-16,Vigente,Betty Tania Honorio Quispe (Telf: 71998978),,La Paz,NB-SABS (D.S.0181)
26-1247-00-1686977-1-1,Gobierno Autonomo Municipal De Mocomoco,Bienes,CM,Mejoramiento Sistema De Riego Comunidad Huarka Chaguaya,False,2026-09-08,2026-09-11,Vigente,Freddy Llanque Poma (Telf: 73015153),,La Paz,NB-SABS (D.S.0181)
26-1247-00-1686992-1-1,Gobierno Autonomo Municipal De Mocomoco,Bienes,CM,Construccion De Letrinas Sanitarias Ecologicas Tajani,False,2026-09-08,2026-09-11,Vigente,Freddy Llanque Poma (Telf: 73015153),,La Paz,NB-SABS (D.S.0181)
26-1247-00-1687028-1-1,Gobierno Autonomo Municipal De Mocomoco,Bienes,CM,Adq. De Materiales De Construccion Para Letrinas Sanitarias Collacara,False,2026-09-08,2026-09-11,Vigente,Freddy Llanque Poma (Telf: 73015153),,La Paz,NB-SABS (D.S.0181)
26-1247-00-1687048-1-1,Gobierno Autonomo Municipal De Mocomoco,Bienes,CM,Mejoramiento Sistema De Agua Potable Cajcachi,False,2026-09-08,2026-09-11,Vigente,Freddy Llanque Poma (Telf: 73015153),,La Paz,NB-SABS (D.S.0181)
26-1247-00-1687073-1-1,Gobierno Autonomo Municipal De Mocomoco,Bienes,CM,Construccion Casa Cultural Liani,False,2026-09-08,2026-09-11,Vigente,Freddy Llanque Poma (Telf: 73015153),,La Paz,NB-SABS (D.S.0181)
26-1277-00-1687194-1-1,Gobierno Autonomo Municipal De Teoponte,Bienes,ANPE,Adquisición De Cemento Ip40 Para La Fabricación De Losetas En El Distrito De Tomachi Del G.A.M. De Teoponte,True,2026-09-08,2026-09-15,Vigente,Edgar Lucio Bustillos Gutierrez (Telf: 71248555),,La Paz,NB-SABS (D.S.0181)
26-1286-00-1686597-1-1,Gobierno Autonomo Municipal De Huatajata,Obras,ANPE,Const. Casa Artesanal Com. Tajara Grande - Obra Gruesa,True,2026-09-08,2026-09-14,Vigente,Nestor Catari Quispe (Telf: 71586394),,La Paz,NB-SABS (D.S.0181)
26-1286-00-1686985-1-1,Gobierno Autonomo Municipal De Huatajata,Obras,ANPP,Const. Casa Cultural Com. Huatajata (Modulo Estructural) - ( Obra Gruesa ) Municipio De Huatajata,True,2026-09-08,2026-09-15,Vigente,Nestor Catari Quispe (Telf: 71586394),,La Paz,NB-SABS (D.S.0181)
26-1286-00-1687143-1-1,Gobierno Autonomo Municipal De Huatajata,Obras,ANPE,Const. Casa Cultural Com. Tajara Grande Suañaca (Modulo Estructural) - ( Obra Gruesa) Municipio De Huatajata,True,2026-09-08,2026-09-14,Vigente,Nestor Catari Quispe (Telf: 71586394),,La Paz,NB-SABS (D.S.0181)
26-1287-00-1687013-1-1,Gobierno Autonomo Municipal De Chua Cocani,Bienes,CM,Adquisicion De Los Deportivos Para La Unidad Educativa Tecnico Humanistico Ismael Montes,False,2026-09-08,2026-09-11,Vigente,Hernan Villazante Soldado (Telf: 67040200),,La Paz,NB-SABS (D.S.0181)
26-1301-00-1686972-1-1,Gobierno Autonomo Municipal De Cochabamba,Bienes,ANPP,Adquisicion De Material Deportivo Subalcaldia Tunari,True,2026-09-08,2026-09-18,Vigente,Carlos Eduardo Valdivia Bustamante (Telf: 4258103- 4425810-4258030),,Cochabamba,NB-SABS (D.S.0181)
26-1302-00-1687154-0-E,Gobierno Autonomo Municipal De Quillacollo,Consultoria,CM,Consultor Individual De Linea (Profesional J- Ingeniero Civil F) Para La Unidad De Gestion Territorial Y Proyectos,False,2026-09-08,,Contratado,Helen Wendy Colque Flores (Telf: 4260338-79788572),,Cochabamba,NB-SABS (D.S.0181)
26-1303-00-1686855-1-1,Gobierno Autonomo Municipal De Sipe Sipe,Obras,ANPP,Const. Plaza Principal De Tajra - Itapaya,True,2026-09-08,2026-09-18,Vigente,Ronald Paco Limachi (Telf: 4381932),,Cochabamba,NB-SABS (D.S.0181)
26-1304-00-1686990-1-1,Gobierno Autonomo Municipal De Tiquipaya,Servicios Generales,ANPE,Servicios De Bacheo De Calles Y Avenidas De Tiquipaya (Periferia),True,2026-09-08,2026-09-15,Vigente,Carla Lucia Yanarico Arroyo (Telf: 4315363 - 79761072),,Cochabamba,NB-SABS (D.S.0181)
26-1305-00-1684137-1-1,Gobierno Autonomo Municipal De Vinto,Bienes,ANPE,"""Adquisicion De Respuestos Electrico Para Mantenimiento De Alumbrado Pulico En Los 4 Distritos Del G.A.M. De Vinto""",True,2026-09-08,2026-09-15,Vigente,Lizbeth Sanizo Condori (Telf: 4264420 - 4260150 - 4357352),,Cochabamba,NB-SABS (D.S.0181)
26-1306-00-1686887-1-1,Gobierno Autonomo Municipal De Colcapirhua,Servicios Generales,CM,Alquiler De Maquinaria Pesada Para El Dragado Del Rio Rocha Lado Norte,False,2026-09-08,2026-09-11,Vigente,Luis Amilcar Lazarte Orellana (Telf: 4269985),,Cochabamba,NB-SABS (D.S.0181)
26-1306-00-1687011-1-1,Gobierno Autonomo Municipal De Colcapirhua,Servicios Generales,ANPE,Servicio De Mantenimiento Correctivo Para El Vibrocompactador Ep-07 Del Gobierno Autónomo Municipal De Colcapirhua,True,2026-09-08,2026-09-16,Vigente,David Paniagua Flores (Telf: 4269985),,Cochabamba,NB-SABS (D.S.0181)
26-1307-00-1686347-1-1,Gobierno Autonomo Municipal De Aiquile,Bienes,ANPP,"Adquisición De Reactivos E Insumos De Laboratorio Segun Ley 1152 Sus Hospital Carmen Lopez, Segundo Semestre 2026 (D.S. 0181)",True,2026-09-08,2026-09-21,Vigente,Sonia Cardozo Rodriguez (Telf: 4343303-4343100),,Cochabamba,NB-SABS (D.S.0181)
26-1307-00-1687110-1-1,Gobierno Autonomo Municipal De Aiquile,Bienes,CND1,"Adquisicion De Viveres Secos Correspondiente Al Mes De Septiembre, Octubre, Noviembre Y Diciembre Para El Intenado Villa Granado Gestion 2026",False,2026-09-08,2026-09-10,Vigente,Sonia Cardozo Rodriguez (Telf: 4343303-4343100),,Cochabamba,Compro Hecho en Bolivia (D.S.4505)
26-1312-00-1681809-2-1,Gobierno Autonomo Municipal De Sacaba,Servicios Generales,ANPE,Mantenimiento Y Mejoramiento De Cauces Y Torrenteras (Servicio De Mantenimiento De Cauces Con Maquinaria Pesada),True,2026-09-08,2026-09-16,Vigente,Alejandro Cabrera Apaza (Telf: 4702301),,Cochabamba,NB-SABS (D.S.0181)
26-1312-00-1686908-0-E,Gobierno Autonomo Municipal De Sacaba,Obras,EX,Mej. Unidad Educativa Molinos Distrito Palca ( Obra Fina Aulas Planta Alta Y Cubierta Grada) Por Excepcion,False,2026-09-08,,Contratado,Alejandro Cabrera Apaza (Telf: 4702301),,Cochabamba,NB-SABS (D.S.0181)
26-1312-00-1686981-1-1,Gobierno Autonomo Municipal De Sacaba,Bienes,CND1,Equipamiento Unidades Educativas Distrito 1 (Adquisición De Vitrinas Metalicas Para Unidades Educativas De Distrito 1 Del Municipio De Sacaba) ,False,2026-09-08,2026-09-11,Vigente,Richard Quelca Ledezma (Telf: 4702301),,Cochabamba,Compro Hecho en Bolivia (D.S.4505)
26-1312-00-1687010-1-1,Gobierno Autonomo Municipal De Sacaba,Bienes,ANPE,Administracion Hospital De Segundo Nivel Solomon Klein (Adquisicion De Papel Para El Hospital Solomon Klein) - Segunda Compra,True,2026-09-08,2026-09-15,Vigente,Saida Mamani Quintela (Telf: 4702301),,Cochabamba,NB-SABS (D.S.0181)
26-1312-00-1687034-1-1,Gobierno Autonomo Municipal De Sacaba,Bienes,LP,Implem. Pavimento Flexible Para Los Distritos Del Gam Sacaba - Item Desierto,True,2026-09-08,2026-10-05,Vigente,Richard Quelca Ledezma (Telf: 4702301),,Cochabamba,NB-SABS (D.S.0181)
26-1312-00-1687118-1-1,Gobierno Autonomo Municipal De Sacaba,Obras,ANPE,Const. Empedrado Y Cordones Zona Sur Distrito 6 (Otb Abra Baja),True,2026-09-08,2026-09-16,Vigente,Alejandro Cabrera Apaza (Telf: 4702301),,Cochabamba,NB-SABS (D.S.0181)
26-1312-00-1687122-1-1,Gobierno Autonomo Municipal De Sacaba,Bienes,CND1,"Mantenimiento Y Mejoramiento Sistema De Micro Riego Distrito Lava Lava (Adq. De Tubería Hdpe, Sind. Agrario Tuscapugio Alto)",False,2026-09-08,2026-09-11,Vigente,Richard Quelca Ledezma (Telf: 4702301),,Cochabamba,Compro Hecho en Bolivia (D.S.4505)
26-1313-00-1686840-1-1,Gobierno Autonomo Municipal De Colomi,Bienes,CM,Compra De Semilla De Papa Varieda Waycha Certificada Basica 2 Para La Comunidad Pisly D-3 Del Municipio De Colomi,False,2026-09-08,2026-09-11,Vigente,Lizeth Andia Zegarra (Telf: 4340640),,Cochabamba,NB-SABS (D.S.0181)
26-1314-00-1671061-2-1,Gobierno Autonomo Municipal De Villa Tunari,Bienes,ANPP,Anpe 046-2026 Adquisicion De Muelles Para Volquetas Nissan De La Jefatura De Transporte Del G.A.M De Villa Tunari,True,2026-09-08,2026-09-18,Vigente,Silber Soto Mamani (Telf: 44136521 ),,Cochabamba,NB-SABS (D.S.0181)
26-1314-00-1687136-1-1,Gobierno Autonomo Municipal De Villa Tunari,Bienes,ANPE,Anpe 070-2026 Adquisicion De Repuestos Para El Tractor Oruga D6r Gmt00202 De La Jefatura De Transportes Del G.A.M. De Villa Tunari,True,2026-09-08,2026-09-15,Vigente,Silber Soto Mamani (Telf: 44136521 ),,Cochabamba,NB-SABS (D.S.0181)
26-1314-00-1687137-1-1,Gobierno Autonomo Municipal De Villa Tunari,Bienes,CM,Adquisición De Productos Agrícolas Para La Central De Insumos Del Gobierno Autónomo Municipal De Villa Tunari,False,2026-09-08,2026-09-11,Vigente,Daniel Montaño Vallejos (Telf: 44136521 ),,Cochabamba,NB-SABS (D.S.0181)
26-1314-00-1687147-1-1,Gobierno Autonomo Municipal De Villa Tunari,Bienes,CND1,Provision De Materiales Para Mantenimiento Y Refaccion De Infraestructura De Aulas De La Unidad Educativa  San Salvador,False,2026-09-08,2026-09-11,Vigente,Daniel Montaño Vallejos (Telf: 44136521 ),,Cochabamba,Compro Hecho en Bolivia (D.S.4505)
26-1314-00-1687148-1-1,Gobierno Autonomo Municipal De Villa Tunari,Bienes,CND1,Provision De Manteriales Para Mantenimiento  Y Refaccion  De Infraestructura  De Baños De La Unidad Educativa Fidel Castro,False,2026-09-08,2026-09-11,Vigente,Daniel Montaño Vallejos (Telf: 44136521 ),,Cochabamba,Compro Hecho en Bolivia (D.S.4505)
26-1317-00-1676004-0-E,Gobierno Autonomo Municipal De San Benito (Villa Jose Quintin Mendoza),Consultoria,CM,Responsable De Forestacion  Y Areas Verdes,False,2026-09-08,,Contratado,Maria Rosario Mamani Villca (Telf: 4579146),,Cochabamba,NB-SABS (D.S.0181)
26-1330-00-1687127-1-1,Gobierno Autonomo Municipal De Tapacari,Bienes,CND1,"Adquisicion De Indumentaria Deportiva (Poleras Y Shores) Como Incentivos Para Los I Juegos Deportivos Estudiantiles ""No A La Violencia"" Nivel Primario Y Secundario - Tapacari 2026 (Zona Quechua Y Zona Aimara)",False,2026-09-08,2026-09-10,Vigente,Edwin Arturo Fuentes Aguilar (Telf: 4-4365380),,Cochabamba,Compro Hecho en Bolivia (D.S.4505)
26-1334-00-1686923-1-1,Gobierno Autonomo Municipal De Chimore,Servicios Generales,ANPE,"Servicio De Mantenimiento Correctivo De La Volqueta Hong Yan Del Tren Delantero,Sistema De Freno Y Sistema De Suspensión Dirección Obras Publicas",True,2026-09-08,2026-09-15,Vigente,Eduardo Lopez Meruvia (Telf: 44136218),,Cochabamba,NB-SABS (D.S.0181)
26-1334-00-1687177-1-1,Gobierno Autonomo Municipal De Chimore,Servicios Generales,CM,Servicio De Mantenimiento Preventivo De Tractor Oruga New Holland D180c Desarrollo Productivo Y Medio Ambiente,False,2026-09-08,2026-09-11,Vigente,Eduardo Lopez Meruvia (Telf: 44136218),,Cochabamba,NB-SABS (D.S.0181)
26-1334-00-1687179-1-1,Gobierno Autonomo Municipal De Chimore,Servicios Generales,CM,Mantenimiento Correctivo Para Maquinaria Pesada Pala Cargadora Cat 950b Obras Publicas,False,2026-09-08,2026-09-11,Vigente,Eduardo Lopez Meruvia (Telf: 44136218),,Cochabamba,NB-SABS (D.S.0181)
26-1334-00-1687200-1-1,Gobierno Autonomo Municipal De Chimore,Servicios Generales,ANPP,"Rehabilitación Y Mejoramiento Del Puente Tipo Alcantarilla Cajon Santa Cruz, Chimoré D-I",True,2026-09-08,2026-09-21,Vigente,Eduardo Lopez Meruvia (Telf: 44136218),,Cochabamba,NB-SABS (D.S.0181)
26-1335-00-1687085-0-E,Gobierno Autonomo Municipal De Puerto Villarroel,Obras,EX,Const. Tinglado U.E. Yaicuate - D 9 Puerto Villarroel,False,2026-09-08,,Contratado,Ana Rossemery Moye Orosco (Telf: 44136281),,Cochabamba,NB-SABS (D.S.0181)
26-1335-00-1687130-1-1,Gobierno Autonomo Municipal De Puerto Villarroel,Bienes,ANPP,Provisión De Alimentación Complementaria De Desayuno Escolar Racion Liquida Para Las Unidades Educativas Del G.A.M. Puerto Villarroel Gestion 2026 Segunda Compra,True,2026-09-08,2026-09-21,Vigente,Ana Rossemery Moye Orosco (Telf: 44136281),,Cochabamba,NB-SABS (D.S.0181)
26-1336-00-1685416-1-1,Gobierno Autonomo Municipal De Arani,Bienes,CND1,Compra De Cemento Para Construccion De Canales De Riego Comunidad Jutulaya,False,2026-09-08,2026-09-10,Vigente,Gustavo Laime Vidal (Telf: 010-4-04576252),,Cochabamba,Compro Hecho en Bolivia (D.S.4505)
26-1340-00-1682587-2-1,Gobierno Autonomo Municipal De Bolivar,Bienes,ANPE,"Compra De 4 Columpios, 4 Sube Y Bajas Y 4 Resbalines - Implementación De Parques Infantiles Municipio De Bolívar",True,2026-09-08,2026-09-15,Vigente,Orlando Salazar Castro (Telf: 71741775 - 71741779 - 71742005),,Cochabamba,NB-SABS (D.S.0181)
26-1401-00-1637991-2-2,Gobierno Autonomo Municipal De Oruro,Obras,LP,Const. Cancha Con Cesped Sintetico J.V. Cnss,True,2026-09-08,2026-09-30,Vigente,Willy Alfredo Flores Davalos (Telf: 2-5251624),,Oruro,NB-SABS (D.S.0181)
26-1401-00-1684801-1-1,Gobierno Autonomo Municipal De Oruro,Bienes,ANPP,Adquisicion De Medicamentos E Insumos Por El D.S. N° 0181 Gestion 2026 Para La Unidad De Hemodialisis Del Hospital De 2do Nivel Barrios Mineros,True,2026-09-08,2026-09-18,Vigente,Lizett E. Santos Moscoso (Telf: 2-5251624),,Oruro,NB-SABS (D.S.0181)
26-1401-00-1686935-1-1,Gobierno Autonomo Municipal De Oruro,Consultoria,ANPP,Contratacion De Consultores Individuales De Linea: Personal Medico Paramedico Para Los Centros De Salud De Primer Nivel Del Municipio De Oruro G.A.M.O. Gestion 2026,False,2026-09-08,2026-09-21,Vigente,Lizett E. Santos Moscoso (Telf: 2-5251624),,Oruro,NB-SABS (D.S.0181)
26-1401-03-1685854-1-1,Secretaria Municipal De Salud Integral Y Deportes,Bienes,ANPP,Adquisición Medicamentos E Insumos Para El Hospital De Segundo Nivel Walter Khon Correspondiente Al Segundo Semestre Gestion 2026 Segun D.S. 0181,True,2026-09-08,2026-09-21,Vigente,Lizet Karen Humerez Acebo (Telf: 52-55796),,Oruro,NB-SABS (D.S.0181)
26-1401-03-1686020-1-1,Secretaria Municipal De Salud Integral Y Deportes,Bienes,CNC,Adquisicion De Medicamentos Para El Hospital De Segundo Nivel Walter Khon Segun D.S. 4505 Correspondiente Al Segundo Semestre Gestion 2026 (Segundo Pedido),True,2026-09-08,2026-09-14,Vigente,Lizet Karen Humerez Acebo (Telf: 52-55796),,Oruro,Compro Hecho en Bolivia (D.S.4505)
26-1408-00-1687152-1-1,Gobierno Autonomo Municipal De Poopo (Villa Poopo),Bienes,CM,Alimentacion Complementaria Escolar (Provision De Carne) Para Las Unidades Educativas Del Area Dispersa Del Distrito Educativo De Poopo,False,2026-09-08,2026-09-11,Vigente,Maria Pascuala  Quispe (Telf: 71850446),,Oruro,NB-SABS (D.S.0181)
26-1408-00-1687159-1-1,Gobierno Autonomo Municipal De Poopo (Villa Poopo),Bienes,CM,Alimentacion Complementaria Escolar (Racion Seca) Para Estudiantes Del Area Dispersa Del Distrito Educativo Poopó,False,2026-09-08,2026-09-11,Vigente,Maria Pascuala  Quispe (Telf: 71850446),,Oruro,NB-SABS (D.S.0181)
26-1410-00-1684244-1-1,Gobierno Autonomo Municipal De Antequera,Obras,CM,Mant.Y Refaccion Centro De Salud Y Puestos De Salud Mun. Antequera (Cambio De Cubierta Farmacia Safci Ecografía),False,2026-09-08,2026-09-11,Vigente,Gladys Mamani Cruz (Telf: 71843835),,Oruro,NB-SABS (D.S.0181)
26-1410-00-1687172-1-1,Gobierno Autonomo Municipal De Antequera,Obras,CM,Mantenimiento Unidades Educativas (Mantenimiento Y Refacción De Patio Principal U.E. Sebastián Pagador),False,2026-09-08,2026-09-11,Vigente,Gladys Mamani Cruz (Telf: 71843835),,Oruro,NB-SABS (D.S.0181)
26-1410-00-1687181-1-1,Gobierno Autonomo Municipal De Antequera,Obras,CM,Mantenimiento Unidades Educativas (Mantenimiento Y Refacción De Acceso Patio U.E.Sebastián Pagador Secundaria),False,2026-09-08,2026-09-11,Vigente,Gladys Mamani Cruz (Telf: 71843835),,Oruro,NB-SABS (D.S.0181)
26-1413-00-1687196-1-1,Gobierno Autonomo Municipal De San Pedro De Totora,Bienes,CND1,Adquisicion Cemento Portland Ip-30 Para Mejoramiento De La Plaza Comunidad Crucero,False,2026-09-08,2026-09-10,Vigente,Crispin Roberto Gutierrez Ramirez (Telf: -),,Oruro,Compro Hecho en Bolivia (D.S.4505)
26-1413-00-1687199-1-1,Gobierno Autonomo Municipal De San Pedro De Totora,Bienes,CND1,"Aquisicion De Cemento Portland Ip-30, Alambre De Amarre N°16 Para Construccion Plaza Principal  Comunidad Puerto Escoma",False,2026-09-08,2026-09-10,Vigente,Crispin Roberto Gutierrez Ramirez (Telf: -),,Oruro,Compro Hecho en Bolivia (D.S.4505)
26-1414-00-1686980-1-1,Gobierno Autonomo Municipal De Corque,Obras,ANPP,Ampl. Unidad Educatica Rafael Pabon Comunidad San Jose De Kala,True,2026-09-08,2026-09-21,Vigente,Jimena Ely Colque Canqui (Telf: 72477820),,Oruro,NB-SABS (D.S.0181)
26-1417-00-1687018-1-1,Gobierno Autonomo Municipal De Turco,Bienes,CM,Compra De Material De Escritorio,False,2026-09-08,2026-09-11,Vigente,Israel Mauricio Castillo Averanga (Telf: 70114035),,Oruro,NB-SABS (D.S.0181)
26-1423-00-1686836-1-1,Gobierno Autonomo Municipal De Toledo,Bienes,ANPE,Mantenimiento De Camino Cari Cari - Adquisición De Material De Relleno Tipo Pizarra,True,2026-09-08,2026-09-14,Vigente,Edson Abel Zena Gutierrez (Telf: 74140145),,Oruro,NB-SABS (D.S.0181)
26-1423-00-1686838-1-1,Gobierno Autonomo Municipal De Toledo,Consultoria,OF,Auditorias Externas - Auditoria Externa Para Proyecto Construccion De Viginias Para Consumo Animal Con La Implementacion De Maquinaria Pesada - Fdi,False,2026-09-08,2026-09-14,Vigente,Edson Abel Zena Gutierrez (Telf: 74140145),,Oruro,Otra Normativa especifica nacional
26-1435-00-1686877-0-E,Gobierno Autonomo Municipal De Soracachi,Consultoria,CM,Contratación De Consultores Individuales De Línea: 2 Conductores De Ambulancia Para Los Establecimientos De Salud Del Municipio De Soracachi – Segundo Semestre Gestión 2026,False,2026-09-08,,Contratado,Celso Cruz Mamani (Telf: 76980205),,Oruro,NB-SABS (D.S.0181)
26-1435-00-1686899-1-1,Gobierno Autonomo Municipal De Soracachi,Bienes,ANPE,Adq. De Materiales De Construcción Proyecto “Const. Dos Aulas U.E. Jiquilla Comunidad Jiquilla”,True,2026-09-08,2026-09-14,Vigente,Celso Cruz Mamani (Telf: 76980205),,Oruro,NB-SABS (D.S.0181)
26-1501-00-1680724-2-1,Gobierno Autonomo Municipal De Potosi,Bienes,ANPE,Adquisición De Parkas Institucionales Para El Personal De Inversión Y Funcionamiento Del G. A. M. P.-Seguridad Industrial Md,True,2026-09-08,2026-09-15,Vigente,Mirian Vargas Señoranis (Telf: 26226200),,Potosi,NB-SABS (D.S.0181)
26-1501-00-1683673-2-1,Gobierno Autonomo Municipal De Potosi,Bienes,ANPE,Adquisición De Cemento Asfaltico Y Emulsión Asfaltica Para Mant. Vial Av. Circunvalación Tramo Gasolinera Ticka Loma - Calle Duran De Castro D-1 - Mantenimiento Vías Y Acción Comunal Md,True,2026-09-08,2026-09-15,Vigente,Erick Roger Peredo Cabrera (Telf: 26226200),,Potosi,NB-SABS (D.S.0181)
26-1501-00-1686408-1-1,Gobierno Autonomo Municipal De Potosi,Bienes,CM,Adquisición De Mallas Para Funcionamiento Planta De Asfalto Y Hormigón - Funcionamiento Planta De Asfalto Y Hormigon,False,2026-09-08,2026-09-11,Vigente,Mirian Vargas Señoranis (Telf: 26226200),,Potosi,NB-SABS (D.S.0181)
26-1501-00-1686919-0-E,Gobierno Autonomo Municipal De Potosi,Obras,CD,Const. Centro De Capacitacion Productivo Comunidad Leche Huira Secc. Zamudio D-14 (Fase Ii),False,2026-09-08,,Contratado,Ines Quispe Rojas (Telf: 26226200),,Potosi,NB-SABS (D.S.0181)
26-1501-00-1687086-1-1,Gobierno Autonomo Municipal De Potosi,Obras,ANPE,Mej. Plazuela Huaychu J.V. Plaza Minero D-7,True,2026-09-08,2026-09-15,Vigente,Ines Quispe Rojas (Telf: 26226200),,Potosi,NB-SABS (D.S.0181)
26-1501-00-1687138-1-1,Gobierno Autonomo Municipal De Potosi,Bienes,LP,Adquisición De Cemento Asfáltico Y Emulsión Asfáltica - Pavimento Flexible Av. Circunvalación Entre Duran De Castro-Cortez D-2 - Mantenimiento Vías Y Acción Comunal Md,True,2026-09-08,2026-09-30,Vigente,Erick Roger Peredo Cabrera (Telf: 26226200),,Potosi,NB-SABS (D.S.0181)
26-1501-05-1686986-1-1,Dirección Técnica Municipal De Salud,Bienes,CND1,Adquisicion De Material De Limpieza Para El Centro De Salud Villa Mecanicos – Servicios De Salud Universal Y Gratuita– Sus.,False,2026-09-08,2026-09-11,Vigente,Karla Carvajal Villa (Telf: 2 6231337),,Potosi,Compro Hecho en Bolivia (D.S.4505)
26-1507-00-1685945-1-1,Gobierno Autonomo Municipal De Llallagua,Bienes,ANPE,“Apoyo Al Funcionamiento De Salud Segundo Nivel” (Adquisicion Material De Limpieza Hospital De Segundo Nivel Madre Obrera Municipio De Llallagua 2026),True,2026-09-08,2026-09-15,Vigente,Mariane Caballero Layme (Telf: 5822817),,Potosi,NB-SABS (D.S.0181)
26-1507-00-1686832-1-1,Gobierno Autonomo Municipal De Llallagua,Bienes,CNC,"""Servicios De Salud Universal Y Gratuita - Sus"" (Adquisición De Medicamentos Pacientes Ley 1152 Segundo Semestre Hospital De Segundo Nivel Madre Obrera Municipio De Llallagua 2026)",True,2026-09-08,2026-09-14,Vigente,Mariane Caballero Layme (Telf: 5822817),,Potosi,Compro Hecho en Bolivia (D.S.4505)
26-1508-00-1681190-2-1,Gobierno Autonomo Municipal De Betanzos,Bienes,ANPE,"Adquisición De Equipos De Computación, Impresora Multifuncional Y Data Display Para El Equipamiento De Unidades Educativas Del Municipio De Betanzos",True,2026-09-08,2026-09-15,Vigente,Rene Duran Quecaño (Telf: 6279032),,Potosi,NB-SABS (D.S.0181)
26-1508-00-1682107-2-1,Gobierno Autonomo Municipal De Betanzos,Servicios Generales,ANPE,Servicio De Maquinaria Pesada Excavadora Para Rehabilitación De Suelos Degradados Comunidad Despensa,True,2026-09-08,2026-09-15,Vigente,Rene Duran Quecaño (Telf: 6279032),,Potosi,NB-SABS (D.S.0181)
26-1508-00-1687149-1-1,Gobierno Autonomo Municipal De Betanzos,Bienes,CND1,"Adquisicion Materiales Para Const. Aula U.E. Villa Imperial ""B""",False,2026-09-08,2026-09-11,Vigente,Rene Duran Quecaño (Telf: 6279032),,Potosi,Compro Hecho en Bolivia (D.S.4505)
26-1508-00-1687155-1-1,Gobierno Autonomo Municipal De Betanzos,Servicios Generales,CM,Servicio De Transporte Escolar Municipal Ruta Nº 1 Y 2 - U.E. Oscar Unzaga De La Vega De Millares,False,2026-09-08,2026-09-11,Vigente,Rene Duran Quecaño (Telf: 6279032),,Potosi,NB-SABS (D.S.0181)
26-1512-00-1683034-1-2,Gobierno Autonomo Municipal De Ravelo,Bienes,ANPE,Adquisicion De Llantas Para Ambulancias Para Diferentes Centros De Salud Del Municipio De Ravelo -Gestión 2026,True,2026-09-08,2026-09-14,Vigente,Ariel Gustavo Hinojosa Porco (Telf: 72895076),,Potosi,NB-SABS (D.S.0181)
26-1515-00-1686859-1-1,Gobierno Autonomo Municipal De San Pedro De Buena Vista,Bienes,CM,Adquisicion De Papel Bond Y Material De Escritorio Para La Red De Salud San Pedro De Buena Vista,False,2026-09-08,2026-09-11,Vigente,David Pillco Atanacio (Telf: 75422997),,Potosi,NB-SABS (D.S.0181)
26-1515-00-1687096-1-1,Gobierno Autonomo Municipal De San Pedro De Buena Vista,Bienes,CM,"Adquisicion De Equipos, Accesorios Y Repuestos Informaticos Para El Gobierno Autonomo Municipal De San Pedro De Buena Vista",False,2026-09-08,2026-09-11,Vigente,David Pillco Atanacio (Telf: 75422997),,Potosi,NB-SABS (D.S.0181)
26-1517-00-1686806-0-E,Gobierno Autonomo Municipal De Cotagaita,Consultoria,CM,Construcción Puente Peatonal Lackahuasi (Edtp),False,2026-09-08,,Contratado,Vladimir Santos Barroso Ricalde (Telf: 06949155),,Potosi,NB-SABS (D.S.0181)
26-1519-00-1687100-1-1,Gobierno Autonomo Municipal De Tupiza,Bienes,CND1,Adquisición De Equipo De Computación Para La Dirección De Planificación Del Gobierno Autónomo Municipal De Tupiza,False,2026-09-08,2026-09-11,Vigente,Maximo Roman Ramos (Telf: 26943926 / 26942304),,Potosi,Compro Hecho en Bolivia (D.S.4505)
26-1519-00-1687116-1-1,Gobierno Autonomo Municipal De Tupiza,Bienes,CND1,"Adquisicion De ""Papel De Oficina"";""Utiles De Escritorio"", Para Funcionamiento Del Area Protegida Municipal Eco Parque Encantado Del Gobierno Autónomo Municipal De Tupiza",False,2026-09-08,2026-09-11,Vigente,Maximo Roman Ramos (Telf: 26943926 / 26942304),,Potosi,Compro Hecho en Bolivia (D.S.4505)
26-1519-00-1687124-1-1,Gobierno Autonomo Municipal De Tupiza,Bienes,CND1,Adquisición De Papel De Oficina - Útiles De Escritorio  Para La Unidad De Medio Ambiente Del Gobierno Autónomo Municipal De Tupiza,False,2026-09-08,2026-09-11,Vigente,Maximo Roman Ramos (Telf: 26943926 / 26942304),,Potosi,Compro Hecho en Bolivia (D.S.4505)
26-1526-00-1680283-2-1,Gobierno Autonomo Municipal De Sacaca (Villa De Sacaca),Obras,ANPE,Mej. Sistema De Agua Potable Vilacirca,True,2026-09-08,2026-09-15,Vigente,Nelson Gabriel Chambi (Telf: 67948479),,Potosi,NB-SABS (D.S.0181)
26-1526-00-1687160-1-1,Gobierno Autonomo Municipal De Sacaca (Villa De Sacaca),Bienes,ANPE,Asistencia En Desastres Naturales A Nivel Municipal “Adquisicion De Tanques Plasticos Para Almacenamiento De Agua”,True,2026-09-08,2026-09-15,Vigente,Nelson Gabriel Chambi (Telf: 67948479),,Potosi,NB-SABS (D.S.0181)
26-1532-00-1685841-1-1,Gobierno Autonomo Municipal De Porco,Bienes,ANPP,Adquisicion De Medicamentos E Insumos Medicos Ley 1152(Sus) Por D.S. 4505 (Declarados Desiertos Y Sin Ficha Tecnica),True,2026-09-08,2026-09-18,Vigente,Jose Jose Flores Cruz (Telf: 72395900),,Potosi,NB-SABS (D.S.0181)
26-1534-00-1687052-1-1,Gobierno Autonomo Municipal De Acasio,Bienes,CNC,Adquisición Del Complemento Nutricional Para La Adulta Y El Adulto Mayor(Carmelo) Con Quinua Gestión 2026 Para El Municipio De Acasio,True,2026-09-08,2026-09-11,Vigente,Cristobal Sisco Rioja (Telf: 71723964),,Potosi,Compro Hecho en Bolivia (D.S.4505)
26-1601-00-1686856-0-E,Gobierno Autonomo Municipal De Tarija,Consultoria,CM,Contratacion De Consultor Por Producto Estudio De Diseño Tecnico De Preinversion “Construccion Sistema De Riego Tecnificado Comunidad Morros Blancos”,False,2026-09-08,,Contratado,Eiber Romer Herrera Aguirre (Telf: 6643211 - 6643213),,Tarija,NB-SABS (D.S.0181)
26-1601-00-1687103-1-1,Gobierno Autonomo Municipal De Tarija,Bienes,ANPE,Adquisicion De Insumos Odontologicos Para El Sistema De Salud Universal Y Gratuito (Sus) De La Provincia Cercado Segundo Semestre Gestion 2026,True,2026-09-08,2026-09-14,Vigente,Shirley Margarzo Romero (Telf: 6643211 - 6643213),,Tarija,NB-SABS (D.S.0181)
26-1603-00-1686773-1-1,Gobierno Autonomo Municipal De Bermejo,Obras,LP,Const. Obras De Arte Caminos Vecinales Zona Alta Municipio De Bermejo,True,2026-09-08,2026-09-30,Vigente,Giovana Iniguez Pacheco  (Telf: 6961095),,Tarija,NB-SABS (D.S.0181)
26-1604-00-1686259-0-E,Gobierno Autonomo Municipal De Yacuiba,Bienes,CD,"Adquisicion De Combustible Diesel Para Vehiculos, Maquinaria Pesada Y Equipos Dependientes De La Secretaria De Obras Publicas",False,2026-09-08,,Contratado,Fabiola Carina Romero Flores (Telf: 46822024),,Tarija,NB-SABS (D.S.0181)
26-1701-00-1680759-1-2,Gobierno Autonomo Municipal De Santa Cruz De La Sierra,Bienes,ANPE,"Adquisicion De Formularios Clinicos Para El Hospital Municipal Plan 3000, Sms",True,2026-09-08,2026-09-15,Vigente,Carmen Carola Capobianco Antelo (Telf: Ver Convocatoria y/o DBC. ),,Santa Cruz,NB-SABS (D.S.0181)
26-1701-00-1684479-0-E,Gobierno Autonomo Municipal De Santa Cruz De La Sierra,Consultoria,OF,Contratación De Un Consultor Individual Especialista Administrativo Financiero. Uodpru-Sempladyma.,False,2026-09-08,,Contratado,Rodolfo Montoya Teran (Telf: Ver Convocatoria y/o DBC. ),,Santa Cruz,Normativa del Financiador (BM)
26-1701-00-1686007-1-1,Gobierno Autonomo Municipal De Santa Cruz De La Sierra,Bienes,ANPE,"Adquisicion De Confecciones Textiles Para La Red De Salud Norte, Sms",True,2026-09-08,2026-09-15,Vigente,Sanddy Cruz Gutierrez (Telf: Ver Convocatoria y/o DBC. ),,Santa Cruz,NB-SABS (D.S.0181)
26-1701-00-1686905-1-1,Gobierno Autonomo Municipal De Santa Cruz De La Sierra,Bienes,CM,Adquisicion De Insumos Medicos De Alta Rotacion Para El Hospital Municipal Frances Sms,False,2026-09-08,2026-09-11,Vigente,Cristian Chavez Serrano (Telf: Ver Convocatoria y/o DBC. ),,Santa Cruz,NB-SABS (D.S.0181)
26-1701-00-1687072-1-1,Gobierno Autonomo Municipal De Santa Cruz De La Sierra,Bienes,CNC,"Adquisicion De Medicamentos Para El Servicio De Hemodialisis Del Hospital Municipal Bajio Del Oriente Cuarto Pedido, Sms",True,2026-09-08,2026-09-14,Vigente,Sanddy Cruz Gutierrez (Telf: Ver Convocatoria y/o DBC. ),,Santa Cruz,Compro Hecho en Bolivia (D.S.4505)
26-1701-00-1687077-1-1,Gobierno Autonomo Municipal De Santa Cruz De La Sierra,Servicios Generales,ANPE,"Servicio De Mantenimiento Preventivo Y Correctivo A Las Máquinas De Hemodiálisis Del Hospital Municipal Bajío Del Oriente, Segundo Pedido, Sms",True,2026-09-08,2026-09-15,Vigente,Carmen Carola Capobianco Antelo (Telf: Ver Convocatoria y/o DBC. ),,Santa Cruz,NB-SABS (D.S.0181)
26-1701-00-1687087-1-1,Gobierno Autonomo Municipal De Santa Cruz De La Sierra,Bienes,CNC,"Adquisicion De Medicamentos Para El Hospital Municipal Bajio Del Oriente, Quinto Pedido, Sms",True,2026-09-08,2026-09-14,Vigente,Sanddy Cruz Gutierrez (Telf: Ver Convocatoria y/o DBC. ),,Santa Cruz,Compro Hecho en Bolivia (D.S.4505)
26-1701-00-1687091-1-1,Gobierno Autonomo Municipal De Santa Cruz De La Sierra,Bienes,CNC,"Adquisicion De Medicamentos Para Las Farmacias De Los Centros De La Red De Salud Este, Sms",True,2026-09-08,2026-09-14,Vigente,Rosario Ingrid Vega Rojas (Telf: Ver Convocatoria y/o DBC. ),,Santa Cruz,Compro Hecho en Bolivia (D.S.4505)
26-1701-00-1687123-1-1,Gobierno Autonomo Municipal De Santa Cruz De La Sierra,Bienes,CNC,"Adquisicion De Medicamentos Para La Red De Salud Norte, Segunda Compra,Sms.",True,2026-09-08,2026-09-15,Vigente,Carmen Carola Capobianco Antelo (Telf: Ver Convocatoria y/o DBC. ),,Santa Cruz,Compro Hecho en Bolivia (D.S.4505)
26-1702-00-1684547-1-1,Gobierno Autonomo Municipal De Cotoca,Bienes,ANPP,Compra De Insumos Médicos Para El Sistema Único De Salud Del H.M.V.C. Y Centros De Salud Del Municipio De Cotoca,True,2026-09-08,2026-09-18,Vigente,Talia Marisol Lara Yahuincha (Telf: 3882547),,Santa Cruz,NB-SABS (D.S.0181)
26-1703-00-1686868-0-E,Gobierno Autonomo Municipal De Ayacucho (Porongo),Consultoria,CM,Auxiliar De Enfermeria  (Vi) Porongo,False,2026-09-08,,Contratado,Carol Nicol Rodriguez Soliz (Telf: 3888227),,Santa Cruz,NB-SABS (D.S.0181)
26-1703-00-1686875-0-E,Gobierno Autonomo Municipal De Ayacucho (Porongo),Consultoria,CM,Tecnico De Laboratorio,False,2026-09-08,,Contratado,Mirian Rita Soria Coronado (Telf: 3888227),,Santa Cruz,NB-SABS (D.S.0181)
26-1703-00-1686881-0-E,Gobierno Autonomo Municipal De Ayacucho (Porongo),Consultoria,CM,Auxiliar De Enfermeria (Ii) Los Batos,False,2026-09-08,,Contratado,Carol Nicol Rodriguez Soliz (Telf: 3888227),,Santa Cruz,NB-SABS (D.S.0181)
26-1703-00-1686885-0-E,Gobierno Autonomo Municipal De Ayacucho (Porongo),Consultoria,CM,Secretaria Administrativa De La Jefatura Medica De Salud,False,2026-09-08,,Contratado,Mirian Rita Soria Coronado (Telf: 3888227),,Santa Cruz,NB-SABS (D.S.0181)
26-1703-00-1686886-0-E,Gobierno Autonomo Municipal De Ayacucho (Porongo),Consultoria,CM,Medico General (I) Terebinto,False,2026-09-08,,Contratado,Viznney Saavedra Paniagua (Telf: 3888227),,Santa Cruz,NB-SABS (D.S.0181)
26-1703-00-1686896-0-E,Gobierno Autonomo Municipal De Ayacucho (Porongo),Consultoria,CM,Medico  General (I)  Los Batos,False,2026-09-08,,Contratado,Viznney Saavedra Paniagua (Telf: 3888227),,Santa Cruz,NB-SABS (D.S.0181)
26-1703-00-1686903-0-E,Gobierno Autonomo Municipal De Ayacucho (Porongo),Consultoria,CM,Auxiliar De Enfermeria (Iii) Los Batos,False,2026-09-08,,Contratado,Carol Nicol Rodriguez Soliz (Telf: 3888227),,Santa Cruz,NB-SABS (D.S.0181)
26-1703-00-1686913-0-E,Gobierno Autonomo Municipal De Ayacucho (Porongo),Consultoria,CM,Tecnico Administrativo De Salud,False,2026-09-08,,Contratado,Mirian Rita Soria Coronado (Telf: 3888227),,Santa Cruz,NB-SABS (D.S.0181)
26-1703-00-1686916-0-E,Gobierno Autonomo Municipal De Ayacucho (Porongo),Consultoria,CM,Auxiliar De Enfermeria (V) Los Batos,False,2026-09-08,,Contratado,Carol Nicol Rodriguez Soliz (Telf: 3888227),,Santa Cruz,NB-SABS (D.S.0181)
26-1703-00-1686936-0-E,Gobierno Autonomo Municipal De Ayacucho (Porongo),Consultoria,CM,Supervisora De Enfermeria,False,2026-09-08,,Contratado,Mirian Rita Soria Coronado (Telf: 3888227),,Santa Cruz,NB-SABS (D.S.0181)
26-1703-00-1686968-0-E,Gobierno Autonomo Municipal De Ayacucho (Porongo),Consultoria,CM,Auxiliar De Enfermeria (Ii)  Terebinto,False,2026-09-08,,Contratado,Carol Nicol Rodriguez Soliz (Telf: 3888227),,Santa Cruz,NB-SABS (D.S.0181)
26-1703-00-1686982-0-E,Gobierno Autonomo Municipal De Ayacucho (Porongo),Consultoria,CM,Auxiliar De Enfermeria (I) Santa Fe,False,2026-09-08,,Contratado,Carol Nicol Rodriguez Soliz (Telf: 3888227),,Santa Cruz,NB-SABS (D.S.0181)
26-1703-00-1686998-0-E,Gobierno Autonomo Municipal De Ayacucho (Porongo),Consultoria,CM,Auxiliar De Enfermeria (I) Nueva Palestina,False,2026-09-08,,Contratado,Carol Nicol Rodriguez Soliz (Telf: 3888227),,Santa Cruz,NB-SABS (D.S.0181)
26-1703-00-1687020-0-E,Gobierno Autonomo Municipal De Ayacucho (Porongo),Consultoria,CM,Auxiliar De Enfermeria (I)  Tarumatu,False,2026-09-08,,Contratado,Carol Nicol Rodriguez Soliz (Telf: 3888227),,Santa Cruz,NB-SABS (D.S.0181)
26-1703-00-1687036-0-E,Gobierno Autonomo Municipal De Ayacucho (Porongo),Consultoria,CM,Medico  General (Ii)  Los Batos,False,2026-09-08,,Contratado,Viznney Saavedra Paniagua (Telf: 3888227),,Santa Cruz,NB-SABS (D.S.0181)
26-1703-00-1687051-0-E,Gobierno Autonomo Municipal De Ayacucho (Porongo),Consultoria,CM,Medico  General (I)  Sombrerito,False,2026-09-08,,Contratado,Viznney Saavedra Paniagua (Telf: 3888227),,Santa Cruz,NB-SABS (D.S.0181)
26-1703-00-1687055-0-E,Gobierno Autonomo Municipal De Ayacucho (Porongo),Consultoria,CM,Auxiliar De Enfermeria (I)  San Pedro,False,2026-09-08,,Contratado,Carol Nicol Rodriguez Soliz (Telf: 3888227),,Santa Cruz,NB-SABS (D.S.0181)
26-1703-00-1687068-0-E,Gobierno Autonomo Municipal De Ayacucho (Porongo),Consultoria,CM,Licenciada De Enfermeria (I) C.S.S.J.B,False,2026-09-08,,Contratado,Mirian Rita Soria Coronado (Telf: 3888227),,Santa Cruz,NB-SABS (D.S.0181)
26-1703-00-1687082-0-E,Gobierno Autonomo Municipal De Ayacucho (Porongo),Consultoria,CM,Auxiliar De Enfermeria (I)  Luquillas,False,2026-09-08,,Contratado,Carol Nicol Rodriguez Soliz (Telf: 3888227),,Santa Cruz,NB-SABS (D.S.0181)
26-1704-00-1674571-1-2,Gobierno Autonomo Municipal De La Guardia,Bienes,CM,Adquisición De Hojas Membretadas Para Las Diferentes Oficinas Dependientes Del Gam La Guardia,False,2026-09-08,2026-09-11,Vigente,Alejandra Mendiola Duran (Telf: 3840019),,Santa Cruz,NB-SABS (D.S.0181)
26-1704-00-1683606-1-1,Gobierno Autonomo Municipal De La Guardia,Consultoria,ANPP,"""Supervision Externa- Proyecto  Const. De Pavimento Av. Radial 17 1/2 - La Guardia""",False,2026-09-08,2026-09-21,Vigente,Damarys Gonzales Fernandez (Telf: 3840019),,Santa Cruz,NB-SABS (D.S.0181)
26-1704-00-1684605-1-1,Gobierno Autonomo Municipal De La Guardia,Bienes,ANPP,Adquisicion De Luminarias Para Los Diferentes Barrios Y Urbanizaciones Del D-4 Del Municipio De La Guardia,True,2026-09-08,2026-09-18,Vigente,Judith Calcina Chambi (Telf: 3840019),,Santa Cruz,NB-SABS (D.S.0181)
26-1705-00-1682242-0-E,Gobierno Autonomo Municipal De El Torno,Servicios Generales,CD,Contratacion De Orquesta La Fabulosa Para La Fiesta Patronal Santiago Apostol Del Municipio De El Torno,False,2026-09-08,,Contratado,Ronald Ignacio Aguirre Fernandez (Telf: 3822132 - 3822164),,Santa Cruz,NB-SABS (D.S.0181)
26-1705-00-1687016-0-E,Gobierno Autonomo Municipal De El Torno,Servicios Generales,CD,Contratacion Del Grupo Musical Guachambe Para La Fiesta Patronal Santiago Apostol Del Municipio De El Torno,False,2026-09-08,,Contratado,Ronald Ignacio Aguirre Fernandez (Telf: 3822132 - 3822164),,Santa Cruz,NB-SABS (D.S.0181)
26-1706-00-1686713-0-E,Gobierno Autonomo Municipal De Warnes,Obras,CD,"""Refacción Y Mantenimiento De U.E. Akualand. U.E Jose Manuel Vaca Y U.E. Elvira Cuellar De Vaca Diez""",False,2026-09-08,,Contratado,Celina Suarez Guevara (Telf: 923-2055),,Santa Cruz,NB-SABS (D.S.0181)
26-1706-00-1686973-0-E,Gobierno Autonomo Municipal De Warnes,Obras,CD,"""Refacción Y Mantenimiento U.E. Avelino Siñani""",False,2026-09-08,,Contratado,Celina Suarez Guevara (Telf: 923-2055),,Santa Cruz,NB-SABS (D.S.0181)
26-1711-00-1685669-1-2,Gobierno Autonomo Municipal De San Carlos,Bienes,ANPE,"Adquisicion De Pantallas Y Lamparas Led, Para Mejoramiento De Alumbrado Publico Del Municipio De San Carlos",True,2026-09-08,2026-09-14,Vigente,Lilian Flores Esposo (Telf: 010-39352019),,Santa Cruz,NB-SABS (D.S.0181)
26-1711-00-1686890-1-1,Gobierno Autonomo Municipal De San Carlos,Servicios Generales,CM,"Mantenimiento Casa De La Cultura, Distrito San Carlos",False,2026-09-08,2026-09-11,Vigente,Lilian Flores Esposo (Telf: 010-39352019),,Santa Cruz,NB-SABS (D.S.0181)
26-1723-00-1686534-1-1,Gobierno Autonomo Municipal De Camiri,Obras,ANPE,Construccion Muro De Contencion Y Refaccion Centro De Salud San Jose Obrero,True,2026-09-08,2026-09-14,Vigente,Miguel Angel Martinez Padilla (Telf: 39523252),,Santa Cruz,NB-SABS (D.S.0181)
26-1723-00-1687050-1-1,Gobierno Autonomo Municipal De Camiri,Obras,ANPE,Construccion Pavimento Calle N° 7 Otb Antezana,True,2026-09-08,2026-09-14,Vigente,Miguel Angel Martinez Padilla (Telf: 39523252),,Santa Cruz,NB-SABS (D.S.0181)
26-1734-00-1673016-1-2,Gobierno Autonomo Municipal De Montero,Bienes,ANPE,Adquisición De  Desinfectantes De Alto Nivel Para El Hospital Municipal Alfonso Gumucio Reyes Gestión 2026,True,2026-09-08,2026-09-14,Vigente,Maria Elena Tejerina Vaca (Telf: 9220022 -),,Santa Cruz,NB-SABS (D.S.0181)
26-1734-00-1686652-1-1,Gobierno Autonomo Municipal De Montero,Bienes,ANPE,Adquisicion De Colchonetas Y Forro Para El Hospital Municipal Alfonso Gumucio Reyes- Gestión 2026,True,2026-09-08,2026-09-14,Vigente,Wilson Rojas Pinto (Telf: 9220022 -),,Santa Cruz,NB-SABS (D.S.0181)
26-1734-00-1686654-1-1,Gobierno Autonomo Municipal De Montero,Bienes,ANPP,Adquisicion De Medicamentos E Insumos Medicos Para El Abastecimiento De Los Centros De Salud De Primer Nivel Del Municipio De Montero Gestion 2026,True,2026-09-08,2026-09-18,Vigente,Yobana Lopez Galindo (Telf: 9220022 -),,Santa Cruz,NB-SABS (D.S.0181)
26-1734-00-1686655-1-1,Gobierno Autonomo Municipal De Montero,Bienes,ANPE,"Adquisición De Sabanas, Campos, Cubiertas Y Otros Para El Hospital Municipal Alfonso Gumucio Reyes - Gestión 2026",True,2026-09-08,2026-09-14,Vigente,Tatiana Teran Merubia (Telf: 9220022 -),,Santa Cruz,NB-SABS (D.S.0181)
26-1734-00-1686673-1-1,Gobierno Autonomo Municipal De Montero,Bienes,ANPE,Adquisición De Materiales Eléctricos Para El Alumbrado Publico,True,2026-09-08,2026-09-15,Vigente,Tatiana Teran Merubia (Telf: 9220022 -),,Santa Cruz,NB-SABS (D.S.0181)
26-1734-00-1686675-1-1,Gobierno Autonomo Municipal De Montero,Bienes,CNC,Adquisicion De Medicamentos De Alta Rotacion Para Los Centros De Salud De Primer Nivel Del Municipio De Montero,True,2026-09-08,2026-09-14,Vigente,Yobana Lopez Galindo (Telf: 9220022 -),,Santa Cruz,Compro Hecho en Bolivia (D.S.4505)
26-1734-00-1686678-1-1,Gobierno Autonomo Municipal De Montero,Bienes,CNC,"Adquisicion De  Antihipertensivos, Antidiabeticos Y Soluciones Parenterales Para El S.U.S Del C.S.M. Juana Azurduy De Padilla.",True,2026-09-08,2026-09-14,Vigente,Yobana Lopez Galindo (Telf: 9220022 -),,Santa Cruz,Compro Hecho en Bolivia (D.S.4505)
26-1734-00-1686688-1-1,Gobierno Autonomo Municipal De Montero,Bienes,CM,Adquisicion De Papeleria Para El Hospital Municipal Alfonso Gumucio Reyes - Gestion 2026,False,2026-09-08,2026-09-11,Vigente,Marisely Paniagua Caballero (Telf: 9220022 -),,Santa Cruz,NB-SABS (D.S.0181)
26-1734-00-1686701-1-1,Gobierno Autonomo Municipal De Montero,Bienes,CNC,Adquisicion De Medicamentos Antiepilepticos - Solucion Para Perfusion - Antiinfeccioso Para Pacientes Adscritos Al Sus Del H.M.A.G.R. Gestion 2026,True,2026-09-08,2026-09-16,Vigente,Wilson Rojas Pinto (Telf: 9220022 -),,Santa Cruz,Compro Hecho en Bolivia (D.S.4505)
26-1734-00-1686712-1-1,Gobierno Autonomo Municipal De Montero,Obras,ANPP,Mejoramiento De Empalmes Con Losetas En D1,True,2026-09-08,2026-09-18,Vigente,Tatiana Teran Merubia (Telf: 9220022 -),,Santa Cruz,NB-SABS (D.S.0181)
26-1734-00-1686847-1-1,Gobierno Autonomo Municipal De Montero,Bienes,CM,Adquisicion De Productos De Artes Graficas Para El Servicio De Pediatria Rene Balderas Lopez.,False,2026-09-08,2026-09-11,Vigente,Maria Carolina Parada Mendez (Telf: 9220022 -),,Santa Cruz,NB-SABS (D.S.0181)
26-1734-00-1686849-1-1,Gobierno Autonomo Municipal De Montero,Obras,ANPP,"Refacción Área De Esparcimiento, Enfermería, Uci, Odontología, Sala De Espera Del Hospital Municipal Alfonso Gumucio Reyes",True,2026-09-08,2026-09-18,Vigente,Maria Elena Tejerina Vaca (Telf: 9220022 -),,Santa Cruz,NB-SABS (D.S.0181)
26-1734-00-1686938-1-1,Gobierno Autonomo Municipal De Montero,Bienes,CM,Adquisición De Catéter Intravenoso Para El Servicio Pediátrico R.B.L.,False,2026-09-08,2026-09-11,Vigente,Gloria Estefani Montaño Vasquez (Telf: 9220022 -),,Santa Cruz,NB-SABS (D.S.0181)
26-1734-00-1686988-1-1,Gobierno Autonomo Municipal De Montero,Bienes,CND1,Compra De Dos Computadoras Para Las Oficinas De La Dirección De La Felcc Norte Integrado,False,2026-09-08,2026-09-10,Vigente,Henry Zambrana Terrazas (Telf: 9220022 -),,Santa Cruz,Compro Hecho en Bolivia (D.S.4505)
26-1734-00-1686999-1-1,Gobierno Autonomo Municipal De Montero,Bienes,CM,Adquisición De Placas Radiográficas Para El Centro De Salud San Martín De Porrez,False,2026-09-08,2026-09-11,Vigente,Gloria Estefani Montaño Vasquez (Telf: 9220022 -),,Santa Cruz,NB-SABS (D.S.0181)
26-1734-00-1687019-1-1,Gobierno Autonomo Municipal De Montero,Bienes,CND1,"Adquisición De Cuadernos Para El Registro De Información Clinica, Administrativa Y Operativa, Para Las Diferentes Áreas Del Centro De Salud La Sagrada Familia",False,2026-09-08,2026-09-10,Vigente,Henry Zambrana Terrazas (Telf: 9220022 -),,Santa Cruz,Compro Hecho en Bolivia (D.S.4505)
26-1739-00-1677853-2-1,Gobierno Autonomo Municipal De San Julian,Obras,ANPP,Const. Enmallado U.E. 16 De Marzo - Dist. Indigena Guarani 16 De Marzo,True,2026-09-08,2026-09-21,Vigente,Maria Liceth Vaca Picha (Telf: 39658002 - 60919566),,Santa Cruz,NB-SABS (D.S.0181)
26-1739-00-1678847-2-1,Gobierno Autonomo Municipal De San Julian,Obras,ANPP,Const. Embardado Cea Marcelo Quiroga Scz Distr. San Julian Centro,True,2026-09-08,2026-09-21,Vigente,Maria Liceth Vaca Picha (Telf: 39658002 - 60919566),,Santa Cruz,NB-SABS (D.S.0181)
26-1739-00-1687042-1-1,Gobierno Autonomo Municipal De San Julian,Consultoria,ANPP,Inventariacion Y Revalorizacion De Activos Fijos Gamsj,False,2026-09-08,2026-09-21,Vigente,Maria Liceth Vaca Picha (Telf: 39658002 - 60919566),,Santa Cruz,NB-SABS (D.S.0181)
26-1739-00-1687069-1-1,Gobierno Autonomo Municipal De San Julian,Bienes,CND1,Adquisicion De Equipos De Computacion Para La Unidad Educativa Gral. Jose De San Martin,False,2026-09-08,2026-09-11,Vigente,Vania Equise Chura (Telf: 39658002 - 60919566),,Santa Cruz,Compro Hecho en Bolivia (D.S.4505)
26-1739-00-1687113-1-1,Gobierno Autonomo Municipal De San Julian,Bienes,CND1,Adquisición De Abarrotes Para El Internado U.E. Gral Jose De San Martín (Producto Nacional),False,2026-09-08,2026-09-11,Vigente,Vania Equise Chura (Telf: 39658002 - 60919566),,Santa Cruz,Compro Hecho en Bolivia (D.S.4505)
26-1740-00-1687145-0-E,Gobierno Autonomo Municipal De San Matias,Consultoria,CM,Consultoría Por Producto Para Formulación Del Plan Estratégico Institucional (Pei) 2026-2030 Del Gobierno Autónomo Municipal De San Matias,False,2026-09-08,,Contratado,Peter Paul Miranda Melgar (Telf: (591-3) 979-2298),,Santa Cruz,NB-SABS (D.S.0181)
26-1754-00-1686738-1-1,Gobierno Autonomo Municipal De San Pedro (Santa Cruz),Bienes,ANPE,Adquisición De Canaston Alimentario Estudiantil Por Alimentación Complementaria Escolar Para La Gestión 2026 – En El Municipio De San Pedro,True,2026-09-08,2026-09-14,Vigente,Joel Bentura Bautista (Telf: -),,Santa Cruz,NB-SABS (D.S.0181)
26-1755-00-1686176-1-1,Gobierno Autonomo Municipal De Cuatro Canadas,Bienes,CM,Adquisicion De Medicamentos Para Los Pacientes Del Sistema Unico De Salud Ley 1152 (Sus)-Red De Salud Cuatro Cañadas,False,2026-09-08,2026-09-11,Vigente,Melisa Bernal Garcia (Telf: 9656315),,Santa Cruz,NB-SABS (D.S.0181)
26-1755-00-1686785-1-1,Gobierno Autonomo Municipal De Cuatro Canadas,Bienes,CM,Compra De Equipos De Computacion E Impresoras Para El Gobierno Autonomo Municipal De Cuatro Cañadas,False,2026-09-08,2026-09-11,Vigente,Melisa Bernal Garcia (Telf: 9656315),,Santa Cruz,NB-SABS (D.S.0181)
26-1801-00-1686776-0-E,Gobierno Autonomo Municipal De Santisima Trinidad,Consultoria,CM,Consultor Individual De Linea Profesional Iii Encargado De Planificacion E Inversion Publica,False,2026-09-08,,Contratado,Yusara Cendrine Vargas Carvalho (Telf: 4621322 - 4620447),,Beni,NB-SABS (D.S.0181)
26-1801-00-1686787-0-E,Gobierno Autonomo Municipal De Santisima Trinidad,Consultoria,CM,Consultor Individual De Linea Profesional Iii Para Preparacion Y Elaboracion De Proyectos 3-2026,False,2026-09-08,,Contratado,Yusara Cendrine Vargas Carvalho (Telf: 4621322 - 4620447),,Beni,NB-SABS (D.S.0181)
26-1801-00-1686846-0-E,Gobierno Autonomo Municipal De Santisima Trinidad,Consultoria,CM,Consultor Individual De Linea – Profesional Iv – Medico De Apoyo Diagnostico - Centro De Salud Central,False,2026-09-08,,Contratado,Eulis Cuellar Cardona (Telf: 4621322 - 4620447),,Beni,NB-SABS (D.S.0181)
26-1801-00-1686848-0-E,Gobierno Autonomo Municipal De Santisima Trinidad,Consultoria,CM,Consultor Individual De Linea –  Administrativo I – Medico Triage - Centro De Salud 30 De Salud,False,2026-09-08,,Contratado,Eulis Cuellar Cardona (Telf: 4621322 - 4620447),,Beni,NB-SABS (D.S.0181)
26-1801-00-1686852-0-E,Gobierno Autonomo Municipal De Santisima Trinidad,Consultoria,CM,Consultor Individual De Linea – Profesional Iii – Medico General - Centro De Salud San Vicente - 1,False,2026-09-08,,Contratado,Eulis Cuellar Cardona (Telf: 4621322 - 4620447),,Beni,NB-SABS (D.S.0181)
26-1801-00-1686858-0-E,Gobierno Autonomo Municipal De Santisima Trinidad,Consultoria,CM,Consultor Individual De Linea - Administrativo I - Bioquimico Farmaceutico - Centro De Salud Plataforma,False,2026-09-08,,Contratado,Eulis Cuellar Cardona (Telf: 4621322 - 4620447),,Beni,NB-SABS (D.S.0181)
26-1801-00-1686862-0-E,Gobierno Autonomo Municipal De Santisima Trinidad,Consultoria,CM,Consultor Individual De Linea - Administrativo I - Licenciada En Enfermeria  - Centro De Salud Centro - 1,False,2026-09-08,,Contratado,Eulis Cuellar Cardona (Telf: 4621322 - 4620447),,Beni,NB-SABS (D.S.0181)
26-1801-00-1686874-0-E,Gobierno Autonomo Municipal De Santisima Trinidad,Consultoria,CM,Consultor Individual De Linea - Administrativo I - Bioquimico Farmaceutico - Centro De Salud Mangalito,False,2026-09-08,,Contratado,Eulis Cuellar Cardona (Telf: 4621322 - 4620447),,Beni,NB-SABS (D.S.0181)
26-1801-00-1686882-0-E,Gobierno Autonomo Municipal De Santisima Trinidad,Consultoria,CM,Consultor Individual De Linea - Administrativo I - Licenciada En Enfermeria - Centro De Salud 30 De Julio - 2,False,2026-09-08,,Contratado,Eulis Cuellar Cardona (Telf: 4621322 - 4620447),,Beni,NB-SABS (D.S.0181)
26-1801-00-1686895-0-E,Gobierno Autonomo Municipal De Santisima Trinidad,Consultoria,CM,Consultor Individual De Linea - Administrativo I - Bioquimico Laboratorio - Centro De Salud Pedro Ignacio Muiba,False,2026-09-08,,Contratado,Eulis Cuellar Cardona (Telf: 4621322 - 4620447),,Beni,NB-SABS (D.S.0181)
26-1801-00-1686902-0-E,Gobierno Autonomo Municipal De Santisima Trinidad,Consultoria,CM,Consultor Individual De Linea - Administrativo I - Odontologo - Centro De Salud Central - 1,False,2026-09-08,,Contratado,Eulis Cuellar Cardona (Telf: 4621322 - 4620447),,Beni,NB-SABS (D.S.0181)
26-1801-00-1686918-0-E,Gobierno Autonomo Municipal De Santisima Trinidad,Consultoria,CM,Consultor Individual De Linea - Administrativo I - Bioquimico Farmaceutico - Centro De Salud Puerto Almacen,False,2026-09-08,,Contratado,Eulis Cuellar Cardona (Telf: 4621322 - 4620447),,Beni,NB-SABS (D.S.0181)
26-1801-00-1686926-0-E,Gobierno Autonomo Municipal De Santisima Trinidad,Consultoria,CM,Consultor Individual De Linea Profesional Ii Encargado De Archivo Central De Finanzas,False,2026-09-08,,Contratado,Karina Elena Arteaga Ribera (Telf: 4621322 - 4620447),,Beni,NB-SABS (D.S.0181)
26-1801-00-1686929-0-E,Gobierno Autonomo Municipal De Santisima Trinidad,Consultoria,CM,Consultor Individual De Linea Profesional I - Supervisor De Obras Para La Direccion Municipal De Obras Públicas 3 - Gestion 2026,False,2026-09-08,,Contratado,Karina Elena Arteaga Ribera (Telf: 4621322 - 4620447),,Beni,NB-SABS (D.S.0181)
26-1801-00-1686930-0-E,Gobierno Autonomo Municipal De Santisima Trinidad,Consultoria,CM,Consultor Individual De Linea - Administrativo I - Bioquimico Farmaceutico - Centro De Salud Casarabe,False,2026-09-08,,Contratado,Eulis Cuellar Cardona (Telf: 4621322 - 4620447),,Beni,NB-SABS (D.S.0181)
26-1801-00-1686946-0-E,Gobierno Autonomo Municipal De Santisima Trinidad,Consultoria,CM,Consultor De Linea Administrativo I Para La Div - Gestión 2026,False,2026-09-08,,Contratado,Karina Elena Arteaga Ribera (Telf: 4621322 - 4620447),,Beni,NB-SABS (D.S.0181)
26-1801-00-1686949-0-E,Gobierno Autonomo Municipal De Santisima Trinidad,Consultoria,CM,Consultor Individual De Linea Profesional Iii - Responsable De La Reparacion De Puentes De La Direccion De Deflectores Y Canalizacion - Gestion 2026,False,2026-09-08,,Contratado,Karina Elena Arteaga Ribera (Telf: 4621322 - 4620447),,Beni,NB-SABS (D.S.0181)
26-1801-00-1686955-0-E,Gobierno Autonomo Municipal De Santisima Trinidad,Consultoria,CM,Consultor Individual De Linea Administrativo I - Responsable Del Área Administrativa Y Financiera Para La Jefatura De Alimentación Complementaria Escolar Gestión 2026,False,2026-09-08,,Contratado,Karina Elena Arteaga Ribera (Telf: 4621322 - 4620447),,Beni,NB-SABS (D.S.0181)
26-1801-00-1686956-0-E,Gobierno Autonomo Municipal De Santisima Trinidad,Consultoria,CM,Consultor De Linea Profesional I Supervisor De Obras Para La Direccion De Obras 2 - Gestion 2026,False,2026-09-08,,Contratado,Yalianka Justiniano Abrego (Telf: 4621322 - 4620447),,Beni,NB-SABS (D.S.0181)
26-1801-00-1686959-0-E,Gobierno Autonomo Municipal De Santisima Trinidad,Consultoria,CM,Consultor Individual De Linea - Administrativo I - Bioquimico Farmaceutico - Centro De Salud Puerto Ballivian,False,2026-09-08,,Contratado,Eulis Cuellar Cardona (Telf: 4621322 - 4620447),,Beni,NB-SABS (D.S.0181)
26-1801-00-1687024-0-E,Gobierno Autonomo Municipal De Santisima Trinidad,Consultoria,CM,Consultor Individual De Linea Administrativo I Abogado Para La Direccion Municipal De Catastro Urbano-Gestion 2026,False,2026-09-08,,Contratado,Karina Elena Arteaga Ribera (Telf: 4621322 - 4620447),,Beni,NB-SABS (D.S.0181)
26-1801-00-1687029-0-E,Gobierno Autonomo Municipal De Santisima Trinidad,Consultoria,CM,Consultor Individual De Linea Administrativo I Abogado Para La Dmput-Gestion 2026,False,2026-09-08,,Contratado,Karina Elena Arteaga Ribera (Telf: 4621322 - 4620447),,Beni,NB-SABS (D.S.0181)
26-1801-00-1687031-0-E,Gobierno Autonomo Municipal De Santisima Trinidad,Consultoria,CM,Consultor Individual De Linea - Administrativo I - Bioquimico Farmaceutico - Centro De Salud 30 De Julio - 6,False,2026-09-08,,Contratado,Eulis Cuellar Cardona (Telf: 4621322 - 4620447),,Beni,NB-SABS (D.S.0181)
26-1801-00-1687041-0-E,Gobierno Autonomo Municipal De Santisima Trinidad,Consultoria,CM,Consultor Individual De Linea - Administrativo I - Licenciada En Enfermeria - Centro De Salud 30 De Julio - 4,False,2026-09-08,,Contratado,Eulis Cuellar Cardona (Telf: 4621322 - 4620447),,Beni,NB-SABS (D.S.0181)
26-1801-00-1687058-0-E,Gobierno Autonomo Municipal De Santisima Trinidad,Consultoria,CM,Consultor Individual De Linea - Administrativo I - Bioquimico Laboratorio - Centro De Salud Pompeya - 1,False,2026-09-08,,Contratado,Eulis Cuellar Cardona (Telf: 4621322 - 4620447),,Beni,NB-SABS (D.S.0181)
26-1801-00-1687065-0-E,Gobierno Autonomo Municipal De Santisima Trinidad,Consultoria,CM,Consultor Individual De Linea – Profesional Iii – Medico General - Centro De Salud 30 De Julio - 4,False,2026-09-08,,Contratado,Eulis Cuellar Cardona (Telf: 4621322 - 4620447),,Beni,NB-SABS (D.S.0181)
26-1801-00-1687095-0-E,Gobierno Autonomo Municipal De Santisima Trinidad,Consultoria,CM,Consultor Individual De Linea – Profesional Iv – Medico De Apoyo Diagnostico - Centro De Salud San Vicente,False,2026-09-08,,Contratado,Eulis Cuellar Cardona (Telf: 4621322 - 4620447),,Beni,NB-SABS (D.S.0181)
26-1801-00-1687107-0-E,Gobierno Autonomo Municipal De Santisima Trinidad,Consultoria,CM,Consultor Individual De Linea – Profesional Iv – Medico De Apoyo Diagnostico - Centro De Salud Ibiato,False,2026-09-08,,Contratado,Eulis Cuellar Cardona (Telf: 4621322 - 4620447),,Beni,NB-SABS (D.S.0181)
26-1801-00-1687112-0-E,Gobierno Autonomo Municipal De Santisima Trinidad,Consultoria,CM,Consultor Individual De Linea - Administrativo I - Licenciada En Enfermeria - Centro De Salud Central - 7,False,2026-09-08,,Contratado,Eulis Cuellar Cardona (Telf: 4621322 - 4620447),,Beni,NB-SABS (D.S.0181)
26-1801-00-1687120-0-E,Gobierno Autonomo Municipal De Santisima Trinidad,Consultoria,CM,Consultor Individual De Linea - Administrativo I - Imagenologo - Centro De Salud Central - 1,False,2026-09-08,,Contratado,Eulis Cuellar Cardona (Telf: 4621322 - 4620447),,Beni,NB-SABS (D.S.0181)
26-1803-00-1686845-0-E,Gobierno Autonomo Municipal De Riberalta,Consultoria,CM,Contratacion De Consultoria En Linea Para El Cargo De Tecnico Ii Agropecuario (Ganado Menor Y Bovino,False,2026-09-08,,Contratado,Julio Cesar Chavez Marigua (Telf: 8522417),,Beni,NB-SABS (D.S.0181)
26-1803-00-1686863-0-E,Gobierno Autonomo Municipal De Riberalta,Consultoria,CM,Contrtación De Un Consultor De Linea Tecnico I De Georreferenciación De Áreas Productivas,False,2026-09-08,,Contratado,Julio Cesar Chavez Marigua (Telf: 8522417),,Beni,NB-SABS (D.S.0181)
26-1803-00-1686914-0-E,Gobierno Autonomo Municipal De Riberalta,Consultoria,CM,Contratacion De Un Consultor Individual De Linea Tecnico Profesional En Resiliencia 3 Para La Unidad De Gestion De Riesgo 2026.,False,2026-09-08,,Contratado,Julio Cesar Chavez Marigua (Telf: 8522417),,Beni,NB-SABS (D.S.0181)
26-1803-00-1686975-0-E,Gobierno Autonomo Municipal De Riberalta,Consultoria,CM,Contratacion De Consultor En Linea Para El Cargo De Tecnico I En Agroforesteria,False,2026-09-08,,Contratado,Julio Cesar Chavez Marigua (Telf: 8522417),,Beni,NB-SABS (D.S.0181)
26-2303-00-1687146-1-1,Empresa Municipal De Areas Verdes Y Recreacion Alternativa - Emavra,Bienes,CM,"Adquisicion De Bomba 10hp Para El Proyecto ""Const. Complejo Recreacional Coña Coña D.4 - Gam Cochabamba"" Contrato Modificatorio N°3",False,2026-09-08,2026-09-11,Vigente,Tedy Sandro Corrales Suarez (Telf: 4448430),,Cochabamba,NB-SABS (D.S.0181)
26-2312-00-1686921-1-1,Empresa Municipal De Agua Potable Y Alcantarillado Viacha - Emapav,Bienes,CM,Adquisición De Tuberías U-Pvc Para Instalación De Bombas Sumergibles De La Empresa Emapav,False,2026-09-08,2026-09-14,Vigente,Ariel Silva Aruquipa (Telf: 2800514),,La Paz,NB-SABS (D.S.0181)
26-2315-00-1686842-1-1,Empresa Municipal De Servicios De Aseo - Emsa,Bienes,CND1,Sillas Semiejecutivas,False,2026-09-08,2026-09-11,Vigente,Juan Carlos Rojas  Altuzarra (Telf: 4298241),,Cochabamba,Compro Hecho en Bolivia (D.S.4505)
26-2323-00-1686888-1-1,Entidad Aseo Municipal De Tarija,Bienes,CNC,Adquisición Tercera Dotación De Leche Para El Personal Emat Gestión 2026,True,2026-09-08,2026-09-11,Vigente,Adriana Sanchez Tejerina (Telf: 6637505 - 6660508),,Tarija,Compro Hecho en Bolivia (D.S.4505)
26-3301-00-1687158-1-1,Gobierno Autonomo Indigena Originario Campesino Del Territorio De Raqaypampa,Bienes,CND1,Compra De Insumos (Harina De Trigo Y Api Morado) Para El Desayuno Escolar  Complementaria Gestion 2026,False,2026-09-08,2026-09-11,Vigente,Severino Marcani Mamani (Telf: 67586963),,Cochabamba,Compro Hecho en Bolivia (D.S.4505)
26-3501-00-1687168-1-1,Gobierno Autónomo Indígena Originario Campesino De La Autonomía Originaria Del Jatún Ayllu Yura,Bienes,CM,Adquisición De Materiales Para El Proyecto Apoyo A Contrucción Baños Visigza,False,2026-09-08,2026-09-11,Vigente,Gladys Nayque Beltran Condori (Telf: 72445884),,Potosi,NB-SABS (D.S.0181)
21-0342-00-1687259-0-E,Agencia Estatal De Vivienda,Consultoria,OF,Proyecto De Vivienda Nueva Autoconstruccion En El Municipio De Trinidad ? Fase (Lxi) 2021 ? Beni.,False,2026-09-09,,Contratado,Samir Adad Zabala (Telf: 2141109),,La Paz,Otra Normativa especifica nacional
21-0342-00-1687314-0-E,Agencia Estatal De Vivienda,Consultoria,OF,Inspectoria Para El Proyecto De Vivienda Nueva Autoconstruccion En El Municipio De Trinidad - Fase (Lxi) 2021 ? Beni,False,2026-09-09,,Contratado,Samir Adad Zabala (Telf: 2141109),,La Paz,Otra Normativa especifica nacional
25-0132-00-1687367-0-E,Servicio De Desarrollo De Las Empresas Públicas Productivas,Servicios Generales,OF,Subsidio - Servicio De Arrendamiento De Inmueble Para La Distribuidora De Subsidios Potosi - Gestion 2026,False,2026-09-09,,Contratado,Janeth Meme Cabana Orellana (Telf: 2147001),,La Paz,Otra Normativa especifica nacional
25-0411-00-1687371-0-E,Corporacion Del Seguro Social Militar - Cossmil,Servicios Generales,CD,"Alquiler Para La Agencia Regional ""Cossmil"" El Alto",False,2026-09-09,,Contratado,Mijael Marcelo Herbas Ramallo (Telf: 2314236),,La Paz,NB-SABS (D.S.0181)
25-1745-00-1687561-0-E,Gobierno Autonomo Municipal De Ascencion De Guarayos,Obras,EX,Ampliación Unidad Educativa 05 De Marzo Nueva Jerusalén De Ascensión De Guarayos,False,2026-09-09,,Contratado,Alfredo Guzman Justiniano (Telf: 966-7029 ),,Santa Cruz,NB-SABS (D.S.0181)
26-0015-01-1686239-1-1,Policia Boliviana,Bienes,CM,Adquisicion De Material De Escritorio Para La Seccion De Almacenes Del Comando Departamental De Policia Chuquisaca,False,2026-09-09,2026-09-14,Vigente,Agustin Albis Uñeja (Telf: 2-433211),,La Paz,NB-SABS (D.S.0181)
26-0015-01-1686270-1-1,Policia Boliviana,Bienes,CM,Adquisicion De Material De Limpieza Para La Seccion De Almacenes Del Comando Departamental De Policia Chuquisaca,False,2026-09-09,2026-09-14,Vigente,Agustin Albis Uñeja (Telf: 2-433211),,La Paz,NB-SABS (D.S.0181)
26-0015-01-1687285-1-1,Policia Boliviana,Servicios Generales,ANPP,"Servicios De Suministros De Alimentos (Abarrotes, Verduras, Carnes Y Pan), Para El  Personal Policial Del Comando Departamental De Policía De Santa Cruz, Para El Tercer Cuatrimestre De La Gestion/2026.",True,2026-09-09,2026-09-21,Vigente,Carlos Quispe Condori (Telf: 2-433211),,La Paz,NB-SABS (D.S.0181)
26-0015-15-1664096-3-1,"Direccion De Apoyo A La Prevencion Del Consumo De Drogas, Control De Trafico Ilicito De Sustancias Controladas Y Coca Excedentaria - Diprevcon",Bienes,ANPE,Adquisición De Papel Para El Componente Policial F.T.C.,True,2026-09-09,2026-09-16,Vigente,Miriam Cayo Arozamen (Telf: 2113837 - 2115294 – 2141364),,La Paz,NB-SABS (D.S.0181)
26-0015-15-1677992-2-1,"Direccion De Apoyo A La Prevencion Del Consumo De Drogas, Control De Trafico Ilicito De Sustancias Controladas Y Coca Excedentaria - Diprevcon",Bienes,ANPE,Adquisición De Insumos Químicos Para La Elaboración De Pruebas De Campo Narco Test (Reactivo De Scott) Citesc-Dgfelcn,True,2026-09-09,2026-09-16,Vigente,Erlan Rodrigo Mantilla Rodriguez (Telf: 2113837 - 2115294 – 2141364),,La Paz,NB-SABS (D.S.0181)
26-0015-15-1685482-1-1,"Direccion De Apoyo A La Prevencion Del Consumo De Drogas, Control De Trafico Ilicito De Sustancias Controladas Y Coca Excedentaria - Diprevcon",Bienes,CM,Adquisición De Productos Quimicos Para La Fte Diablos Azules,False,2026-09-09,2026-09-14,Vigente,Jaqueline Deibe Lamas Casas (Telf: 2113837 - 2115294 – 2141364),,La Paz,NB-SABS (D.S.0181)
26-0015-15-1687296-1-1,"Direccion De Apoyo A La Prevencion Del Consumo De Drogas, Control De Trafico Ilicito De Sustancias Controladas Y Coca Excedentaria - Diprevcon",Servicios Generales,ANPP,Contratación Del Servicio De Mantenimiento Correctivo Para Vehículos De La Felcn Occidente (Segundo Semestre),True,2026-09-09,2026-09-22,Vigente,Jose Alexander Robles Sandy (Telf: 2113837 - 2115294 – 2141364),,La Paz,NB-SABS (D.S.0181)
26-0015-15-1687316-1-1,"Direccion De Apoyo A La Prevencion Del Consumo De Drogas, Control De Trafico Ilicito De Sustancias Controladas Y Coca Excedentaria - Diprevcon",Bienes,ANPP,"Adquisición De Material Electrico Para El Ceo ""Tte. Gironda""",True,2026-09-09,2026-09-22,Vigente,Luis Rolando Chuquimia Choque (Telf: 2113837 - 2115294 – 2141364),,La Paz,NB-SABS (D.S.0181)
26-0015-15-1687355-1-1,"Direccion De Apoyo A La Prevencion Del Consumo De Drogas, Control De Trafico Ilicito De Sustancias Controladas Y Coca Excedentaria - Diprevcon",Bienes,ANPE,"Adquisición De Radiadores Para Vehículos Militares Reo M35-A2 De La Fuerza De Tarea ""Diablos Verdes""",True,2026-09-09,2026-09-16,Vigente,Jose Alexander Robles Sandy (Telf: 2113837 - 2115294 – 2141364),,La Paz,NB-SABS (D.S.0181)
26-0020-00-1687525-0-E,Ministerio De Defensa ,Bienes,EM,"Adquisicion De Tanques De Agua, Para La Atencion De Desastres Naturales Para 10 Municipios Afectados Por Inundacion - Donacion De La Republica Popular De China",False,2026-09-09,,Contratado,Freddy Marcos Espinoza Coharite (Telf: 2610400 - 2432525),,La Paz,NB-SABS (D.S.0181)
26-0020-10-1685981-1-2,Comando General Del Ejercito,Servicios Generales,ANPP,Mantenimiento Del Sistema Hidrosanitario Del Bat. Com I “Cnl. Vidaurre”,True,2026-09-09,2026-09-21,Vigente,Grover Ponce Fernandez Cussi (Telf: 2977600),,La Paz,NB-SABS (D.S.0181)
26-0020-21-1684142-1-1,Armada Boliviana,Bienes,ANPP,Adquisición De Herramientas Y Botas Para Bomberos Forestales Implementación De Sistema De Fuerza De Tarea De Lucha Contra Eventos Adversos De La Armada Boliviana,True,2026-09-09,2026-09-22,Vigente,Cesar Romer Quispe Mamani (Telf: 2751712),,La Paz,NB-SABS (D.S.0181)
26-0020-21-1685944-0-E,Armada Boliviana,Bienes,CD,"Adquisición De Combustible Para El Asentamiento De Motores Rectificados Y Repontenciamiento De 04 Vehiculos Unimog, 02 Camiones Ford Y 04 Camionetas 4x4 En La Implementacion De Sistema De Fuerza De Tarea De Lucha Contra Eventos Adversos De La Armada Boliviana",False,2026-09-09,,Contratado,Luis Daniel Maynaza Luna (Telf: 2751712),,La Paz,NB-SABS (D.S.0181)
26-0035-00-1687474-1-1,Ministerio De Economia Y Finanzas Publicas ,Bienes,CNC,G26-Dgaa-Ua- Adquisición De Computadoras Portátiles Para Trabajos Operativos De La Unidad Administrativa Del Mefp,True,2026-09-09,2026-09-15,Vigente,Ariel Primo Perez Laura (Telf: 2203434),,La Paz,Compro Hecho en Bolivia (D.S.4505)
26-0035-01-1687337-1-1,Servicio De Impuestos Nacionales,Bienes,CM,Adquisición De Toners Para Las Iniciativas Del Departamento Jurídico Y Cobranza Coactiva De La Gerencia Distrital Cochabamba Gestión 2026,False,2026-09-09,2026-09-15,Vigente,Belen Nilda Mamani Calle (Telf: 2606060 ),,La Paz,NB-SABS (D.S.0181)
26-0041-01-1686562-1-1,Servicio Nacional De Propiedad Intelectual,Consultoria,ANPE,"""Revalúo De Activos Fijos Del Servicio Nacional De Propiedad Intelectual""",False,2026-09-09,2026-09-16,Vigente,Carla Alejandra Murillo Ayaviri (Telf: 2115700 - 2119251),,La Paz,NB-SABS (D.S.0181)
26-0041-16-1685173-2-1,Fondo Nacional De Desarrollo Integral - Fonadin,Bienes,ANPE,Adquisición De Fotocopiadoras Multifunción Para El Fonadin,True,2026-09-09,2026-09-15,Vigente,Marco Antonio Silvestre Chachaqui (Telf: 22786405-22784786-76111480),,La Paz,NB-SABS (D.S.0181)
26-0041-24-1686900-1-1,Unidad De Coordinacion Y Ejecucion De Proyectos - Ucep Mi Riego,Obras,OF,Construccion Sistema De Riego Alto Ticanoma Sacaca,False,2026-09-09,2026-10-07,Vigente,Marysabel Condo Navarro (Telf: 2145792 - 72852834),,La Paz,Normativa del Financiador (BM)
26-0041-24-1687049-1-1,Unidad De Coordinacion Y Ejecucion De Proyectos - Ucep Mi Riego,Obras,OF,Construccion Sistema De Riego Calasaya Cotagaita,False,2026-09-09,2026-10-08,Vigente,Marysabel Condo Navarro (Telf: 2145792 - 72852834),,La Paz,Normativa del Financiador (BM)
26-0041-24-1687066-1-1,Unidad De Coordinacion Y Ejecucion De Proyectos - Ucep Mi Riego,Consultoria,OF,Supervision Construccion Sistema De Riego Calasaya Cotagaita Y Supervision Construcción Sistema De Riego Alto Ticanoma Sacaca,False,2026-09-09,2026-09-29,Vigente,Marysabel Condo Navarro (Telf: 2145792 - 72852834),,La Paz,Normativa del Financiador (BM)
26-0041-24-1687078-1-1,Unidad De Coordinacion Y Ejecucion De Proyectos - Ucep Mi Riego,Obras,OF,Construccion Sistema De Riego Comunidad La Palca Simon Bolivar Poroma,False,2026-09-09,2026-10-09,Vigente,Edwin Freddy Oropeza Choque (Telf: 2145792 - 72852834),,La Paz,Normativa del Financiador (BM)
26-0041-24-1687108-1-1,Unidad De Coordinacion Y Ejecucion De Proyectos - Ucep Mi Riego,Consultoria,OF,Supervision Construccion Sistema De Riego Comunidad Sumala Sector Kollpa Pampa Icla Y Comunidad La Palca Simon Bolivar Poroma,False,2026-09-09,2026-09-28,Vigente,Edwin Freddy Oropeza Choque (Telf: 2145792 - 72852834),,La Paz,Normativa del Financiador (BM)
26-0041-24-1687109-0-E,Unidad De Coordinacion Y Ejecucion De Proyectos - Ucep Mi Riego,Servicios Generales,OF,Servicio De Limpieza De Oficinas Ucep Mi Riego (Oficina Nacional),False,2026-09-09,,Contratado,Juan Carlos Soljancic Roda (Telf: 2145792 - 72852834),,La Paz,Normativa del Financiador (BID)
26-0041-24-1687494-1-1,Unidad De Coordinacion Y Ejecucion De Proyectos - Ucep Mi Riego,Obras,OF,Construccion Sistema De Riego Comunidad Sumala Sector Kollpa Pampa Icla,False,2026-09-09,2026-10-02,Vigente,Edwin Freddy Oropeza Choque (Telf: 2145792 - 72852834),,La Paz,Normativa del Financiador (BM)
26-0041-24-1687544-1-1,Unidad De Coordinacion Y Ejecucion De Proyectos - Ucep Mi Riego,Obras,OF,Mejoramiento Sistema De Riego Tecnificado Huallca Santiago De Huari,False,2026-09-09,2026-10-05,Vigente,Marysabel Condo Navarro (Telf: 2145792 - 72852834),,La Paz,Normativa del Financiador (BM)
26-0041-25-1687560-0-E,"Unidad Coordinadora Y Ejecutora De Programas Y Proyectos Del Ministerio De Desarrollo Productivo, Rural Y Agua, (Ucep - Mdprya)",Consultoria,CM,Profesional Viii – Responsable Ambiental Ucep – Mmaya,False,2026-09-09,,Contratado,Sergio Vidal Perez Millares (Telf: 2149951 - 21499861 - 2149964),,La Paz,NB-SABS (D.S.0181)
26-0046-26-1687276-1-1,Instituto Nacional De Laboratorios De Salud Inlasa,Bienes,ANPE,Adquisicion De Reactivos One Step Rt-Pcr Master Mix Kit Para El Laboratorio De Virología,True,2026-09-09,2026-09-16,Vigente,Maria Isabel Vasquez Michel (Telf: 2-226048),,La Paz,NB-SABS (D.S.0181)
26-0078-15-1687038-0-E,Entidad Ejecutora De Conversion A Gas Natural Vehicular - Eec-Gnv,Servicios Generales,CD,Arrendamiento De Oficinas Para La Regional Tarija De La Eec-Gnv,False,2026-09-09,,Contratado,Soledad Gregoria Quispe Choque (Telf: 2184178),,La Paz,NB-SABS (D.S.0181)
26-0081-16-1687394-1-1,Administradora De Terminal Terrestre Santa Cruz,Bienes,CM,"""Adquisicion De Impresoras Termicas Para La Attsc""",False,2026-09-09,2026-09-14,Vigente,Rosse Mary Herbas Gutierrez (Telf: 3488448),,Santa Cruz,NB-SABS (D.S.0181)
26-0132-00-1664190-0-E,Servicio De Desarrollo De Las Empresas Públicas Productivas,Bienes,OF,Cartonbol - Adquisicion De Tintas Flexograficas – 1,False,2026-09-09,,Contratado,Deyvid Herlan Roldan Uscamaita (Telf: 2147001),,La Paz,Otra Normativa especifica nacional
26-0138-00-1687250-1-1,Universidad Mayor Real Y Pontificia De San Francisco Xavier,Bienes,ANPP,Segunda Adquisición De Bolsas Colectoras De Sangre Tipo: Dobles Y Triples Para El Area De Extraccion Del Banco De Sangre De Referencia Departamental Chuquisaca Dependiente De La Universidad Mayor Real Y Pontificia De San Francisco Xavier De Chuquisaca,True,2026-09-09,2026-09-22,Vigente,Nestor Pallares Saavedra (Telf: 6451970),,Chuquisaca,NB-SABS (D.S.0181)
26-0138-00-1687269-1-1,Universidad Mayor Real Y Pontificia De San Francisco Xavier,Consultoria,ANPE,"Contratación De Consultor Por Producto 2 : Investigador Con El Grado Académico De Magister Para Constituir La Unidad De Producción Y Apoyo En La Formación Posgradual, En Las Diferentes Areas Del Conocimiento De La Departamento De Investigación Desarrollo Ciencia Y Tecnología De La Universidad Mayor Real Y Pontificia De San Francisco Xavier De Chuquisaca",False,2026-09-09,2026-09-21,Vigente,Nestor Pallares Saavedra (Telf: 6451970),,Chuquisaca,NB-SABS (D.S.0181)
26-0138-00-1687289-1-1,Universidad Mayor Real Y Pontificia De San Francisco Xavier,Consultoria,ANPE,"Contratación De Consultor Por Producto 3 : Investigador Con El Grado Académico De Magister Para Constituir La Unidad De Producción Y Apoyo En La Formación Posgradual, En Las Diferentes Areas Del Conocimiento De La Departamento De Investigación Desarrollo Ciencia Y Tecnología De La Universidad Mayor Real Y Pontificia De San Francisco Xavier De Chuquisaca",False,2026-09-09,2026-09-21,Vigente,Nestor Pallares Saavedra (Telf: 6451970),,Chuquisaca,NB-SABS (D.S.0181)
26-0139-10-1687399-1-1,"Facultad De Medicina, Enfermeria, Nutricion Y Tecnologia Medica",Bienes,CM,"Compra De Reactivos Para Estudios De Inmunofenotipo Por Citometria, Para La Unidad De Biologia Celular, Facultad De Medicina, Enfermeria, Nutricion Y Tecnologia Medica",False,2026-09-09,2026-09-15,Vigente,Fany Angela Peña Fernandez (Telf: 2244548),,La Paz,NB-SABS (D.S.0181)
26-0141-00-1687350-1-1,Universidad Mayor De San Simon Umss,Servicios Generales,CM,"207.-Dicyt.-Contratación De Servicio De Impresión, Isbn, Diseño Y Diagramación De Dos Libros Para El Departamento De Gestión Tecnológica De La Dicyt-Umss",False,2026-09-09,2026-09-15,Vigente,Guido Diego Agreda Bustamante (Telf: 4 4524782),,Cochabamba,NB-SABS (D.S.0181)
26-0143-00-1687292-1-1,Universidad Autonoma Tomas Frias,Bienes,CND1,Adquisicion 500 (Quinientos)Sachet De Cera Para Pisos Para Stock Almacen Universitario - 1063/2026,False,2026-09-09,2026-09-11,Vigente,Karina Sandra Aliaga Bellido (Telf: 62-27332),,Potosi,Compro Hecho en Bolivia (D.S.4505)
26-0145-00-1687106-1-1,Universidad Autonoma Juan Misael Saracho,Bienes,CM,Adquisicion De Una Portatil Para El Proyecto Implementacion Laboratorio De Simulacion Bursatil Facultad Ciencias Economicas Y Financieras – Tarija,False,2026-09-09,2026-09-14,Vigente,Norma Flores Sanchez (Telf: 466-43232- INTERNO 404),,Tarija,NB-SABS (D.S.0181)
26-0145-00-1687293-1-1,Universidad Autonoma Juan Misael Saracho,Bienes,CNC,Adquisición De Computadora Portátil Para El Proyecto Reposición Equipamiento Gabinete Computación Carrera Ingeniería  Medio Ambiente - Entre Ríos Uajms,True,2026-09-09,2026-09-15,Vigente,Norma Flores Sanchez (Telf: 466-43232- INTERNO 404),,Tarija,Compro Hecho en Bolivia (D.S.4505)
26-0146-00-1687240-1-1,Universidad Autonoma Gabriel Rene Moreno,Bienes,CND1,Compra De Una Compuadora Portatil Para El Dpto. De Evaluacion Y Acreditacion (Dea),False,2026-09-09,2026-09-16,Vigente,Jessica Rojas Melgar (Telf: 3398516),,Santa Cruz,Compro Hecho en Bolivia (D.S.4505)
26-0146-00-1687264-1-1,Universidad Autonoma Gabriel Rene Moreno,Servicios Generales,ANPE,"“Contratatacion De Servicio De Empastado Para La Documentacion De Archivo De Vicerrectorado Y Dicaa""",True,2026-09-09,2026-09-28,Vigente,Marleny Paniagua Mariscal (Telf: 3398516),,Santa Cruz,NB-SABS (D.S.0181)
26-0146-00-1687284-1-1,Universidad Autonoma Gabriel Rene Moreno,Bienes,ANPE,"Compra De Aires Acondicionados Con Destino Al Proyecto ""Equipamiento De Nuevos Ambientes De La Guardería Infantil Universitaria ""Gabrielito"" De La Facultad De Humanidades",True,2026-09-09,2026-09-17,Vigente,Isabel Chavez Añez (Telf: 3398516),,Santa Cruz,NB-SABS (D.S.0181)
26-0146-00-1687290-1-1,Universidad Autonoma Gabriel Rene Moreno,Bienes,CNC,"Adquisición De -Mesas Y Sillas Para El Proyecto ""Equipamiento De Un Centro De Computo Actualizado Para La Facultad De Ciencias De La Salud Humana, Con El Propósito De Fortalecer El Procedo De Enseñanza - Aprendizaje""",True,2026-09-09,2026-09-17,Vigente,Jessica Rojas Melgar (Telf: 3398516),,Santa Cruz,Compro Hecho en Bolivia (D.S.4505)
26-0170-00-1687310-0-E,Escuela Militar De Ingenieria ,Consultoria,CM,"Contratación De Un Consultor Individual De Línea Como ""Analista Tributario""",False,2026-09-09,,Contratado,Virginia Martha Uruchi Pinedo (Telf: 2432266),,La Paz,NB-SABS (D.S.0181)
26-0206-05-1681894-2-1,Fortalecimiento Del Sistema Estadístico Del Estado Plurinacional De Bolivia,Servicios Generales,OF,Servicio De Transporte Para El Traslado De Material Censal A Nivel Nacional - Censo Agropecuario,False,2026-09-09,2026-09-15,Vigente,Ariel Nestor Maguiña Aliaga (Telf: 2222333),,La Paz,Normativa del Financiador (BID)
26-0206-05-1687184-0-E,Fortalecimiento Del Sistema Estadístico Del Estado Plurinacional De Bolivia,Consultoria,OF,Técnico 2 Comunicador Departamental - Pfseepb (Cochabamba),False,2026-09-09,,Contratado,Carlos Alberto Nuñez Jaramillo (Telf: 2222333),,La Paz,Normativa del Financiador (BID)
26-0206-05-1687227-0-E,Fortalecimiento Del Sistema Estadístico Del Estado Plurinacional De Bolivia,Consultoria,OF,Técnico 1 Encargado En Operativo De Campo Nacional - Pfseepb,False,2026-09-09,,Contratado,Gerardo Pablo Saca (Telf: 2222333),,La Paz,Normativa del Financiador (BID)
26-0206-05-1687229-0-E,Fortalecimiento Del Sistema Estadístico Del Estado Plurinacional De Bolivia,Consultoria,OF,Especialista 4 De Logística Departamental - Pfseepb (Oruro),False,2026-09-09,,Contratado,Carlos Alberto Nuñez Jaramillo (Telf: 2222333),,La Paz,Normativa del Financiador (BID)
26-0206-05-1687238-0-E,Fortalecimiento Del Sistema Estadístico Del Estado Plurinacional De Bolivia,Consultoria,OF,Técnico 1 Encargado En Operativo De Campo Nacional. - Pfseepb,False,2026-09-09,,Contratado,Gerardo Pablo Saca (Telf: 2222333),,La Paz,Normativa del Financiador (BID)
26-0206-05-1687272-0-E,Fortalecimiento Del Sistema Estadístico Del Estado Plurinacional De Bolivia,Consultoria,OF,Tecnico 2 En Operativo De Campo Departamental - Pfseepb (La Paz),False,2026-09-09,,Contratado,Felix Espinoza Merida (Telf: 2222333),,La Paz,Normativa del Financiador
26-0206-05-1687279-0-E,Fortalecimiento Del Sistema Estadístico Del Estado Plurinacional De Bolivia,Consultoria,OF,Tecnico 1 Encargado En Operativo De Campo Nacional - Pfseepb,False,2026-09-09,,Contratado,Felix Espinoza Merida (Telf: 2222333),,La Paz,Normativa del Financiador
26-0206-05-1687288-0-E,Fortalecimiento Del Sistema Estadístico Del Estado Plurinacional De Bolivia,Consultoria,OF,Tecnico 1 Encargado En Operativo De Campo Nacional- Pfseepb,False,2026-09-09,,Contratado,Felix Espinoza Merida (Telf: 2222333),,La Paz,Normativa del Financiador
26-0206-05-1687313-0-E,Fortalecimiento Del Sistema Estadístico Del Estado Plurinacional De Bolivia,Consultoria,OF,Tecnico 1 Encargado En Opereativo De Campo Nacional - - Pfseepb,False,2026-09-09,,Contratado,Felix Espinoza Merida (Telf: 2222333),,La Paz,Normativa del Financiador
26-0206-05-1687328-0-E,Fortalecimiento Del Sistema Estadístico Del Estado Plurinacional De Bolivia,Consultoria,OF,Tecnico Departamental De Contabilidad (Descargos)-La Paz,False,2026-09-09,,Contratado,Felix Espinoza Merida (Telf: 2222333),,La Paz,Normativa del Financiador
26-0206-05-1687332-0-E,Fortalecimiento Del Sistema Estadístico Del Estado Plurinacional De Bolivia,Consultoria,OF,Tecnico 1 Encargado En Logistica Nacional-Pfseepb (1),False,2026-09-09,,Contratado,Felix Espinoza Merida (Telf: 2222333),,La Paz,Normativa del Financiador
26-0206-05-1687335-0-E,Fortalecimiento Del Sistema Estadístico Del Estado Plurinacional De Bolivia,Consultoria,OF,Especialista 4 En Operativo De Campo Depatamentalpfseepb (La Paz),False,2026-09-09,,Contratado,Felix Espinoza Merida (Telf: 2222333),,La Paz,Normativa del Financiador
26-0206-05-1687344-0-E,Fortalecimiento Del Sistema Estadístico Del Estado Plurinacional De Bolivia,Consultoria,OF,Técnico 2 De Logistica Departamental. Pfseepb - Santa Cruz,False,2026-09-09,,Contratado,Gerardo Pablo Saca (Telf: 2222333),,La Paz,Normativa del Financiador (BID)
26-0206-05-1687348-0-E,Fortalecimiento Del Sistema Estadístico Del Estado Plurinacional De Bolivia,Consultoria,OF,Especialista 4 En Operativo De Campo Departamental - Pfseepb (Cochabamba),False,2026-09-09,,Contratado,Carlos Alberto Nuñez Jaramillo (Telf: 2222333),,La Paz,Normativa del Financiador (BID)
26-0206-05-1687358-0-E,Fortalecimiento Del Sistema Estadístico Del Estado Plurinacional De Bolivia,Consultoria,OF,Especialista 4 De Logistica Departamental-Pfseepb (Potosi),False,2026-09-09,,Contratado,Felix Espinoza Merida (Telf: 2222333),,La Paz,Normativa del Financiador
26-0206-05-1687365-0-E,Fortalecimiento Del Sistema Estadístico Del Estado Plurinacional De Bolivia,Consultoria,OF,Especialista 4 En Operativo De Campo Departamental Pfseepb Santa Cruz,False,2026-09-09,,Contratado,Gerardo Pablo Saca (Telf: 2222333),,La Paz,Normativa del Financiador (BID)
26-0206-05-1687393-0-E,Fortalecimiento Del Sistema Estadístico Del Estado Plurinacional De Bolivia,Consultoria,OF,Técnico 1 Encargado Nacional Desoporte A  Dispositivos Móviles - Pfseepb,False,2026-09-09,,Contratado,Carlos Alberto Nuñez Jaramillo (Telf: 2222333),,La Paz,Normativa del Financiador (BID)
26-0206-05-1687400-0-E,Fortalecimiento Del Sistema Estadístico Del Estado Plurinacional De Bolivia,Consultoria,OF,Tecnico 1 Encargado En Logistica Nacional - Pfseepb,False,2026-09-09,,Contratado,Felix Espinoza Merida (Telf: 2222333),,La Paz,Normativa del Financiador
26-0206-05-1687423-0-E,Fortalecimiento Del Sistema Estadístico Del Estado Plurinacional De Bolivia,Consultoria,OF,Técnico 3 Departamental Soporte Informatico Y Redes - Pfseepb,False,2026-09-09,,Contratado,Xavier Marcelo Palenque Avilés (Telf: 2222333),,La Paz,Normativa del Financiador (BID)
26-0206-05-1687445-0-E,Fortalecimiento Del Sistema Estadístico Del Estado Plurinacional De Bolivia,Consultoria,OF,Técnico 3 Departamental Soporte Informatico Y Redes - Pfseepb,False,2026-09-09,,Contratado,Xavier Marcelo Palenque Avilés (Telf: 2222333),,La Paz,Normativa del Financiador (BID)
26-0206-05-1687455-0-E,Fortalecimiento Del Sistema Estadístico Del Estado Plurinacional De Bolivia,Consultoria,OF,Especialista 3 De Operativo De Campo Departamental (Beni),False,2026-09-09,,Contratado,Felix Espinoza Merida (Telf: 2222333),,La Paz,Normativa del Financiador
26-0206-05-1687458-0-E,Fortalecimiento Del Sistema Estadístico Del Estado Plurinacional De Bolivia,Consultoria,OF,Tecnico 2 En Operativo De Campo Departamental - Pfseepb (Beni),False,2026-09-09,,Contratado,Felix Espinoza Merida (Telf: 2222333),,La Paz,Normativa del Financiador
26-0206-05-1687464-0-E,Fortalecimiento Del Sistema Estadístico Del Estado Plurinacional De Bolivia,Consultoria,OF,Especialista 4 En Operativo De Campo Departamental Pfseepb (La Paz),False,2026-09-09,,Contratado,Felix Espinoza Merida (Telf: 2222333),,La Paz,Normativa del Financiador
26-0206-05-1687471-0-E,Fortalecimiento Del Sistema Estadístico Del Estado Plurinacional De Bolivia,Consultoria,OF,Auxiliar 1 Logistica - Almacen Pfseepb,False,2026-09-09,,Contratado,Felix Espinoza Merida (Telf: 2222333),,La Paz,Normativa del Financiador
26-0234-00-1668068-0-E,Servicio Geologico Minero - Sergeomin,Consultoria,CM,Contratacion De Consultor Individual De Linea Profesional Iv Topografo Geodesta Para La Direccion Tecnica De Servicio Y Fortalecimiento Institucional Gestion 2026,False,2026-09-09,,Contratado,Andrea Jessica Claros Chavez (Telf: 591-2-2330981-2331236),,La Paz,NB-SABS (D.S.0181)
26-0287-00-1666558-1-2,Fondo Nacional De Inversion Productiva Y Social  -  Fps,Consultoria,ANPE,Consultor Por Producto Para El Servicio De Residente De Supervision – “Construccion Unidad Educativa Rodolfo Illanes – Municipio De Oruro”,False,2026-09-09,2026-09-16,Vigente,Jose Luis Alandia Mercado (Telf: 2-412474 - 411995),,La Paz,NB-SABS (D.S.0181)
26-0287-00-1686892-1-1,Fondo Nacional De Inversion Productiva Y Social  -  Fps,Consultoria,OF,Contratación De Firmas Consultoras:Evaluación Final Del Programa Nacional De Emergencia Para La Generación De Empleo Bol 34/2021,False,2026-09-09,2026-09-30,Vigente,Maria Cecilia Ortiz Mercado (Telf: 2-412474 - 411995),,La Paz,Normativa del Financiador
26-0287-00-1687009-0-E,Fondo Nacional De Inversion Productiva Y Social  -  Fps,Consultoria,CM,"""Consultor Individual De Línea - Técnico Ii Administrativo - Analista Tributario Programa Focipp""",False,2026-09-09,,Contratado,Maria Cecilia Ortiz Mercado (Telf: 2-412474 - 411995),,La Paz,NB-SABS (D.S.0181)
26-0287-06-1681089-0-E,Fondo Nacional De Inversion Productiva Y Social  -  Santa Cruz,Consultoria,CM,Consultoría Individual De Línea: Abogado Departamental Santa Cruz,False,2026-09-09,,Contratado,Edgar Renan Villca Hilari (Telf: 3-3352971),,Santa Cruz,NB-SABS (D.S.0181)
26-0291-01-1687015-1-1,Administradora Boliviana De Carreteras - Regional La Paz,Consultoria,ANPE,Supervision Vial Del Tramo: Lp14 Ixiamas – Chive/Tumupasa – Azariamas,False,2026-09-09,2026-09-16,Vigente,Graciela Cornejo Tancara (Telf: 2495043 - 2494544),,La Paz,NB-SABS (D.S.0181)
26-0291-02-1687323-1-1,Administradora Boliviana De Carreteras - Regional Oruro,Consultoria,ANPE,Supervision Conservacion Vial Tramo Or01 Ancaravi – Cosapa – Cr.Ruta F04,False,2026-09-09,2026-09-17,Vigente,Anahi Aquino Zubieta (Telf: 5282677),,Oruro,NB-SABS (D.S.0181)
26-0292-00-1682804-3-1,Vias Bolivia,Servicios Generales,ANPE,Servicio De Mantenimiento Y Reparación De Vehículos De La Oficina Regional Tarija  Gestión 2026 - Segundo Semestre - Tercera Convocatoria,True,2026-09-09,2026-09-16,Vigente,Ronald Waldo  Malaga (Telf: 800-10-8427),,La Paz,NB-SABS (D.S.0181)
26-0293-00-1677822-1-2,Fundacion Cultural Del Banco Central De Bolivia ,Bienes,CM,Adquisicion De Toners Y Starters Para La Imprenta Digital De La Fc-Bcb,False,2026-09-09,2026-09-14,Vigente,Jhesenia Vargas Caceres (Telf: 02-2424148),,La Paz,NB-SABS (D.S.0181)
26-0310-00-1684785-2-1,Autoridad De Regulacion Y Fiscalizacion De Telecomunicaciones Y Transportes - Att,Bienes,ANPE,Adquisición De Firewall Perimetral Para La Att,True,2026-09-09,2026-09-16,Vigente,Noemi Estrada Guzman (Telf: 2772266),,La Paz,NB-SABS (D.S.0181)
26-0389-00-1682396-2-1,Navegacion Aerea Y Aeropuertos Bolivianos,Servicios Generales,ANPE,Servicio Recurrente De Soporte Tecnico Especializado Para El Sistema De Facturacion Clic,True,2026-09-09,2026-09-16,Vigente,Brian Paul Bustillos Garcia (Telf: 2351305),,La Paz,NB-SABS (D.S.0181)
26-0389-00-1687287-1-1,Navegacion Aerea Y Aeropuertos Bolivianos,Servicios Generales,ANPP,Servicio De Conexión De La Caldera De Calefaccion Al Sistema De Calefaccion Del Aeropuerto Internacional El Alto,True,2026-09-09,2026-09-22,Vigente,Carlos Javier Gutierrez Zenteno (Telf: 2351305),,La Paz,NB-SABS (D.S.0181)
26-0389-00-1687352-0-E,Navegacion Aerea Y Aeropuertos Bolivianos,Consultoria,CM,Consultor En Linea – Tecnico En Topografia,False,2026-09-09,,Contratado,Luis Andres Hinojosa Chavez (Telf: 2351305),,La Paz,NB-SABS (D.S.0181)
26-0392-00-1687571-1-1,Despacho De Gestión Social De Su Excelencia,Servicios Generales,CM,“Servicio De Provisión De Pasajes Aéreos Al Interior Y Exterior Del País Para El Degse - Gestión 2026”,False,2026-09-09,2026-09-14,Vigente,Anghela Belen Quispe Avendaño (Telf: 2 2159301),,La Paz,NB-SABS (D.S.0181)
26-0411-00-1685436-1-1,Corporacion Del Seguro Social Militar - Cossmil,Bienes,ANPE,"Adquisición De 2 Equipo Bomba De Infusión A Jeringa Para El Servicio De Quirofano Del Hospital Militar Central ""Cossmil""",True,2026-09-09,2026-09-16,Vigente,Gladys Pamela Loza Blanco (Telf: 2314236),,La Paz,NB-SABS (D.S.0181)
26-0411-00-1687318-1-1,Corporacion Del Seguro Social Militar - Cossmil,Bienes,CNC,Adquisición De Medicamento Cm43ds4505 A0205 Omeprazol Para El Almacén De Fármacos Del Hospital Militar Central “Cossmil”,True,2026-09-09,2026-09-15,Vigente,Gladys Pamela Loza Blanco (Telf: 2314236),,La Paz,Compro Hecho en Bolivia (D.S.4505)
26-0411-00-1687347-1-1,Corporacion Del Seguro Social Militar - Cossmil,Bienes,CM,"Adquisicion De Medicamentos Para El Tracto Alimentario Y Para El Sistema Nervioso, Para La Macro Regional Cossmil Santa Cruz - Gestion 2026",False,2026-09-09,2026-09-14,Vigente,Nelfa Brigitte Lazarte Salinas (Telf: 2314236),,La Paz,NB-SABS (D.S.0181)
26-0417-01-1682785-1-2,Caja Nacional De Salud (Regional Tarija),Bienes,ANPP,"Adquisicion De Equipamiento Medico, Para Unidad De Anestesiologia.",True,2026-09-09,2026-09-21,Vigente,Hypatia Dimelsa Farfan Choque (Telf: 6642940),,Tarija,NB-SABS (D.S.0181)
26-0417-01-1686995-1-1,Caja Nacional De Salud (Regional Tarija),Bienes,ANPP,"Adquisicion De Maquina Bomba De Circulacion Extracorporea, Para Quirofano Hai Obrero.",True,2026-09-09,2026-09-21,Vigente,Hypatia Dimelsa Farfan Choque (Telf: 6642940),,Tarija,NB-SABS (D.S.0181)
26-0417-01-1687372-1-1,Caja Nacional De Salud (Regional Tarija),Bienes,CNC,"Adquisicion Material De Limpieza, Para La Regional Tarija D.S. 4505",True,2026-09-09,2026-09-14,Vigente,Fabian Valeriano Lopez (Telf: 6642940),,Tarija,Compro Hecho en Bolivia (D.S.4505)
26-0417-02-1687234-1-1,Caja Nacional De Salud (Regional Cobija),Bienes,CM,Adquisicion De Grabadora Holter De 3 Ecg Para El Servicio De Cardiologia Del Hospital Obrero N° 9,False,2026-09-09,2026-09-14,Vigente,Udale Tina Villegas Piloy (Telf: 8422409),,Pando,NB-SABS (D.S.0181)
26-0417-02-1687577-1-1,Caja Nacional De Salud (Regional Cobija),Bienes,ANPP,"Equipos De Oftalmologia, Hospital Obrero N° 9",True,2026-09-09,2026-09-18,Vigente,Udale Tina Villegas Piloy (Telf: 8422409),,Pando,NB-SABS (D.S.0181)
26-0417-03-1667513-3-1,Caja Nacional De Salud Regional Santa Cruz ,Bienes,ANPE,"15.000 Pieza Etiqueta Con Indicador De Proceso Para Contenedor
Servicio De Esterilizacion Hospital Obrero N°3",True,2026-09-09,2026-09-15,Vigente,Robert Cabrera Cuellar (Telf: 3-393354),,Santa Cruz,NB-SABS (D.S.0181)
26-0417-03-1667699-3-1,Caja Nacional De Salud Regional Santa Cruz ,Bienes,ANPE,"850 Pieza Indicador Biologico De Lectura Rapida Para Peroxido De Hidrogeno
Servicio De Esterilizacion Hospital Obrero N°3",True,2026-09-09,2026-09-15,Vigente,Juan Gabriel Arancibia Coronado (Telf: 3-393354),,Santa Cruz,NB-SABS (D.S.0181)
26-0417-03-1669662-3-1,Caja Nacional De Salud Regional Santa Cruz ,Bienes,ANPE,"5.000 Pieza Hisopo Para Luminometro 
Servicio De Esterilizacion Hospital Obrero N°3",True,2026-09-09,2026-09-15,Vigente,Ludwing Omar Romero Paz (Telf: 3-393354),,Santa Cruz,NB-SABS (D.S.0181)
26-0417-03-1672028-3-1,Caja Nacional De Salud Regional Santa Cruz ,Bienes,ANPE,"1.500 Pieza Indicador Biologico Para Vapor De Lectura Rapida (20 Min)
Servicio De Esterilizacion Hospital Obrero N°3",True,2026-09-09,2026-09-15,Vigente,Robert Cabrera Cuellar (Telf: 3-393354),,Santa Cruz,NB-SABS (D.S.0181)
26-0417-03-1677374-2-1,Caja Nacional De Salud Regional Santa Cruz ,Bienes,ANPE,"01 Equipo Sillon Dental
Cis San Matias",True,2026-09-09,2026-09-15,Vigente,Robert Cabrera Cuellar (Telf: 3-393354),,Santa Cruz,NB-SABS (D.S.0181)
26-0417-03-1680777-2-1,Caja Nacional De Salud Regional Santa Cruz ,Bienes,ANPE,"05 Equipo Grabadora Holter
Direccion Policlinico Cns Paise Irala",True,2026-09-09,2026-09-15,Vigente,Ludwing Omar Romero Paz (Telf: 3-393354),,Santa Cruz,NB-SABS (D.S.0181)
26-0417-03-1687298-1-1,Caja Nacional De Salud Regional Santa Cruz ,Bienes,ANPE,"60 Pieza Sutura Mecanica Lineal Tipo Endogia 60x2.5 Mm
Dpto. De Emergencia H.O.3",True,2026-09-09,2026-09-15,Vigente,Juan Gabriel Arancibia Coronado (Telf: 3-393354),,Santa Cruz,NB-SABS (D.S.0181)
26-0417-03-1687326-1-1,Caja Nacional De Salud Regional Santa Cruz ,Bienes,ANPP,"43 Pieza Sutura Mecanica Lineal Gia 60-3.8 Mm
Dpto. De Emergencia H.O.3",True,2026-09-09,2026-09-21,Vigente,Juan Gabriel Arancibia Coronado (Telf: 3-393354),,Santa Cruz,NB-SABS (D.S.0181)
26-0417-07-1687529-1-1,Caja Nacional De Salud (Regional Beni),Bienes,CNC,Adquisicion Soluciones Acidas Y Basicas Para La Distrital Riberalta,True,2026-09-09,2026-09-14,Vigente,Delcy Medina Batte (Telf: 4621254),,Beni,Compro Hecho en Bolivia (D.S.4505)
26-0417-08-1670673-2-2,Caja Nacional De Salud (Regional Potosi),Bienes,ANPE,Adquisición De Luminimetro De Microplacas (2da Convocatoria),True,2026-09-09,2026-09-15,Vigente,Raul Rengipo Montaño (Telf: 6223840),,Potosi,NB-SABS (D.S.0181)
26-0417-08-1687383-1-1,Caja Nacional De Salud (Regional Potosi),Bienes,ANPE,Adquisición De Compresora De Aire,True,2026-09-09,2026-09-15,Vigente,Raul Rengipo Montaño (Telf: 6223840),,Potosi,NB-SABS (D.S.0181)
26-0417-08-1687396-1-1,Caja Nacional De Salud (Regional Potosi),Bienes,ANPP,Reactivos Para Contador Hematológico Abacus,True,2026-09-09,2026-09-21,Vigente,Raul Rengipo Montaño (Telf: 6223840),,Potosi,NB-SABS (D.S.0181)
26-0417-09-1670891-2-1,Caja Nacional De Salud - Regional La Paz,Bienes,ANPE,5 Items. Productos Quimicos Y Farmaceuticos. Servicio De Anestesiologia Hode Oncologico,True,2026-09-09,2026-09-16,Vigente,Brayan Luis Cabrera Vera (Telf: 2-901777),,La Paz,NB-SABS (D.S.0181)
26-0417-09-1674902-1-3,Caja Nacional De Salud - Regional La Paz,Bienes,ANPP,1 Equipo. Lavadora Industrial. Servicio De Lavanderia Haig Obrero N°1,True,2026-09-09,2026-09-21,Vigente,Brayan Luis Cabrera Vera (Telf: 2-901777),,La Paz,NB-SABS (D.S.0181)
26-0417-09-1674926-2-2,Caja Nacional De Salud - Regional La Paz,Bienes,ANPP,1 Equipo. Secadora Industrial. Lavanderia. Haig Obrero No. 1,True,2026-09-09,2026-09-21,Vigente,Brayan Luis Cabrera Vera (Telf: 2-901777),,La Paz,NB-SABS (D.S.0181)
26-0417-09-1674946-1-3,Caja Nacional De Salud - Regional La Paz,Bienes,ANPP,1 Equipo. Lavadora Centrifugadora. Servicio De Lavanderia Haig Obrero N°1,True,2026-09-09,2026-09-21,Vigente,Brayan Luis Cabrera Vera (Telf: 2-901777),,La Paz,NB-SABS (D.S.0181)
26-0417-09-1676019-1-2,Caja Nacional De Salud - Regional La Paz,Servicios Generales,ANPP,1 Servicio. Mantenimiento Preventivo Y Correctivo De Planta Generadora De Oxigeno. Servicio De Mantenimiento. Hies Obrero N30,True,2026-09-09,2026-09-21,Vigente,Brayan Luis Cabrera Vera (Telf: 2-901777),,La Paz,NB-SABS (D.S.0181)
26-0417-09-1685673-1-2,Caja Nacional De Salud - Regional La Paz,Bienes,ANPP,"1 Equipo Sistema De Videograbacion Y Transporte Para Cirugia Laparoscopica. 
Servicio De Cirugia General. Haig Obrero N°1",True,2026-09-09,2026-09-21,Vigente,Manuel Alejandro Almendro Lazarte (Telf: 2-901777),,La Paz,NB-SABS (D.S.0181)
26-0417-09-1686962-1-1,Caja Nacional De Salud - Regional La Paz,Bienes,CM,335 Ampolla Heparina De Bajo Peso Molecular. Servicio De Farmacia. Haig Obrero N1,False,2026-09-09,2026-09-14,Vigente,Maruzzinia Analid Gironda Ticona (Telf: 2-901777),,La Paz,NB-SABS (D.S.0181)
26-0417-09-1687299-1-1,Caja Nacional De Salud - Regional La Paz,Bienes,ANPP,"8 Equipo. Blender Oxigeno/Aire. 
Servicio De Neonatologia. Hode Materno Infantil",True,2026-09-09,2026-09-21,Vigente,Manuel Alejandro Almendro Lazarte (Telf: 2-901777),,La Paz,NB-SABS (D.S.0181)
26-0417-09-1687346-1-1,Caja Nacional De Salud - Regional La Paz,Bienes,ANPP,"44 Items. Insumos Medicos - (Tornillo Cortical) – 
Servicio Pediatria Quirurgica - Hode Materno Infantil",True,2026-09-09,2026-09-21,Vigente,Manuel Alejandro Almendro Lazarte (Telf: 2-901777),,La Paz,NB-SABS (D.S.0181)
26-0417-09-1687353-1-1,Caja Nacional De Salud - Regional La Paz,Bienes,CM,1 Equipo Purificador De Agua. Servicio De Laboratorio. Cimfa Central,False,2026-09-09,2026-09-14,Vigente,Maruzzinia Analid Gironda Ticona (Telf: 2-901777),,La Paz,NB-SABS (D.S.0181)
26-0417-09-1687414-1-1,Caja Nacional De Salud - Regional La Paz,Bienes,ANPP,"31 Items Material De Osteosintesis. 
Servicio De Neurocirugia. Hode Materno Infantil",True,2026-09-09,2026-09-21,Vigente,Manuel Alejandro Almendro Lazarte (Telf: 2-901777),,La Paz,NB-SABS (D.S.0181)
26-0418-00-1687404-1-1,Caja Petrolera De Salud,Servicios Generales,CM,Elaboración De Video Institucional,False,2026-09-09,2026-09-14,Vigente,Claudia Alejandra Zurita Plata (Telf: 2372110),,La Paz,NB-SABS (D.S.0181)
26-0418-02-1663310-2-2,Caja Petrolera De Salud-Administracion Departamental La Paz,Bienes,ANPE,Compra De Impresoras Multifuncion De Tinta Continua,True,2026-09-09,2026-09-15,Vigente,Hans Ernest Fernandez Naiff (Telf: 2-2203116),,La Paz,NB-SABS (D.S.0181)
26-0418-07-1657695-2-2,Caja Petrolera De Salud Administracion Departamental Santa Cruz,Bienes,ANPE,“Adquisición De Materiales De Escritorio Para Policonsultorio Andres Ibañez.Unid Adm Pai”,True,2026-09-09,2026-09-15,Vigente,Lily Adriana Vargas Alvis (Telf: 3-181600),,Santa Cruz,NB-SABS (D.S.0181)
26-0422-00-1687246-1-1,Caja Bancaria Estatal De Salud,Servicios Generales,ANPE,Servicios Médicos Especialistas Para La Regional Tarija,False,2026-09-09,2026-09-16,Vigente,Wendy Carla Mamani Chavez (Telf: 2220404),,La Paz,NB-SABS (D.S.0181)
26-0423-00-1687336-0-E,Caja De Salud De Caminos Y Ramas Anexas,Consultoria,CM,Consultoria Individual En Linea - Abogado En Procesos Coactivos - Direccion Nacional De Asuntos Juridicos,False,2026-09-09,,Contratado,Jose Ariel Blanco Cartagena (Telf: 2916539),,La Paz,NB-SABS (D.S.0181)
26-0423-00-1687421-1-1,Caja De Salud De Caminos Y Ramas Anexas,Bienes,CNC,Adquisicion De Medicamentos Para Atencion Medica De Emergencia Bajo D.S. 4505 - Regional Potosi,True,2026-09-09,2026-09-14,Vigente,Irma Fernandez Ibarra (Telf: 2916539),,La Paz,Compro Hecho en Bolivia (D.S.4505)
26-0433-00-1687425-0-E,Seguro Social Universitario - Potosi,Consultoria,CM,Contratación De Un Consultor Individual De Línea - Médico Internista I,False,2026-09-09,,Contratado,Natalia Cecilia Barrientos Montes (Telf: 6223227),,Potosi,NB-SABS (D.S.0181)
26-0433-00-1687433-0-E,Seguro Social Universitario - Potosi,Consultoria,CM,Contratación De Un Consultor Individual De Línea - Médico Internista Ii,False,2026-09-09,,Contratado,Natalia Cecilia Barrientos Montes (Telf: 6223227),,Potosi,NB-SABS (D.S.0181)
26-0433-00-1687450-0-E,Seguro Social Universitario - Potosi,Consultoria,CM,Contratación De Un Consultor Individual De Línea - Médico Internista Iii,False,2026-09-09,,Contratado,Natalia Cecilia Barrientos Montes (Telf: 6223227),,Potosi,NB-SABS (D.S.0181)
26-0435-00-1687312-0-E,Seguro Integral De Salud Sinec,Consultoria,CM,Servicios Medicos Especializados En Pediatria Para Consulta Externa Ii,False,2026-09-09,,Contratado,Susy Lizondo Balon (Telf: 3323173),,Santa Cruz,NB-SABS (D.S.0181)
26-0513-00-1686346-0-E,Yacimientos Petroliferos Fiscales Bolivianos - Ypfb,Consultoria,OF,"Consultoría Individual De Línea: Apoyo Operativo Ii, Para Digitalización De Archivos Udaf-Drcb",False,2026-09-09,,Contratado,Alison Ghimena Moruchi Morales (Telf: 2176300),,La Paz,Otra Normativa especifica nacional
26-0513-00-1687343-0-E,Yacimientos Petroliferos Fiscales Bolivianos - Ypfb,Bienes,OF,Adquisicion De Vacunas Para El Personal De La Vpacf,False,2026-09-09,,Contratado,Jacqueline Corina Flores Ferrufino (Telf: 2176300),,La Paz,Otra Normativa especifica nacional
26-0513-00-1687368-0-E,Yacimientos Petroliferos Fiscales Bolivianos - Ypfb,Consultoria,OF,"Consultoría Individual De Línea: Técnico Iii, En Análisis De Materiales Udaf-Drcb",False,2026-09-09,,Contratado,Sandra Boado Quiroga Rojas (Telf: 2176300),,La Paz,Otra Normativa especifica nacional
26-0513-00-1687516-0-E,Yacimientos Petroliferos Fiscales Bolivianos - Ypfb,Servicios Generales,CD,Servicio De Difusion De Campañas Publicitarias En El Medio De Comunicación Red Uno De Bolivia S.A. – Dcc,False,2026-09-09,,Contratado,Freddy Marcelino Andrade Mamani (Telf: 2176300),,La Paz,NB-SABS (D.S.0181)
26-0513-00-1687541-0-E,Yacimientos Petroliferos Fiscales Bolivianos - Ypfb,Servicios Generales,OF,"Servicio De Mantenimiento De Equipos Técnicos, Dom - Grgd",False,2026-09-09,,Contratado,Gilka Gabriela Nogales Siles (Telf: 2176300),,La Paz,Otra Normativa especifica nacional
26-0513-00-1687542-0-E,Yacimientos Petroliferos Fiscales Bolivianos - Ypfb,Consultoria,OF,"Consultoría Individual De Línea: Asistente I, En Bodega Udaf-Drcb",False,2026-09-09,,Contratado,Sandra Boado Quiroga Rojas (Telf: 2176300),,La Paz,Otra Normativa especifica nacional
26-0517-02-1687419-0-E,Empresa Minera Huanuni,Bienes,CD,Adquisicion De Cables Trifasicos De Baja Tension Varias Secciones (Emh-Tep-2026),False,2026-09-09,,Contratado,Jhon Milo Rodriguez Reyes (Telf: 25520033 - 25520034),,Oruro,NB-SABS (D.S.0181)
26-0517-08-1686417-1-1,Empresa Minera Colquiri,Bienes,ANPP,Clq-26-Anpe-53/2026 Adquisición De Neumaticos Para Equipos Y Vehiculos De Garajes Y Transportes,True,2026-09-09,2026-09-22,Vigente,Rilberth Cristhian Villegas Marca (Telf: 68350816-68350810),,La Paz,NB-SABS (D.S.0181)
26-0517-08-1687195-1-1,Empresa Minera Colquiri,Bienes,LP,Clq-26-Lici-45/2026 Adquisición De Material Explosivo Para La Seccion Mina,True,2026-09-09,2026-09-30,Vigente,Bernardino Bautista Mamani (Telf: 68350816-68350810),,La Paz,NB-SABS (D.S.0181)
26-0517-08-1687547-1-1,Empresa Minera Colquiri,Bienes,ANPP,Clq-26-Anpe-413/2026 Adquisición De Doblador De Riel Hidraulico Y Pilar De Sostenimeinto,True,2026-09-09,2026-09-22,Vigente,Bernardino Bautista Mamani (Telf: 68350816-68350810),,La Paz,NB-SABS (D.S.0181)
26-0548-00-1687303-1-1,Cofadena Oficina Central,Servicios Generales,CM,Servicio De Elaboración De Material Publicitario Institucional (Souvenirs) Para Su Distribución En Actividades Institucionales Para La Promoción De La Imagen Corporativa De Cofadena,False,2026-09-09,2026-09-14,Vigente,Stephanie Rodriguez Burgoa (Telf: 2433810),,La Paz,NB-SABS (D.S.0181)
26-0578-00-1687477-0-E,Empresa Publica Nacional Estrategica Boliviana De Aviacion - Bo A,Servicios Generales,CD,Servicio De Reparación Del Motor Esn 892883,False,2026-09-09,,Contratado,Jhonny Vasquez Alvarez (Telf: 4150000),,Cochabamba,D.S. 26688
26-0586-00-1687258-1-1,"Empresa Azucarera San Buenaventura ""Easba""",Servicios Generales,CM,Servicio De Reparacion Y Mantenimiento De Turbocompresores,False,2026-09-09,2026-09-14,Vigente,Maria Angela Rodriguez Benito (Telf: 2145019),,La Paz,NB-SABS (D.S.0181)
26-0586-00-1687359-1-1,"Empresa Azucarera San Buenaventura ""Easba""",Bienes,ANPE,Servicio De Recarga Y Mantenimiento De Extintores Para Planta Industrial De Azucar Y Anexos/Easba 2026,True,2026-09-09,2026-09-16,Vigente,Jorge Jhasmany Villamor Rivero (Telf: 2145019),,La Paz,NB-SABS (D.S.0181)
26-0591-00-1687239-1-1,"Empresa Estatal De Transporte Por Cable ""Mi Teleferico""",Servicios Generales,ANPE,Gom - Contratacion De Servicio De Mantenimiento Correctivo Para El Motor Principal 1 De La Seccion 2 De Linea Roja De La Eetc Mt,True,2026-09-09,2026-09-15,Vigente,Reynaldo Bertochi Martin (Telf: 2179300),,La Paz,NB-SABS (D.S.0181)
26-0681-00-1687126-1-1,Ministerio Publico,Bienes,LP,Adquisición De Equipos De Computación Portatiles Y De Escritorio  Para El Ministerio Publico,True,2026-09-09,2026-09-30,Vigente,Raul Aracena Rasguido (Telf: 6461606),,Chuquisaca,NB-SABS (D.S.0181)
26-0681-00-1687324-1-1,Ministerio Publico,Bienes,ANPP,Adquisición De 30 Aires Acondicionados De 18.000 Btu Para El Ministerio Pùblico,True,2026-09-09,2026-09-21,Vigente,Raul Aracena Rasguido (Telf: 6461606),,Chuquisaca,NB-SABS (D.S.0181)
26-0802-00-1687248-1-1,Empresa Local De Agua Potable Y Alcantarillado Elapas Sucre - Elapas,Obras,LP,Construccion Sistema De Agua Potable Zona Norte - Distrito 6,True,2026-09-09,2026-09-30,Vigente,Rene Hidalgo Muñoz (Telf: 6453151),,Chuquisaca,NB-SABS (D.S.0181)
26-0802-00-1687503-1-1,Empresa Local De Agua Potable Y Alcantarillado Elapas Sucre - Elapas,Bienes,CM,Adquisición De Sellos Mecánicos,False,2026-09-09,2026-09-14,Vigente,Gregorio Otrillas Laime (Telf: 6453151),,Chuquisaca,NB-SABS (D.S.0181)
26-0831-00-1687370-1-1,Servicio Local Acueducto Y Alcantarillado - Sela Oruro,Bienes,ANPE,"Adquisición De Junta Giboult Espiga - Espiga De 8”, 10” Y 12” 
                              Junta Giboult Campana – Espiga De 10” Y 12”",True,2026-09-09,2026-09-15,Vigente,Roberto Franco Choque Blaz (Telf: 5247701),,Oruro,NB-SABS (D.S.0181)
26-0902-03-1687270-1-1,Instituto Nacional De Medicina Nuclear - Inamen,Bienes,ANPE,Adquisición De Reactivos Para Las Pruebas Que Se Procesan En El Equipo Maglumi X3,True,2026-09-09,2026-09-15,Vigente,Cecilia Ingrid Pérez Zubieta (Telf: 2226116-2229884),,La Paz,NB-SABS (D.S.0181)
26-0902-05-1687271-1-1,Escuela Industrial Superior Pedro Domingo Murillo,Bienes,ANPE,Adquisición De Un (1) Vehículo Electrico Para La Carrera De Electricidad Industrial De La “Escuela Industrial Superior Pedro Domingo Murillo”,True,2026-09-09,2026-09-16,Vigente,James Juan Saravia Zambrana (Telf: 2306553),,La Paz,NB-SABS (D.S.0181)
26-0902-38-1675993-2-1,Instituto Nacional De Oftalmologia,Bienes,ANPP,Adquisición De Oftálmicos Iii,True,2026-09-09,2026-09-22,Vigente,Luvina Condori Cornejo (Telf: 2242062 - 2246255),,La Paz,NB-SABS (D.S.0181)
26-0902-38-1676675-1-2,Instituto Nacional De Oftalmologia,Servicios Generales,ANPE,Adquisición De Servicio De Impresión Papelería Y/O Formularios Ii,True,2026-09-09,2026-09-16,Vigente,Luvina Condori Cornejo (Telf: 2242062 - 2246255),,La Paz,NB-SABS (D.S.0181)
26-0902-38-1676695-1-2,Instituto Nacional De Oftalmologia,Bienes,ANPE,Adquisición De Material De Limpieza Ii,True,2026-09-09,2026-09-16,Vigente,Luvina Condori Cornejo (Telf: 2242062 - 2246255),,La Paz,NB-SABS (D.S.0181)
26-0902-38-1678273-2-1,Instituto Nacional De Oftalmologia,Bienes,ANPE,Adquisición De Lentes Terapéuticos,True,2026-09-09,2026-09-16,Vigente,Luvina Condori Cornejo (Telf: 2242062 - 2246255),,La Paz,NB-SABS (D.S.0181)
26-0902-40-1684836-2-1,"Hospital Del Niño  ""Dr. Ovidio Aliaga Uria""",Bienes,ANPE,Adquisición De Ropa De Trabajo 2026,True,2026-09-09,2026-09-16,Vigente,Ramiro Alanoca Alanoca (Telf: 2245076),,La Paz,NB-SABS (D.S.0181)
26-0902-40-1687339-1-1,"Hospital Del Niño  ""Dr. Ovidio Aliaga Uria""",Servicios Generales,CM,Servicio De Mantenimiento Y Reparacion Infraestructura Puesta A Tierra Y Ambientes De Quirofano,False,2026-09-09,2026-09-15,Vigente,Ana Gabriela Loza Fernandez (Telf: 2245076),,La Paz,NB-SABS (D.S.0181)
26-0902-41-1687380-1-1,Instituto De Gastroenterologia,Bienes,CM,Compra De Insumos Para Imagenologia  - 1,False,2026-09-09,2026-09-14,Vigente,Ivan Cordova Alvarez (Telf: 2246424),,La Paz,NB-SABS (D.S.0181)
26-0903-00-1687391-1-1,Gobierno Autónomo Departamental De Cochabamba,Servicios Generales,ANPP,"Contratación De Un Servicio De Migración De La Plataforma De Virtualización, Soporte Local Y Configuración De Servidor De Backup Del Gobierno Autónomo Departamental De Cochabamba",True,2026-09-09,2026-09-23,Vigente,Juan Jose Bustamante Lujan (Telf: 4519121-4255253),,Cochabamba,NB-SABS (D.S.0181)
26-0903-08-1686754-1-1,Asamblea Legislativa Departamental De Cochabamba,Bienes,CM,Adquisicion De Toner Para Impresoras Hp De La Asamblea Legislativa Departamental De Cochabamba,False,2026-09-09,2026-09-16,Vigente,Jose Alfonzo Choque Flores (Telf: 4504573),,Cochabamba,NB-SABS (D.S.0181)
26-0903-13-1687418-1-1,Banco De Sangre De Referencia Departamental Cochabamba,Bienes,ANPE,Consumibles Para El Equipo De Quimioluminiscencia,True,2026-09-09,2026-09-17,Vigente,Cinthia Heredia Soliz (Telf: 4664238),,Cochabamba,NB-SABS (D.S.0181)
26-0903-17-1686963-1-1,Hospital Del Niño Manuel Ascencio Villarroel,Bienes,ANPE,Aquisicion De Insumos Medicos Para La Unidad De Cuidados Quirurgicos Del Hospital Del Niño Manuel Ascencio Villarroel,True,2026-09-09,2026-09-16,Vigente,Ariel Trujillo Castro (Telf: 4235254),,Cochabamba,NB-SABS (D.S.0181)
26-0903-19-1687230-1-1,Hospital Clinico Viedma,Bienes,CM,"Adquisición De Medicamento Oncologico Irinotecan, Para El Almacén De Farmacia Del Hospital Clínico Viedma",False,2026-09-09,2026-09-15,Vigente,Paola Jenniffer Covarrubias Roca (Telf: 4235254),,Cochabamba,NB-SABS (D.S.0181)
26-0904-00-1687412-1-1,Gobierno Autónomo Departamental De Oruro,Bienes,ANPE,Adquisicion De Postes De Madera Curupau Para El Proyecto Repos. Del Manto Vegetal De Praderas Nativas En 10 Municipios Del Departamento De Oruro,True,2026-09-09,2026-09-15,Vigente,Milca Erika Viza Acevedo (Telf: -),,Oruro,NB-SABS (D.S.0181)
26-0904-02-1687320-1-1,Servicio Departamental De Gestion Social - Oruro,Bienes,CM,Adquisición De Productos Químicos Y Farmacéuticos Para Los Centros Infantiles Del Programa Departamental De Apoyo A La Estimulación Temprana Y Desarrollo Adolescente Se.De.Ge.S. 2026,False,2026-09-09,2026-09-14,Vigente,Gabriela Beatriz Gutierrez Beltran (Telf: -),,Oruro,NB-SABS (D.S.0181)
26-0904-04-1685443-1-1,Hospital General San Juan De Dios,Bienes,CM,"Adquisicion De ""Productos Quimicos"" Para El Servicio De Neonatologia Hospital General Pedido Nº9",False,2026-09-09,2026-09-14,Vigente,Ivan Angel Geronimo Morejon (Telf: 5275405),,Oruro,NB-SABS (D.S.0181)
26-0904-04-1686584-1-1,Hospital General San Juan De Dios,Bienes,ANPP,Contratación Anpe N° 26 (Veintiséis) Farmacia Institucional – Oncológicos - Sus,True,2026-09-09,2026-09-21,Vigente,Marcelino Ovidio Alconz Soliz (Telf: 5275405),,Oruro,NB-SABS (D.S.0181)
26-0904-06-1687286-0-E,Servicio Departamental De Caminos - Oruro,Bienes,CD,"Adquisicion De Diesel Oil 5.000 Litros Convenio N°024/2026 ""Mantenimiento Circuto Turistico Thipo Copacabanita Santiago De Huayllamarca"" Correspondiente A La Segunda Quicena De Julio 2026",False,2026-09-09,,Contratado,Waldo Antonio Medrano Sivila (Telf: 5240701),,Oruro,NB-SABS (D.S.0181)
26-0904-06-1687319-0-E,Servicio Departamental De Caminos - Oruro,Bienes,CD,Adquisicion De 5.000 Litros De Combustible Para Cumplimiento De Convenios Del Servicio Departamental De Caminnos Oruro,False,2026-09-09,,Contratado,Waldo Antonio Medrano Sivila (Telf: 5240701),,Oruro,NB-SABS (D.S.0181)
26-0904-06-1687342-1-1,Servicio Departamental De Caminos - Oruro,Bienes,CM,Adquisicion De 1200 Piezas De Tachas Bidireccionales Y Bitmen Para Uso En El Convenio Interinstitucional Entre El Servicio Departamental De Caminos Oruro (Sedcam - Oruro) Y El Gobierno Autonomo Municipal De Soracachi (G.A.M.S.H) Sedcam/Aj/Gigams/N°013/2026,False,2026-09-09,2026-09-14,Vigente,Waldo Antonio Medrano Sivila (Telf: 5240701),,Oruro,NB-SABS (D.S.0181)
26-0905-01-1687207-0-E,Servicio Departamental De Gestion Social - Potosi,Consultoria,CM,Contratacion De Consultor Individual De Linea - Tecnico Para Trata Y Trafico De Personas,False,2026-09-09,,Contratado,Milan Gregorio Chavez Sequeiros (Telf: 6222962 - 63018793),,Potosi,NB-SABS (D.S.0181)
26-0905-01-1687244-0-E,Servicio Departamental De Gestion Social - Potosi,Consultoria,CM,Contratacion De Consultor Individual De Linea Auxiliar Ii De Almacenes Gestion 2026,False,2026-09-09,,Contratado,Milan Gregorio Chavez Sequeiros (Telf: 6222962 - 63018793),,Potosi,NB-SABS (D.S.0181)
26-0905-06-1687540-1-1,Servicio Departamental De Caminos - Potosi,Servicios Generales,CM,Mantenimiento De Vias De Comunicacion Manual Rutinario Para La Conservacion Del Tramo: Palala-Cr.Rt.0772-San Pablo De Lipez,False,2026-09-09,2026-09-16,Vigente,Nelson Alberto Ortega Estrada (Telf: 6222061-61649000-77868349),,Potosi,NB-SABS (D.S.0181)
26-0905-06-1687559-1-1,Servicio Departamental De Caminos - Potosi,Servicios Generales,CM,Mantenimiento De Vias De Comunicación Manual Rutinario Para La Conservacion Del Tramo: Cr.Rt.14 - Charaja - Villa Pacheco - Puente Ramaditas,False,2026-09-09,2026-09-16,Vigente,Nelson Alberto Ortega Estrada (Telf: 6222061-61649000-77868349),,Potosi,NB-SABS (D.S.0181)
26-0905-06-1687563-1-1,Servicio Departamental De Caminos - Potosi,Servicios Generales,CM,Mantenimiento De Vias De Comunicacion Manual Rutinario Para La Conservacion Del Tramo: Guadalupe Rio Salado (Sullchi-Cocani-Polulos-San Pablo De Lipez),False,2026-09-09,2026-09-16,Vigente,Nelson Alberto Ortega Estrada (Telf: 6222061-61649000-77868349),,Potosi,NB-SABS (D.S.0181)
26-0905-06-1687567-1-1,Servicio Departamental De Caminos - Potosi,Servicios Generales,CM,Mantenimiento Vial Manual Rutinario Para La Conservacion Del Camino Tramo: Poco Poco-Huano Huano,False,2026-09-09,2026-09-16,Vigente,Nelson Alberto Ortega Estrada (Telf: 6222061-61649000-77868349),,Potosi,NB-SABS (D.S.0181)
26-0905-07-1680289-1-2,Hospital Tercer Nivel Potosi,Servicios Generales,CM,"""Contratacion De Servicio De Laboratorio Especializado Y Toma De Muestras Hisopados Para El Cultivo Bacteriologico De Los Ambientes Y Del Hospital De Tercer Nivel Potosi F.G.E.N.M.""",False,2026-09-09,2026-09-14,Vigente,Sandra Sanchez Chara (Telf: 26244001),,Potosi,NB-SABS (D.S.0181)
26-0905-07-1687478-1-1,Hospital Tercer Nivel Potosi,Bienes,ANPE,Adquisicion De Medicamentos Para La Cobertura De Requerimientos Terapeuticos Del Hospital Tercer Nivel Potosi,True,2026-09-09,2026-09-15,Vigente,Mariela Bertha Jala Villalta (Telf: 26244001),,Potosi,NB-SABS (D.S.0181)
26-0905-07-1687484-1-1,Hospital Tercer Nivel Potosi,Bienes,CM,Adquisicion De Accesorios Para Equipamiento De Audiovisuales Para La Unidad De Comunicación/Relaciones Publicas,False,2026-09-09,2026-09-14,Vigente,Sandra Sanchez Chara (Telf: 26244001),,Potosi,NB-SABS (D.S.0181)
26-0905-07-1687492-1-1,Hospital Tercer Nivel Potosi,Bienes,ANPE,Adquisición De Medicamentos Para Atención De Requerimientos Farmacoterapéuticos Hospitalario,True,2026-09-09,2026-09-15,Vigente,Sandra Layme Martinez (Telf: 26244001),,Potosi,NB-SABS (D.S.0181)
26-0905-07-1687527-1-1,Hospital Tercer Nivel Potosi,Bienes,ANPE,Compra De Reactivos Para Examenes Del Area De Bioquimica Sanguinea,True,2026-09-09,2026-09-15,Vigente,Iveth Arias Ureña (Telf: 26244001),,Potosi,NB-SABS (D.S.0181)
26-0905-09-1687428-1-1,Hospital Daniel Bracamonte,Bienes,CNC,"Pedido N° 209  Adquisicion De Medicamentos (Soluciones Glucosada, Ringer Normal 1000cc, 500cc) Para El Hospital Daniel Bracamonte - Compra Mayor Anpe- Hecho En Bolivia",True,2026-09-09,2026-09-14,Vigente,Juan Marcelo Villalpando Montoya (Telf: 6244961),,Potosi,Compro Hecho en Bolivia (D.S.4505)
26-0905-09-1687429-1-1,Hospital Daniel Bracamonte,Bienes,CNC,"Pedido N° 210  Adquisicion De Medicamentos (Imipenem, Vancomicina) Para El Hospital Daniel Bracamonte - Compra Mayor Anpe- Hecho En Bolivia",True,2026-09-09,2026-09-14,Vigente,Juan Marcelo Villalpando Montoya (Telf: 6244961),,Potosi,Compro Hecho en Bolivia (D.S.4505)
26-0905-09-1687434-1-1,Hospital Daniel Bracamonte,Bienes,CNC,"Pedido N° 203  Adquisicion De Medicamentos (Diclofenaco Gel Meloxicam, Paracetamol Jarabe Y Gotas) Para El Hospital Daniel Bracamonte - Compra Mayor Anpe- Hecho En Bolivia",True,2026-09-09,2026-09-14,Vigente,Juan Marcelo Villalpando Montoya (Telf: 6244961),,Potosi,Compro Hecho en Bolivia (D.S.4505)
26-0905-09-1687439-1-1,Hospital Daniel Bracamonte,Bienes,CNC,Pedido N° 202  Adquisicion De Medicamentos (Soluciones Acida Y Basica) Para El Hospital Daniel Bracamonte - Compra Mayor Anpe- Programa Renal- Hecho En Bolivia,True,2026-09-09,2026-09-14,Vigente,Juan Marcelo Villalpando Montoya (Telf: 6244961),,Potosi,Compro Hecho en Bolivia (D.S.4505)
26-0905-09-1687442-1-1,Hospital Daniel Bracamonte,Bienes,CNC,"Pedido N° 211  Adquisicion De Medicamentos (Cefotaxima, Cefazolina, Ceftriaxona) Para El Hospital Daniel Bracamonte - Compra Mayor Anpe- Hecho En Bolivia",True,2026-09-09,2026-09-14,Vigente,Juan Marcelo Villalpando Montoya (Telf: 6244961),,Potosi,Compro Hecho en Bolivia (D.S.4505)
26-0906-00-1686516-0-E,Gobierno Autónomo Departamental De Tarija,Bienes,CD,Adquisicion De Combustibles 2026 Para La Subgobernacion De Cercado,False,2026-09-09,,Contratado,Jorge Luis Aguirre Gallardo (Telf: 72990919),,Tarija,NB-SABS (D.S.0181)
26-0906-00-1687257-0-E,Gobierno Autónomo Departamental De Tarija,Bienes,CD,"Adquisicion De Combustible (Gasolina Y Diesel) Para Funcionamiento Y Operacion De Vehiculos Livianos, Maquinaria Pesaday Equipo De Transporte De La Subgobernacion Del Puente",False,2026-09-09,,Contratado,Jorge Luis Aguirre Gallardo (Telf: 72990919),,Tarija,NB-SABS (D.S.0181)
26-0906-00-1687472-1-1,Gobierno Autónomo Departamental De Tarija,Bienes,CNC,Adquisicion Productos Alimenticios Para La Canasta De Las Personas De La Tercera Edad El Departamento De Tarija – Gestion 2026,True,2026-09-09,2026-09-16,Vigente,Cinthya Susana Machicado Castillo (Telf: 72990919),,Tarija,Compro Hecho en Bolivia (D.S.4505)
26-0906-00-1687534-1-1,Gobierno Autónomo Departamental De Tarija,Servicios Generales,ANPP,Servicio De Internet E Interconectividad Para Administracion Central Del Gobierno Autonomo Departamental De Tarija,True,2026-09-09,2026-09-22,Vigente,Jorge Luis Aguirre Gallardo (Telf: 72990919),,Tarija,NB-SABS (D.S.0181)
26-0906-03-1687232-1-1,Servicio Departamental De Salud Tarija - Sedes,Bienes,CNC,Adquisicion De Diferentes Medicamentos 1 De Agosto Para El Hospital Regional San Juan De Dios ,True,2026-09-09,2026-09-15,Vigente,Briseida Sonia Carrasco Soliz (Telf: 4-6643257),,Tarija,Compro Hecho en Bolivia (D.S.4505)
26-0907-00-1677400-1-2,Gobierno Autónomo Departamental De Santa Cruz,Bienes,ANPE,"Adquisicion De Desinfectantes Para Los Pacientes Beneficiarios Del Sus Del Hospital De Tercer Nivel Montero, Gestion 2026, Sdsdh. (Segunda Adquisicion).",True,2026-09-09,2026-09-15,Vigente,Gustavo Nuñez Mendia (Telf: 3636300/3-3332760 /3636256),,Santa Cruz,NB-SABS (D.S.0181)
26-0907-00-1687331-1-1,Gobierno Autónomo Departamental De Santa Cruz,Bienes,CNC,Adquisicion De Ketorolaco,True,2026-09-09,2026-09-14,Vigente,Mauricio Castedo Roca (Telf: 3636300/3-3332760 /3636256),,Santa Cruz,Compro Hecho en Bolivia (D.S.4505)
26-0951-00-1686878-1-1,Banco Central De Bolivia - Bcb,Obras,ANPE,Obra De Reposición De Muro De Contención En El Sector Gradas Del Inmueble Del Bcb (Cota Cota),True,2026-09-09,2026-09-16,Vigente,Esperanza Mamani Mercado (Telf: 2409090),,La Paz,NB-SABS (D.S.0181)
26-0951-00-1686934-0-E,Banco Central De Bolivia - Bcb,Servicios Generales,OF,Servicio De Mantenimiento Y Actualización De Versión De Licencias Eviews,False,2026-09-09,,Contratado,Yerko Carlos Palacios Tellez (Telf: 2409090),,La Paz,D.S. 26688
26-1101-00-1687262-1-1,Gobierno Autonomo Municipal De Sucre,Bienes,CND1,Adquisicion De Insumos Para Brindar Curso De Reposteria En El Taller De La Sub Alcaldia Del Distrito 3,False,2026-09-09,2026-09-11,Vigente,Mauricio Azurduy Martinez (Telf: 6456185 ),,Chuquisaca,Compro Hecho en Bolivia (D.S.4505)
26-1101-00-1687265-0-E,Gobierno Autonomo Municipal De Sucre,Obras,CD,Construccion Parque Recreacional J.V. Maca,False,2026-09-09,,Contratado,Israel Oscar Flores Rivera (Telf: 6456185 ),,Chuquisaca,NB-SABS (D.S.0181)
26-1101-00-1687361-1-1,Gobierno Autonomo Municipal De Sucre,Obras,ANPP,Construccion Sistema De Agua Por Bombeo Comunidad Naciones Unidas Llinfi,True,2026-09-09,2026-09-21,Vigente,Victor Hugo Arancibia Hinojosa (Telf: 6456185 ),,Chuquisaca,NB-SABS (D.S.0181)
26-1101-00-1687362-1-1,Gobierno Autonomo Municipal De Sucre,Servicios Generales,CM,Servicio De Mantenimiento Plazuela S/D J.V. Honduras,False,2026-09-09,2026-09-14,Vigente,Juan Carlos Peterito Medrano (Telf: 6456185 ),,Chuquisaca,NB-SABS (D.S.0181)
26-1101-00-1687369-1-1,Gobierno Autonomo Municipal De Sucre,Obras,ANPP,Construccion Sistema De Agua Por Bombeo Comunidad Charcoma,True,2026-09-09,2026-09-21,Vigente,Victor Hugo Arancibia Hinojosa (Telf: 6456185 ),,Chuquisaca,NB-SABS (D.S.0181)
26-1101-00-1687379-1-1,Gobierno Autonomo Municipal De Sucre,Obras,ANPP,Reconstruccion Aceras Y Bordillos Calle Loa Entre Calles 25 De Mayo Y La Paz,True,2026-09-09,2026-09-21,Vigente,Victor Hugo Arancibia Hinojosa (Telf: 6456185 ),,Chuquisaca,NB-SABS (D.S.0181)
26-1101-00-1687401-1-1,Gobierno Autonomo Municipal De Sucre,Obras,ANPP,Reconstruccion Aceras Y Bordillos Calle Capitan Echeverria Entre Calles Junin Y Bustillos,True,2026-09-09,2026-09-21,Vigente,Victor Hugo Arancibia Hinojosa (Telf: 6456185 ),,Chuquisaca,NB-SABS (D.S.0181)
26-1101-05-1687360-1-1,Hospital Materno Infantil Poconas,Bienes,CNC,Adquisicion De Medicamentos Para Pacientes Del Hospital Materno Infantil Poconas Por La Ley 1152,True,2026-09-09,2026-09-14,Vigente,Maria Eugenia Gonzales Ramos (Telf: 64656185 46439769),,Chuquisaca,Compro Hecho en Bolivia (D.S.4505)
26-1121-00-1687546-1-1,Gobierno Autonomo Municipal De Incahuasi,Bienes,CNC,Adquisicion De Medicamentos E Insumos Con La Ley 1152 (Sus) Para Los Centros Y Puestos De Salud Del Municipio De Incahuasi.,True,2026-09-09,2026-09-18,Vigente,Luis Hector Almazan Cano (Telf: 4-6937724),,Chuquisaca,Compro Hecho en Bolivia (D.S.4505)
26-1201-00-1669934-2-1,Gobierno Autonomo Municipal De La Paz,Obras,ANPP,Reconstruccion Aceras Y Obras Complementarias Calle Jose Maria Asin Entre Avenida Kollasuyo Y Avenida Apumalla Zona Callampaya,True,2026-09-09,2026-09-22,Vigente,Marlene Plaza Velasco (Telf: 2650000),,La Paz,NB-SABS (D.S.0181)
26-1201-00-1680291-1-2,Gobierno Autonomo Municipal De La Paz,Obras,ANPE,Construccion Encarpetado Y Obras Complementarias Calle R Y Calle Retamas Entre Avenida Ciudad Del Niño Y Calle W Zona Caja Nacional De Salud,True,2026-09-09,2026-09-16,Vigente,Ana Maria Rios Lopez (Telf: 2650000),,La Paz,NB-SABS (D.S.0181)
26-1201-00-1681927-2-1,Gobierno Autonomo Municipal De La Paz,Obras,ANPE,Reconstruccion De Graderia Y Obras Complementarias En La Calle 16 De Julio Entre Calle Eduardo Avaroa Y Calle Nemesio Iturri Nuñez De La Zona Alto Mariscal De Santa Cruz,True,2026-09-09,2026-09-16,Vigente,Marlene Plaza Velasco (Telf: 2650000),,La Paz,NB-SABS (D.S.0181)
26-1201-00-1681932-2-1,Gobierno Autonomo Municipal De La Paz,Obras,ANPE,Reconstruccion De Graderia Y Obras Complementarias En La Calle Chualluma Y Pasaje 3 Entre Avenida Segundo Bascones Y Pasaje B De La Zona Bajo Chualluma,True,2026-09-09,2026-09-16,Vigente,Marlene Plaza Velasco (Telf: 2650000),,La Paz,NB-SABS (D.S.0181)
26-1201-00-1684590-2-1,Gobierno Autonomo Municipal De La Paz,Obras,ANPE,Construccion Alcantarillado Pluvial Y Obras Complementarias Calle Puerto De Ilo Zona Alto Tacagua Sector 1,True,2026-09-09,2026-09-16,Vigente,Nicolasa Rogelia Lucana Huallpa (Telf: 2650000),,La Paz,NB-SABS (D.S.0181)
26-1201-00-1684952-2-1,Gobierno Autonomo Municipal De La Paz,Obras,ANPE,"Reconstruccion Encarpetado, Graderias Y Obras Complementarias Calles Adolfo Gosalvez Y Choquehuanca Zona Antofagasta Unificado Alto Villa Nuevo Potosi",True,2026-09-09,2026-09-16,Vigente,Nicolasa Rogelia Lucana Huallpa (Telf: 2650000),,La Paz,NB-SABS (D.S.0181)
26-1201-00-1687422-1-1,Gobierno Autonomo Municipal De La Paz,Bienes,CND1,"Adquisicion De Chaleco Institucional Para El Personal De Umri - Fortalecimiento Del Fondo De Atención Ciudadana
Respuesta Inmediata Subalcaldía Vi Distrito 20 Gestion-2026",False,2026-09-09,2026-09-15,Vigente,Herlan David Rios Zambrana (Telf: 2650000),,La Paz,Compro Hecho en Bolivia (D.S.4505)
26-1203-00-1687134-1-1,Gobierno Autonomo Municipal De Mecapaca,Bienes,ANPE,Const. Casa Artesanal Comunidad Ilavi (Adquisición De Materiales),True,2026-09-09,2026-09-15,Vigente,Javier Andres Flores Mamani (Telf: 2-749042),,La Paz,NB-SABS (D.S.0181)
26-1204-00-1687275-1-1,Gobierno Autónomo Municipal Ecológico Productivo De Achocalla,Bienes,CM,Const. Muro Perimetral Centro De Salud Vergel D-9 (Provision De Materiales),False,2026-09-09,2026-09-14,Vigente,Christian Quispe Quispe (Telf: 2890084),,La Paz,NB-SABS (D.S.0181)
26-1204-00-1687297-1-1,Gobierno Autónomo Municipal Ecológico Productivo De Achocalla,Bienes,CM,Const. Cordones De Acera Zona Rosasani Com. Pacajes (Adquisicion De Materiales),False,2026-09-09,2026-09-14,Vigente,Christian Quispe Quispe (Telf: 2890084),,La Paz,NB-SABS (D.S.0181)
26-1204-00-1687374-0-E,Gobierno Autónomo Municipal Ecológico Productivo De Achocalla,Consultoria,CM,Apoyo Con Rrhh A Fortalecimiento Municipal (Auxiliar De Planificacion Urbana Y Rural),False,2026-09-09,,Contratado,Alvaro Chamizo Gutierrez (Telf: 2890084),,La Paz,NB-SABS (D.S.0181)
26-1204-00-1687390-0-E,Gobierno Autónomo Municipal Ecológico Productivo De Achocalla,Consultoria,CM,Apoyo Con Rrhh A Fortalecimiento Municipal (Tecnico Proyectista V),False,2026-09-09,,Contratado,Alvaro Chamizo Gutierrez (Telf: 2890084),,La Paz,NB-SABS (D.S.0181)
26-1204-00-1687510-0-E,Gobierno Autónomo Municipal Ecológico Productivo De Achocalla,Consultoria,CM,Apoyo Con Rrhh A Fortalecimiento Municipal (Consultor Individual De Linea Tecnico Tributario Operador Sistema Ruat - Inmueble Ii),False,2026-09-09,,Contratado,Alvaro Chamizo Gutierrez (Telf: 2890084),,La Paz,NB-SABS (D.S.0181)
26-1205-00-1680240-2-1,Gobierno Autonomo Municipal De El Alto,Bienes,CM,Mantenimiento Unidades Educativas El Alto-(Adq. De Inodoros),False,2026-09-09,2026-09-14,Vigente,Jesus Reynaldo Sirpa Lopez (Telf: 2-837715),,La Paz,NB-SABS (D.S.0181)
26-1206-00-1686737-1-1,Gobierno Autonomo Municipal De Viacha,Bienes,ANPE,Proyecto: Const. Cancha Urb. 1 De Mayo D-7 (Adquisicion De Caucho Granulado P/Cancha De Futbol),True,2026-09-09,2026-09-16,Vigente,Grover Juvenal Pocoata Condori (Telf: 2800006 - 2800508),,La Paz,NB-SABS (D.S.0181)
26-1206-00-1687427-0-E,Gobierno Autonomo Municipal De Viacha,Obras,CD,Const. Aulas Pedagogicas Cea Mariscal Andres De Santa Cruz Urb. Mcal. Santa Cruz D-7 (Grada Y Columnas Primer Piso),False,2026-09-09,,Contratado,Edson Royer Rodriguez Mendoza (Telf: 2800006 - 2800508),,La Paz,NB-SABS (D.S.0181)
26-1206-00-1687562-1-1,Gobierno Autonomo Municipal De Viacha,Bienes,CND1,Const. Plaza Principal Com. Central Coniri D-3 (Adq. De Cemento Portland Y Otros),False,2026-09-09,2026-09-14,Vigente,Erika Mendoza Canaviri (Telf: 2800006 - 2800508),,La Paz,Compro Hecho en Bolivia (D.S.4505)
26-1206-00-1687564-1-1,Gobierno Autonomo Municipal De Viacha,Bienes,CND1,Ampl. Centro Cultural Com. Sequichuru D-3 (Adq. De Barra Corrugada De Acero Y Otros),False,2026-09-09,2026-09-14,Vigente,Erika Mendoza Canaviri (Telf: 2800006 - 2800508),,La Paz,Compro Hecho en Bolivia (D.S.4505)
26-1206-00-1687565-1-1,Gobierno Autonomo Municipal De Viacha,Bienes,CND1,"Mejoramiento Sistemas De Agua Potable, D-3 (Adq. De Malla Olimpica Y Otros Para La Comunidad Hilata Centro D-3)",False,2026-09-09,2026-09-14,Vigente,Erika Mendoza Canaviri (Telf: 2800006 - 2800508),,La Paz,Compro Hecho en Bolivia (D.S.4505)
26-1207-00-1687131-1-1,Gobierno Autonomo Municipal De Guaqui,Bienes,CM,Servicios De Salud Universal Gratuita -Sus (Adq. De Medicamentos E Insumos Para Centro De Salud Integral Guaqui Segundo Trimestre 2026),False,2026-09-09,2026-09-14,Vigente,Wilmer Suxo Colque (Telf: 73097054),,La Paz,NB-SABS (D.S.0181)
26-1208-00-1687430-1-1,Gobierno Autonomo Municipal De Tiahuanacu,Bienes,CND1,Apoyo A Conservación De Forraje - Suriri (Adq. De Materiales De Construccion).,False,2026-09-09,2026-09-14,Vigente,Vanessa Maria Paucara Diaz (Telf: 2895102),,La Paz,Compro Hecho en Bolivia (D.S.4505)
26-1208-00-1687435-1-1,Gobierno Autonomo Municipal De Tiahuanacu,Bienes,ANPE,Apoyo A Conservacion De Forrajes Yanarico (Adquisición De Materiales De Construcción),True,2026-09-09,2026-09-16,Vigente,Vanessa Maria Paucara Diaz (Telf: 2895102),,La Paz,NB-SABS (D.S.0181)
26-1208-00-1687508-1-1,Gobierno Autonomo Municipal De Tiahuanacu,Bienes,CM,Apoyo A Conservacion De Forraje- Suriri (Adquisición De Materiales De Construcción),False,2026-09-09,2026-09-14,Vigente,Vanessa Maria Paucara Diaz (Telf: 2895102),,La Paz,NB-SABS (D.S.0181)
26-1208-00-1687532-1-1,Gobierno Autonomo Municipal De Tiahuanacu,Bienes,ANPE,Complementación Y Adq. De Tanques De Agua C. Huacullani,True,2026-09-09,2026-09-16,Vigente,Vanessa Maria Paucara Diaz (Telf: 2895102),,La Paz,NB-SABS (D.S.0181)
26-1211-00-1687341-1-1,Gobierno Autonomo Municipal De Sicasica (Villa Aroma),Bienes,CM,"Adquisición De Losetas Doble ""S"" Plaza Comiunidad Tarucamarca",False,2026-09-09,2026-09-14,Vigente,Juan Marcelo Escobar Escobar (Telf: 77725300),,La Paz,NB-SABS (D.S.0181)
26-1224-00-1687171-1-1,Gobierno Autonomo Municipal De Achacachi,Bienes,ANPP,Mantenimiento De Infraestructura Sector De Educacion – 35 Unidades Educativa Municipio De Achacachi (Adquisicion De Materiales),False,2026-09-09,2026-09-21,Vigente,Freddy Apaza Cruz (Telf: 63805779 - 68710252),,La Paz,NB-SABS (D.S.0181)
26-1226-00-1687282-1-1,Gobierno Autonomo Municipal De Sorata,Bienes,ANPE,Adquisicion De Materiales Para Casa Cultural Ticunhuaya,True,2026-09-09,2026-09-16,Vigente,Gabriela Rossy Vino Gonzales (Telf: 71569195),,La Paz,NB-SABS (D.S.0181)
26-1226-00-1687444-1-1,Gobierno Autonomo Municipal De Sorata,Bienes,ANPE,Mantenimiento De Sistema De Agua Potable Comunidad Koca Millipaya (Adquisicion De Materiales),True,2026-09-09,2026-09-16,Vigente,Gabriela Rossy Vino Gonzales (Telf: 71569195),,La Paz,NB-SABS (D.S.0181)
26-1226-00-1687506-1-1,Gobierno Autonomo Municipal De Sorata,Bienes,CNC,Mantenimiento Tanque De Agua Potable Com. Teñeria Manzanani (Adquisicion De Materiales),True,2026-09-09,2026-09-14,Vigente,Gabriela Rossy Vino Gonzales (Telf: 71569195),,La Paz,Compro Hecho en Bolivia (D.S.4505)
26-1226-00-1687575-1-1,Gobierno Autonomo Municipal De Sorata,Bienes,CND1,"Adquisicion De Mobiliario Para Las Unidades Educativas Okara, Luriacani, Jucumarini, Calabaya Y San Lorenzo Del Distrito Educativo Sorata Gestion 2026",False,2026-09-09,2026-09-14,Vigente,Gabriela Rossy Vino Gonzales (Telf: 71569195),,La Paz,Compro Hecho en Bolivia (D.S.4505)
26-1226-00-1687576-1-1,Gobierno Autonomo Municipal De Sorata,Bienes,CNC,Adquisicion De Medicamentos Para El Centro De Salud Millipaya 4to Trimestre 2026,True,2026-09-09,2026-09-14,Vigente,Gabriela Rossy Vino Gonzales (Telf: 71569195),,La Paz,Compro Hecho en Bolivia (D.S.4505)
26-1232-00-1687226-1-1,Gobierno Autonomo Municipal De Copacabana,Bienes,CM,Adoquinado De La Plaza San Pedro Com. Titicachi (Adquisicion De Losetas),False,2026-09-09,2026-09-15,Vigente,Jhonny Segales Ortiz (Telf: 28622624),,La Paz,NB-SABS (D.S.0181)
26-1232-00-1687558-1-1,Gobierno Autonomo Municipal De Copacabana,Bienes,CM,Mejoramiento Del Patio De La Unidad Educativa Villa Ajanani (Adquisicion De Materiales),False,2026-09-09,2026-09-14,Vigente,Jhonny Segales Ortiz (Telf: 28622624),,La Paz,NB-SABS (D.S.0181)
26-1256-00-1687452-1-1,Gobierno Autonomo Municipal De Chulumani,Bienes,CM,Adquisicion De Materiales De Construccion Para La Const. Centro De Capacitacion Productiva Chuquini Los Pinos (Obra Gruesa + Cubierta),False,2026-09-09,2026-09-14,Vigente,Ruben Jose Castaños Guzman (Telf: 6128868),,La Paz,NB-SABS (D.S.0181)
26-1262-00-1687436-1-1,Gobierno Autonomo Municipal De Laja,Obras,ANPP,Const. Posta De Salud Com. Callamarca (Continuidad) D.S. 0181,True,2026-09-09,2026-09-22,Vigente,Marisol Ursula Chuquimia Quispe (Telf: -),,La Paz,NB-SABS (D.S.0181)
26-1267-00-1687283-0-E,Gobierno Autonomo Municipal De Ixiamas,Bienes,CD,Adquisición De Repuestos Para Maquinaria Pesada Del G.A.M. Ixiamas,False,2026-09-09,,Contratado,Maily Johana Hurtado Porcel (Telf: -),,La Paz,NB-SABS (D.S.0181)
26-1274-00-1687440-1-1,Gobierno Autonomo Municipal De Santiago De Machaca,Bienes,ANPE,Adquisicion De Dos Equipos De Computacion (Portatil) Para La Direccion Tecnica De Proyectos,False,2026-09-09,2026-09-16,Vigente,Maria Isabel Quispe Sullca (Telf: 71911738),,La Paz,NB-SABS (D.S.0181)
26-1275-00-1679821-1-2,Gobierno Autonomo Municipal De Catacora,Consultoria,OF,"Auditoria Externa Del Proyecto: “Construccion De Cobertizos Para La Crianza De Ganado Camelido (Alpaca), En Las Markas Catacora Y Tolacollo Municipio Del Departamento De La Paz""",False,2026-09-09,2026-09-22,Vigente,Luis Wismark Mamani Machaca (Telf: -),,La Paz,Otra Normativa especifica nacional
26-1283-00-1685153-1-2,Gobierno Autonomo Municipal De Escoma ,Bienes,ANPE,Apoyo Municipal Para Prevenir La Deserción Escolar (Confección Adquisición De Deportivos Para Estudiantes Del Municipio De Escoma),False,2026-09-09,2026-09-15,Vigente,Jose Luis Luque Mamani (Telf: 73558855),,La Paz,NB-SABS (D.S.0181)
26-1284-00-1687273-1-1,Gobierno Autonomo Municipal De Humanata,Bienes,CND1,Const. Centro Cultural Humanata A (Adquisicion E Instalacion De Cubierta Metalica),False,2026-09-09,2026-09-14,Vigente,Rogelio Calle Janco (Telf: 67057811),,La Paz,Compro Hecho en Bolivia (D.S.4505)
26-1286-00-1686597-1-2,Gobierno Autonomo Municipal De Huatajata,Obras,ANPE,Const. Casa Artesanal Com. Tajara Grande - Obra Gruesa,True,2026-09-09,2026-09-14,Vigente,Nestor Catari Quispe (Telf: 71586394),,La Paz,NB-SABS (D.S.0181)
26-1286-00-1687143-1-2,Gobierno Autonomo Municipal De Huatajata,Obras,ANPE,Const. Casa Cultural Com. Tajara  Suañaca (Modulo Estructural) - ( Obra Gruesa) Municipio De Huatajata,True,2026-09-09,2026-09-17,Vigente,Nestor Catari Quispe (Telf: 71586394),,La Paz,NB-SABS (D.S.0181)
26-1286-00-1687245-1-1,Gobierno Autonomo Municipal De Huatajata,Obras,ANPE,Const. Casa Cultural Comunidad Tajara Chico - (Obra Fina) Municipio Huatajata,True,2026-09-09,2026-09-16,Vigente,Nestor Catari Quispe (Telf: 71586394),,La Paz,NB-SABS (D.S.0181)
26-1286-00-1687424-1-1,Gobierno Autonomo Municipal De Huatajata,Obras,ANPE,Const. Casa Cultural Com. Tajara Grande - (Obra Fina) Municipio De  Huatajata,True,2026-09-09,2026-09-16,Vigente,Nestor Catari Quispe (Telf: 71586394),,La Paz,NB-SABS (D.S.0181)
26-1301-00-1687215-1-1,Gobierno Autonomo Municipal De Cochabamba,Bienes,ANPE,Adquisicion De Herramientas Hospitalarias Menores Para Los Establecimientos De Salud  De La Red Cercado Gestion 2026,True,2026-09-09,2026-09-17,Vigente,Cristhian Saul Urey Flores (Telf: 4258103- 4425810-4258030),,Cochabamba,NB-SABS (D.S.0181)
26-1301-00-1687330-1-1,Gobierno Autonomo Municipal De Cochabamba,Bienes,ANPP,Adquisicion Insumos Para Equipo Maglumi Primer Reformulado Red Cercado 2026,True,2026-09-09,2026-09-23,Vigente,Victor Ariel Veneros Gomez (Telf: 4258103- 4425810-4258030),,Cochabamba,NB-SABS (D.S.0181)
26-1301-00-1687334-1-1,Gobierno Autonomo Municipal De Cochabamba,Bienes,ANPP,Compra Insumos Contadores Hematologicos Primer Reformulado Red Cercado 2026,True,2026-09-09,2026-09-23,Vigente,Cristhian Saul Urey Flores (Telf: 4258103- 4425810-4258030),,Cochabamba,NB-SABS (D.S.0181)
26-1301-00-1687382-1-1,Gobierno Autonomo Municipal De Cochabamba,Bienes,ANPP,Compra Insumos De Electrolitos Primer Reformulado Red Cercado 2026,True,2026-09-09,2026-09-23,Vigente,Victor Ariel Veneros Gomez (Telf: 4258103- 4425810-4258030),,Cochabamba,NB-SABS (D.S.0181)
26-1302-00-1687386-0-E,Gobierno Autonomo Municipal De Quillacollo,Consultoria,CM,Consultor Individual De Linea (Personal Apoyo C- Limpieza Almacenes Fim-Referencial) Gestion 2026,False,2026-09-09,,Contratado,Helen Wendy Colque Flores (Telf: 4260338-79788572),,Cochabamba,NB-SABS (D.S.0181)
26-1302-00-1687407-0-E,Gobierno Autonomo Municipal De Quillacollo,Bienes,CD,Provision De Combustible Para El Parque Automotor Y Maquinaria Pesada De La Empresa Municipal De Aseo Quillacollo Gestion 2026,False,2026-09-09,,Contratado,Jaime Ramiro Cahuana Aquino (Telf: 4260338-79788572),,Cochabamba,NB-SABS (D.S.0181)
26-1302-00-1687443-0-E,Gobierno Autonomo Municipal De Quillacollo,Consultoria,CM,Consultor Individual De Linea (Apoyo Administrativo B-Mecanico) Para La Planta De Hormigon,False,2026-09-09,,Contratado,Helen Wendy Colque Flores (Telf: 4260338-79788572),,Cochabamba,NB-SABS (D.S.0181)
26-1303-00-1687201-1-1,Gobierno Autonomo Municipal De Sipe Sipe,Bienes,ANPE,Compra De Materiales De Construccion De Alcantarillado Sanitario Para El Mejoramiento De La Comunidad Pirque Del Municipio De Sipe Sipe,True,2026-09-09,2026-09-16,Vigente,Hector Quispe Catacora (Telf: 4381932),,Cochabamba,NB-SABS (D.S.0181)
26-1303-00-1687485-1-1,Gobierno Autonomo Municipal De Sipe Sipe,Bienes,ANPE,Compra De Tuberias De Alacantarillado Sanitario Para El Mejoramiento De La Comunidad Vinto Chico  Del Municipio De Sipe Sipe,True,2026-09-09,2026-09-16,Vigente,Hector Quispe Catacora (Telf: 4381932),,Cochabamba,NB-SABS (D.S.0181)
26-1304-00-1686984-1-1,Gobierno Autonomo Municipal De Tiquipaya,Bienes,ANPE,Segunda Compra De Insumos Odontológicos Para La Atención De Pacientes Del Seguro Universal De Salud Del Hospital Tiquipaya Y Centros De Salud Gestión 2026,True,2026-09-09,2026-09-16,Vigente,Milenka Celina Lazarte Vocal (Telf: 4315363 - 79761072),,Cochabamba,NB-SABS (D.S.0181)
26-1304-00-1687499-1-1,Gobierno Autonomo Municipal De Tiquipaya,Bienes,ANPE,Mej. De Vias Con Pavimento Rigido Calles Otb Salancachi D4 – Tiquipaya (Compra De Aditivos Y Otros Materiales),True,2026-09-09,2026-09-16,Vigente,Carla Lucia Yanarico Arroyo (Telf: 4315363 - 79761072),,Cochabamba,NB-SABS (D.S.0181)
26-1304-00-1687518-1-1,Gobierno Autonomo Municipal De Tiquipaya,Bienes,ANPP,Adq. De Materiales Para Sistema De Alcantarillado Junta Vecinal Villa Porvenir D5 - Tiquipaya,True,2026-09-09,2026-09-24,Vigente,Carla Lucia Yanarico Arroyo (Telf: 4315363 - 79761072),,Cochabamba,NB-SABS (D.S.0181)
26-1304-00-1687537-1-1,Gobierno Autonomo Municipal De Tiquipaya,Bienes,ANPE,Compra De Herramientas Para El Apoyo Al Sector Productivo De La Organizacion De Mujeres Sub Central 13 De Agosto Del D3 Del Municipio De Tiquipaya,True,2026-09-09,2026-09-16,Vigente,Carla Lucia Yanarico Arroyo (Telf: 4315363 - 79761072),,Cochabamba,NB-SABS (D.S.0181)
26-1306-00-1687228-1-1,Gobierno Autonomo Municipal De Colcapirhua,Bienes,ANPE,Const. Pavimento Rígido Para Los Distritos De Colcapirhua Gam Colcapirhua (Adquisición De Material Prefabricado De Hº Aº Para El Levantamiento De Cámaras De Inspección De Alcantarillado De Colcapirhua),True,2026-09-09,2026-09-17,Vigente,David Paniagua Flores (Telf: 4269985),,Cochabamba,NB-SABS (D.S.0181)
26-1306-00-1687550-1-1,Gobierno Autonomo Municipal De Colcapirhua,Bienes,ANPE,Adquisición De Equipo De Comunicación Para El Canal Digital Institucional Colcast,True,2026-09-09,2026-09-17,Vigente,Maria Rene Mariscal Apaza (Telf: 4269985),,Cochabamba,NB-SABS (D.S.0181)
26-1308-00-1687403-1-1,Gobierno Autonomo Municipal De Pasorapa,Bienes,CND1,Compra De Material  Deportivo Para Incentivo Del Campeonato Relampago Defutbol 8 En La Comunidad De Buena Vista Municipio De Pasorapa,False,2026-09-09,2026-09-11,Vigente,Armando Carlos Triveño Lizarazu (Telf: 67406896),,Cochabamba,Compro Hecho en Bolivia (D.S.4505)
26-1310-00-1687218-1-1,Gobierno Autonomo Municipal De Ayopaya (Villa De Independencia),Bienes,CM,Adquisición De Leche Fresca Para La Provisión A La Planta De Transformación Agroindustrial De Independencia (Segundo Semestre),False,2026-09-09,2026-09-14,Vigente,Abel Munoz Guarachi (Telf: 010-44136192  4-4500615),,Cochabamba,NB-SABS (D.S.0181)
26-1312-00-1687357-1-1,Gobierno Autonomo Municipal De Sacaba,Obras,ANPP,Ampl. Empedrado Y Cordones Zona Norte Distrito 2 (Otb Puntiti Chico Norte),True,2026-09-09,2026-09-23,Vigente,Richard Quelca Ledezma (Telf: 4702301),,Cochabamba,NB-SABS (D.S.0181)
26-1312-00-1687363-1-1,Gobierno Autonomo Municipal De Sacaba,Bienes,ANPP,Servicios De Salud Universal Y Gratuita – Sus (Adquisición De Insumos Medicos Y Odontologicos Hospital Solomon Klein - Segunda Compra) Items Desiertos - A,True,2026-09-09,2026-09-23,Vigente,Jhonatan Sanchez Cabrera (Telf: 4702301),,Cochabamba,NB-SABS (D.S.0181)
26-1312-00-1687451-1-1,Gobierno Autonomo Municipal De Sacaba,Bienes,CND1,"Mantenimiento Y Mejoramiento De Saneamiento Básico Sacaba (Adq. De Tubería Hdpe, Junta Vecinal El Bosquecillo).",False,2026-09-09,2026-09-15,Vigente,Richard Quelca Ledezma (Telf: 4702301),,Cochabamba,Compro Hecho en Bolivia (D.S.4505)
26-1312-00-1687461-1-1,Gobierno Autonomo Municipal De Sacaba,Bienes,CNC,Servicios De Salud Universal Y Gratuita – Sus (Adquisición De Complemento Nutricional Carmelo Para Establecimientos De Salud De 1er Nivel - Tercera Compra),True,2026-09-09,2026-09-15,Vigente,Saida Mamani Quintela (Telf: 4702301),,Cochabamba,Compro Hecho en Bolivia (D.S.4505)
26-1312-00-1687482-0-E,Gobierno Autonomo Municipal De Sacaba,Obras,CD,Const. Unidad Educativa Emiliano Villazón Distrito 1 (Obras Complementarias),False,2026-09-09,,Contratado,Richard Quelca Ledezma (Telf: 4702301),,Cochabamba,NB-SABS (D.S.0181)
26-1327-00-1687364-1-1,Gobierno Autonomo Municipal De Capinota,Bienes,CM,Compra De Material De Construcción Para Ampliación Centro De Salud Irpa Irpa,False,2026-09-09,2026-09-14,Vigente,Heraclio Colque  Sanca  (Telf: 4389007- 4388331),,Cochabamba,NB-SABS (D.S.0181)
26-1331-00-1687465-1-1,Gobierno Autonomo Municipal De Totora,Bienes,ANPE,Compra De Material De Construccion Para   El Mejoramiento Y Mantenimiento Infraestructura De Educacion,True,2026-09-09,2026-09-16,Vigente,Ariel Limachi Mora (Telf: 4341002-4136464-4341240),,Cochabamba,NB-SABS (D.S.0181)
26-1333-00-1687280-1-1,Gobierno Autonomo Municipal De Pocona,Obras,ANPP,Const. Centro De Salud Yuraj Molino (Obra Fina),True,2026-09-09,2026-09-21,Vigente,David Blanco Becerra (Telf: 68584553 - 71440618),,Cochabamba,NB-SABS (D.S.0181)
26-1334-00-1687512-1-1,Gobierno Autonomo Municipal De Chimore,Servicios Generales,ANPP,"Rehabilitación Y Mejoramiento Del Puente Vehicular Tipo Alcantarilla Cajón Beni, Chimoré D-I",True,2026-09-09,2026-09-22,Vigente,Eduardo Lopez Meruvia (Telf: 44136218),,Cochabamba,NB-SABS (D.S.0181)
26-1335-00-1687479-1-1,Gobierno Autonomo Municipal De Puerto Villarroel,Bienes,CM,Adquisición De Motocicleta Para La Unidad Agricola Y Forestal Del Gobierno Autonomo Municipal De Puerto Villarroel,False,2026-09-09,2026-09-15,Vigente,Deysi Indalicio Urey (Telf: 44136281),,Cochabamba,NB-SABS (D.S.0181)
26-1341-00-1686983-1-1,Gobierno Autonomo Municipal De Tiraque,Bienes,ANPE,Adquisición De Reactivos E Insumos De Laboratorio Correspondiente A La Gestión 2026 (D.S. N°0181),True,2026-09-09,2026-09-16,Vigente,Vilma Ponce Godoy (Telf: 4570026 ),,Cochabamba,NB-SABS (D.S.0181)
26-1401-00-1687121-1-1,Gobierno Autonomo Municipal De Oruro,Bienes,CM,Adquisición De Material De Limpieza Para Las Conserjes Del Gobierno Autónomo Municipal De Oruro,False,2026-09-09,2026-09-15,Vigente,Jerson Lozano Rios (Telf: 2-5251624),,Oruro,NB-SABS (D.S.0181)
26-1401-00-1687294-1-1,Gobierno Autonomo Municipal De Oruro,Consultoria,ANPP,Contratacion De Consultores Individuales De Linea: Personal Medico Paramedico Para Los 2 Hospitales De Segundo Nivel Del Municipio De Oruro G.A.M.O. Gestion 2026,False,2026-09-09,2026-09-22,Vigente,Jacqueline Manardy Canaviri (Telf: 2-5251624),,Oruro,NB-SABS (D.S.0181)
26-1404-00-1683605-1-2,Gobierno Autonomo Municipal De Challapata,Bienes,ANPE,Apoyo Funcionamiento De Educacion (Adquisicion De Materiales De Escritorio Y Oficina Para Las Unidades Educativas Del Municipio De Challapata),True,2026-09-09,2026-09-15,Vigente,Simeon Chambi Flores (Telf: 5572250),,Oruro,NB-SABS (D.S.0181)
26-1408-00-1687305-1-1,Gobierno Autonomo Municipal De Poopo (Villa Poopo),Bienes,CNC,"Servico De Salud Universal Y Gratuita S.U.S (Adquisicion De Medicamentos Tercer Trimestre) Para El C.S.I. San Juan De Dios Poopo, Gestion 2026",True,2026-09-09,2026-09-14,Vigente,Maria Pascuala  Quispe (Telf: 71850446),,Oruro,Compro Hecho en Bolivia (D.S.4505)
26-1412-00-1686311-1-1,Gobierno Autonomo Municipal De Santiago De Huari,Bienes,CM,Servicio De Salud Universal Y Gratuita – Sus (Adquisición De Insumos Y Reactivos De Laboratorio Área Salud),False,2026-09-09,2026-09-14,Vigente,Noemi Ivanoe Vallejos Salgado (Telf: 73817728),,Oruro,NB-SABS (D.S.0181)
26-1415-00-1686857-1-1,Gobierno Autonomo Municipal De Choque Cota,Bienes,CM,Adquisicion De Televisores Smart Tv Y Soportes Moviles Para La Unidad Educativa Choquecota - Nivel Secundario,False,2026-09-09,2026-09-14,Vigente,Rene Tapia Benavides (Telf: 70437636),,Oruro,NB-SABS (D.S.0181)
26-1423-00-1687233-1-1,Gobierno Autonomo Municipal De Toledo,Servicios Generales,ANPE,Limpieza De Vigiñas Comunidad Belen,True,2026-09-09,2026-09-15,Vigente,Edson Abel Zena Gutierrez (Telf: 74140145),,Oruro,NB-SABS (D.S.0181)
26-1423-00-1687531-1-1,Gobierno Autonomo Municipal De Toledo,Bienes,CNC,Servicios De Salud Universal Y Gratuito-Sus - Adquisicion De Complemento Nutricional Nutrimama Segundo Semestre Gestion 2026,True,2026-09-09,2026-09-14,Vigente,Edson Abel Zena Gutierrez (Telf: 74140145),,Oruro,Compro Hecho en Bolivia (D.S.4505)
26-1423-00-1687533-1-1,Gobierno Autonomo Municipal De Toledo,Bienes,CNC,Fortalecimiento A La Alimentacion Complementaria Mun. Toledo - Adquisicion De Complemento Nutricional Nuti Bebe Segundo Semestre 2026,True,2026-09-09,2026-09-14,Vigente,Edson Abel Zena Gutierrez (Telf: 74140145),,Oruro,Compro Hecho en Bolivia (D.S.4505)
26-1501-00-1674565-2-1,Gobierno Autonomo Municipal De Potosi,Bienes,ANPE,Adquisición De Motocicletas Para El Fortalecimiento De La Dirección De Catastro Y Desarrollo Urbano Del Municipio De Potosí -Servicio De Catastro Urbano M.D.,True,2026-09-09,2026-09-16,Vigente,Mirian Vargas Señoranis (Telf: 26226200),,Potosi,NB-SABS (D.S.0181)
26-1501-00-1687457-1-1,Gobierno Autonomo Municipal De Potosi,Bienes,ANPE,Adquisición Materiales De Construcción (Agregados Y Otros) Para Const. Pabellon N° 26 Y 29 Cementerio General,True,2026-09-09,2026-09-16,Vigente,Erick Roger Peredo Cabrera (Telf: 26226200),,Potosi,NB-SABS (D.S.0181)
26-1501-00-1687551-1-1,Gobierno Autonomo Municipal De Potosi,Consultoria,ANPE,Servicio De Supervisión Técnica Del Proyecto: Const. Puente Vehicular Tramos Santiago De Ockoruro - Thamari D-18,False,2026-09-09,2026-09-16,Vigente,Erick Roger Peredo Cabrera (Telf: 26226200),,Potosi,NB-SABS (D.S.0181)
26-1501-05-1686927-1-1,Dirección Técnica Municipal De Salud,Bienes,CM,Adquisicion De Utiles De Escritorio Y Oficina Para El Centro De Salud Integral Plan 700,False,2026-09-09,2026-09-14,Vigente,Karla Carvajal Villa (Telf: 2 6231337),,Potosi,NB-SABS (D.S.0181)
26-1501-05-1687463-1-1,Dirección Técnica Municipal De Salud,Bienes,CND1,Adquisición De Material De Limpieza A Requerimiento Del Almacén De Hospital Municipal San Cristóbal ,False,2026-09-09,2026-09-14,Vigente,Daria Bravo Flores (Telf: 2 6231337),,Potosi,Compro Hecho en Bolivia (D.S.4505)
26-1507-00-1686796-1-1,Gobierno Autonomo Municipal De Llallagua,Bienes,ANPE,"""Mantenimiento Infraestructura Y Equipamiento Salud Segundo Nivel"" (Adquisición De Accesorios Para El Servicio De Esterilización - Planta De Osmosis Hospital De Segundo Nivel Madre Obrera Municipio De Llallagua 2026)",True,2026-09-09,2026-09-16,Vigente,Mariane Caballero Layme (Telf: 5822817),,Potosi,NB-SABS (D.S.0181)
26-1515-00-1685017-2-1,Gobierno Autonomo Municipal De San Pedro De Buena Vista,Obras,ANPE,Const. Bateria De Baños U.E. Japo Dist. Qhayana,True,2026-09-09,2026-09-16,Vigente,David Pillco Atanacio (Telf: 75422997),,Potosi,NB-SABS (D.S.0181)
26-1521-00-1686135-1-1,"Gobierno Autonomo Municipal De Colcha""K"" (Villa Martin)",Bienes,ANPE,Adquisicion De Confeccion Textiles Para Equipamiento De Complejo Turistico Calcha K,True,2026-09-09,2026-09-15,Vigente,Nicol Graciela Choque Gonzales (Telf: +591-69654122),,Potosi,NB-SABS (D.S.0181)
26-1526-00-1680177-2-2,Gobierno Autonomo Municipal De Sacaca (Villa De Sacaca),Bienes,ANPE,Adquisición De Equipos De Computacion Para La Red De Servicios De Salud Municipal Safci Sacaca,True,2026-09-09,2026-09-16,Vigente,Nelson Gabriel Chambi (Telf: 67948479),,Potosi,NB-SABS (D.S.0181)
26-1526-00-1687555-1-1,Gobierno Autonomo Municipal De Sacaca (Villa De Sacaca),Bienes,CNC,"Compra De Complemento Nutricional (Nutribebe) Para El Menor De 6 A 23 Meses Programa Multisectorial Desnutricional Cero ""Compro Hecho En Bolivia""",True,2026-09-09,2026-09-16,Vigente,Nelson Gabriel Chambi (Telf: 67948479),,Potosi,Compro Hecho en Bolivia (D.S.4505)
26-1527-00-1687496-1-1,Gobierno Autonomo Municipal De Caripuyo,Bienes,CND1,Adquisicion De Material De Escritorio (Papel) Para El Funcionamiento De Ejecutivo Municipal Del Gobierno Autonomo Municipal De Caripuyo,False,2026-09-09,2026-09-11,Vigente,Ponciano Ajomado Estalla (Telf: 68316086),,Potosi,Compro Hecho en Bolivia (D.S.4505)
26-1601-00-1687247-1-1,Gobierno Autonomo Municipal De Tarija,Servicios Generales,ANPP,Servicio De Diseño E Impresión De Formularios Para Los Centros De Salud Del Área Rural Y Urbana,True,2026-09-09,2026-09-21,Vigente,Shirley Margarzo Romero (Telf: 6643211 - 6643213),,Tarija,NB-SABS (D.S.0181)
26-1601-00-1687549-1-1,Gobierno Autonomo Municipal De Tarija,Bienes,CM,Adquisicion De Lavandina Para Los Centros De Salud Area Urbana,False,2026-09-09,2026-09-14,Vigente,Yhoelma Vanesa Cuenca Gutierrez (Telf: 6643211 - 6643213),,Tarija,NB-SABS (D.S.0181)
26-1603-00-1685027-1-1,Gobierno Autonomo Municipal De Bermejo,Obras,ANPE,Const. Obras Complementarias Cementerio Candado Grande - Bermejo,True,2026-09-09,2026-09-16,Vigente,Giovana Iniguez Pacheco  (Telf: 6961095),,Tarija,NB-SABS (D.S.0181)
26-1603-00-1687530-1-1,Gobierno Autonomo Municipal De Bermejo,Bienes,CND1,Compra De Material De Limpieza E Higiene Para El Stock De Almacenes,False,2026-09-09,2026-09-14,Vigente,Jhonny Santiago Quispe Aro (Telf: 6961095),,Tarija,Compro Hecho en Bolivia (D.S.4505)
26-1604-00-1687460-1-1,Gobierno Autonomo Municipal De Yacuiba,Bienes,CM,Adquisicion De Materiales De Escritorio Y De Oficina Para Los Establecimientos De Salud De Primer Nivel Del Municipio De Yacuiba.,False,2026-09-09,2026-09-14,Vigente,Gumercindo Hilario Gallardo Bonillas (Telf: 46822024),,Tarija,NB-SABS (D.S.0181)
26-1606-00-1687536-1-1,Gobierno Autonomo Municipal De Villamontes,Bienes,CND1,"""Tercera Adquisición De Abarrotes Para La Alimentación De Los Pacientes Y Personal De Turno Del Hospital Villa Montes Gestión 2026""",False,2026-09-09,2026-09-11,Vigente,Yhara Escalante Tejerina (Telf: 6722379 / 6722993),,Tarija,Compro Hecho en Bolivia (D.S.4505)
26-1606-00-1687545-1-1,Gobierno Autonomo Municipal De Villamontes,Bienes,CND1,"""Quinta Adquisición De Alimentos Perecederos, Para La Alimentación De Pacientes Y Personal De Turno Del Hospital Villa Montes""",False,2026-09-09,2026-09-11,Vigente,Yhara Escalante Tejerina (Telf: 6722379 / 6722993),,Tarija,Compro Hecho en Bolivia (D.S.4505)
26-1609-00-1687432-1-1,Gobierno Autonomo Municipal De San Lorenzo -  Tarija,Bienes,ANPP,Adquisición De Dron Agricola Para El Apoyo En El Control De Plagas Y Enfermedades De Los Cultivos En El Municipio De San Lorenzo,True,2026-09-09,2026-09-22,Vigente,Lourdes Soledad Villarroel Fernandez (Telf: 66-65920),,Tarija,NB-SABS (D.S.0181)
26-1701-00-1681642-1-2,Gobierno Autonomo Municipal De Santa Cruz De La Sierra,Bienes,ANPE,"Adquisicion De Formularios Para La Atencion De Pacientes De Hemodialisis Del Hospital Municipal Pampa De La Isla, Sms",True,2026-09-09,2026-09-16,Vigente,Carmen Carola Capobianco Antelo (Telf: Ver Convocatoria y/o DBC. ),,Santa Cruz,NB-SABS (D.S.0181)
26-1701-00-1682326-1-2,Gobierno Autonomo Municipal De Santa Cruz De La Sierra,Bienes,ANPP,"Adquisicion De Formularios Del Seguro Unico De Salud Para La Atencion De Pacientes De La Red De Salud Sur, Sms",True,2026-09-09,2026-09-22,Vigente,Sanddy Cruz Gutierrez (Telf: Ver Convocatoria y/o DBC. ),,Santa Cruz,NB-SABS (D.S.0181)
26-1701-00-1683713-1-2,Gobierno Autonomo Municipal De Santa Cruz De La Sierra,Bienes,ANPP,"Adquisicion De Formularios Clinicos Para Los Diferentes Centros De Salud De La Red De Salud Norte, Sms",True,2026-09-09,2026-09-22,Vigente,Carmen Carola Capobianco Antelo (Telf: Ver Convocatoria y/o DBC. ),,Santa Cruz,NB-SABS (D.S.0181)
26-1701-00-1685539-1-1,Gobierno Autonomo Municipal De Santa Cruz De La Sierra,Bienes,ANPP,"Adquisicion De Reactivos De Laboratorio Para La Atencion A Pacientes Sus Ley 1152 Para El Hospital Municipal Villa 1ro De Mayo, Sms",True,2026-09-09,2026-09-22,Vigente,Sanddy Cruz Gutierrez (Telf: Ver Convocatoria y/o DBC. ),,Santa Cruz,NB-SABS (D.S.0181)
26-1701-00-1686844-0-E,Gobierno Autonomo Municipal De Santa Cruz De La Sierra,Servicios Generales,CD,"Servicio De Ambientación De Espacios Públicos Por Efemérides Departamentales, Dirección De Relaciones Públicas Y Protocolo",False,2026-09-09,,Contratado,Silvana Añez Aponte (Telf: Ver Convocatoria y/o DBC. ),,Santa Cruz,NB-SABS (D.S.0181)
26-1701-00-1687043-1-1,Gobierno Autonomo Municipal De Santa Cruz De La Sierra,Servicios Generales,ANPE,"Servicio De Mantenimiento Preventivo De Los Equipos De Aire Acondicionado Tipo Vrf Del Edificio Quinta Municipal Del G.A.M.S.C., Para La Gestión 2026, Dpto. De Servicios Generales, Smaf.",True,2026-09-09,2026-09-15,Vigente,Raquel Akay Becerra (Telf: Ver Convocatoria y/o DBC. ),,Santa Cruz,NB-SABS (D.S.0181)
26-1701-00-1687221-1-1,Gobierno Autonomo Municipal De Santa Cruz De La Sierra,Bienes,CM,"Adquisicion De Basureros Para Los Centros De La Red De Salud Norte, Sms.",False,2026-09-09,2026-09-14,Vigente,Maria Victoria Aldunate Pinto (Telf: Ver Convocatoria y/o DBC. ),,Santa Cruz,NB-SABS (D.S.0181)
26-1701-00-1687349-1-1,Gobierno Autonomo Municipal De Santa Cruz De La Sierra,Consultoria,OF,Contratación De Un Consultor Individual Especialista En Salvaguarda Social. Uodpru-Sempladyma.,False,2026-09-09,2026-09-18,Vigente,Jhonatan Rodolfo Santillan Delgado (Telf: Ver Convocatoria y/o DBC. ),,Santa Cruz,Normativa del Financiador (BM)
26-1701-00-1687411-1-1,Gobierno Autonomo Municipal De Santa Cruz De La Sierra,Bienes,CNC,"Adquisicion De Alimentos Secos Para La Alimentacion De Los Centros Municipales Infantiles Bajo El D.S N°4505 Para La Direccion De Asuntos Generacionales, Smdh",True,2026-09-09,2026-09-14,Vigente,Raquel Akay Becerra (Telf: Ver Convocatoria y/o DBC. ),,Santa Cruz,Compro Hecho en Bolivia (D.S.4505)
26-1701-00-1687454-1-1,Gobierno Autonomo Municipal De Santa Cruz De La Sierra,Consultoria,OF,Contratación De Un Consultor Individual Especialista Comunicador. Uodpru-Sempladyma.,False,2026-09-09,2026-09-18,Vigente,Rodolfo Montoya Teran (Telf: Ver Convocatoria y/o DBC. ),,Santa Cruz,Normativa del Financiador (BM)
26-1701-14-1687203-1-1,Unidad Operativa Desconcentrada De Alumbrado Publico,Bienes,LP,"Adquisicion De Lamparas Led Para Alumbrado Publico, Uodap",True,2026-09-09,2026-10-02,Vigente,Robin Denis Paz Chavez (Telf: 3346-6464),,Santa Cruz,NB-SABS (D.S.0181)
26-1703-00-1677539-1-2,Gobierno Autonomo Municipal De Ayacucho (Porongo),Servicios Generales,ANPE,Servicio De Mantenimiento Y Reparacion Del Ganzo Para La Retroexcavadora Case 580n Con Chasis N° Hbzn58negah15245,True,2026-09-09,2026-09-16,Vigente,Jose Domingo Pedraza Alcantara (Telf: 3888227),,Santa Cruz,NB-SABS (D.S.0181)
26-1703-00-1687223-0-E,Gobierno Autonomo Municipal De Ayacucho (Porongo),Consultoria,CM,Licenciada De Enfermeria (Ii) C.S.S.J.B,False,2026-09-09,,Contratado,Mirian Rita Soria Coronado (Telf: 3888227),,Santa Cruz,NB-SABS (D.S.0181)
26-1703-00-1687225-0-E,Gobierno Autonomo Municipal De Ayacucho (Porongo),Consultoria,CM,Medico Odontologo Brigada Movil I,False,2026-09-09,,Contratado,Viznney Saavedra Paniagua (Telf: 3888227),,Santa Cruz,NB-SABS (D.S.0181)
26-1703-00-1687231-0-E,Gobierno Autonomo Municipal De Ayacucho (Porongo),Consultoria,CM,Medico Odontologo (I) Tarumatu,False,2026-09-09,,Contratado,Viznney Saavedra Paniagua (Telf: 3888227),,Santa Cruz,NB-SABS (D.S.0181)
26-1703-00-1687235-0-E,Gobierno Autonomo Municipal De Ayacucho (Porongo),Consultoria,CM,Licenciada De Enfermeria (Iv) C.S.S.J.B,False,2026-09-09,,Contratado,Mirian Rita Soria Coronado (Telf: 3888227),,Santa Cruz,NB-SABS (D.S.0181)
26-1703-00-1687252-0-E,Gobierno Autonomo Municipal De Ayacucho (Porongo),Consultoria,CM,Medico Odontologo (I) Sombrerito,False,2026-09-09,,Contratado,Viznney Saavedra Paniagua (Telf: 3888227),,Santa Cruz,NB-SABS (D.S.0181)
26-1703-00-1687261-0-E,Gobierno Autonomo Municipal De Ayacucho (Porongo),Consultoria,CM,Auxiliar De Enfermeria (I) Chaco Guembe,False,2026-09-09,,Contratado,Carol Nicol Rodriguez Soliz (Telf: 3888227),,Santa Cruz,NB-SABS (D.S.0181)
26-1703-00-1687278-0-E,Gobierno Autonomo Municipal De Ayacucho (Porongo),Consultoria,CM,Promotor De Salud Agua Dulce,False,2026-09-09,,Contratado,Carol Nicol Rodriguez Soliz (Telf: 3888227),,Santa Cruz,NB-SABS (D.S.0181)
26-1703-00-1687302-0-E,Gobierno Autonomo Municipal De Ayacucho (Porongo),Consultoria,CM,Auxiliar De Enfermeria  (Iii)  Porongo,False,2026-09-09,,Contratado,Mirian Rita Soria Coronado (Telf: 3888227),,Santa Cruz,NB-SABS (D.S.0181)
26-1703-00-1687438-0-E,Gobierno Autonomo Municipal De Ayacucho (Porongo),Consultoria,CM,Auxiliar De Enfermeria (Iv) Porongo,False,2026-09-09,,Contratado,Mirian Rita Soria Coronado (Telf: 3888227),,Santa Cruz,NB-SABS (D.S.0181)
26-1703-00-1687483-1-1,Gobierno Autonomo Municipal De Ayacucho (Porongo),Obras,ANPE,Mej. Sistema De Agua Comunidad Luquillas,True,2026-09-09,2026-09-16,Vigente,Luis Carlos Mendez Eguez (Telf: 3888227),,Santa Cruz,NB-SABS (D.S.0181)
26-1703-00-1687556-1-1,Gobierno Autonomo Municipal De Ayacucho (Porongo),Obras,ANPE,Mej. Sistema De Agua Potable Comunidad Rio Moreno,True,2026-09-09,2026-09-16,Vigente,Luis Carlos Mendez Eguez (Telf: 3888227),,Santa Cruz,NB-SABS (D.S.0181)
26-1705-00-1686426-1-1,Gobierno Autonomo Municipal De El Torno,Bienes,ANPE,Adquisicion De Medicamentos E Insumos Medicos Para Los Beneficiarios Del Sus De La Unidad De Hemodialisis Del Hospital Del Municipio De El Torno,True,2026-09-09,2026-09-15,Vigente,Bismark Yepez Contreras (Telf: 3822132 - 3822164),,Santa Cruz,NB-SABS (D.S.0181)
26-1705-00-1686435-1-1,Gobierno Autonomo Municipal De El Torno,Bienes,ANPP,Adquisicion De Reactivos E Insumos Para Los Beneficiarios Del Sus Para Laboratorio Del Hospital Municipal De El Torno Ley 1152,True,2026-09-09,2026-09-18,Vigente,Bismark Yepez Contreras (Telf: 3822132 - 3822164),,Santa Cruz,NB-SABS (D.S.0181)
26-1706-00-1687210-0-E,Gobierno Autonomo Municipal De Warnes,Obras,CD,"""Relleno Y Compactado Plataforma Centro De Capacitacion Urb. Caso Y Abdel D-3""",False,2026-09-09,,Contratado,Celina Suarez Guevara (Telf: 923-2055),,Santa Cruz,NB-SABS (D.S.0181)
26-1706-00-1687212-0-E,Gobierno Autonomo Municipal De Warnes,Obras,CD,"""Mejoramiento Unidad Educativa El  Paisaje D-08""",False,2026-09-09,,Contratado,Celina Suarez Guevara (Telf: 923-2055),,Santa Cruz,NB-SABS (D.S.0181)
26-1711-00-1687301-1-1,Gobierno Autonomo Municipal De San Carlos,Servicios Generales,CM,"Mejoramiento De Cubierta Con Alero U.E. Juan Lorenzo Campero A, Distrito Buen Retiro",False,2026-09-09,2026-09-14,Vigente,Lilian Flores Esposo (Telf: 010-39352019),,Santa Cruz,NB-SABS (D.S.0181)
26-1716-00-1686945-1-1,Gobierno Autonomo Municipal De Portachuelo,Bienes,ANPE,Compra De Medicamentos Para El Hospital Dr. Nicolas Ortiz Antelo Sin Ficha Tecnica Gestion 2026,True,2026-09-09,2026-09-15,Vigente,Luis Fernando Moreno Ayala (Telf: 9242124-9242055),,Santa Cruz,NB-SABS (D.S.0181)
26-1723-00-1686585-1-1,Gobierno Autonomo Municipal De Camiri,Bienes,ANPE,Segunda Compra Trimestral De Reactivos Para El Hospital Municipal Camiri,True,2026-09-09,2026-09-15,Vigente,Miguel Angel Martinez Padilla (Telf: 39523252),,Santa Cruz,NB-SABS (D.S.0181)
26-1723-00-1687446-1-1,Gobierno Autonomo Municipal De Camiri,Obras,CM,"Refaccion , Pintado Fachada Y Cancha Coliseo Dr. Enrique Parada Aguilera",False,2026-09-09,2026-09-14,Vigente,Miguel Angel Martinez Padilla (Telf: 39523252),,Santa Cruz,NB-SABS (D.S.0181)
26-1730-00-1687538-1-1,Gobierno Autonomo Municipal De Samaipata,Consultoria,ANPE,"Consultoría Por Producto Para El Desarrollo, Implementación Y Puesta En Funcionamiento De Un Sistema A Medida De Autoservicio Y Gestión Para La Venta De Boletos En El Fuerte De Samaipata.",False,2026-09-09,2026-09-16,Vigente,Smilsen Rubith Toledo Flores (Telf: 3-9446067),,Santa Cruz,NB-SABS (D.S.0181)
26-1734-00-1687008-1-1,Gobierno Autonomo Municipal De Montero,Bienes,CM,Adquisición De Material Electrico Para El Hospital Municipal Alfonso Gumucio Reyes,False,2026-09-09,2026-09-14,Vigente,Maria Carolina Parada Mendez (Telf: 9220022 -),,Santa Cruz,NB-SABS (D.S.0181)
26-1753-00-1683696-2-1,Gobierno Autonomo Municipal Fernandez Alonzo,Bienes,ANPE,"Adquisición De Llantas Para Motoniveladora Cat 120h, Volqueta Truckc, Retroexcavadora Cat 416 Y Tractor Massey Ferguson 292",True,2026-09-09,2026-09-15,Vigente,Karen Joseh Calizaya Rivera (Telf: -),,Santa Cruz,NB-SABS (D.S.0181)
26-1753-00-1687543-1-1,Gobierno Autonomo Municipal Fernandez Alonzo,Bienes,CM,Adquisicion De Aire Acondicionado Para La U. E. 15 De Agosto D-4,False,2026-09-09,2026-09-14,Vigente,Karen Joseh Calizaya Rivera (Telf: -),,Santa Cruz,NB-SABS (D.S.0181)
26-1755-00-1687307-1-1,Gobierno Autonomo Municipal De Cuatro Canadas,Bienes,CM,Adquisicion De Insumos Medicos Para El Municipio De Cuatro Cañadas Destinados A La Atencion Integral De Pacientes Beneficiarioos De La Ley 1152 Sus,False,2026-09-09,2026-09-14,Vigente,Andy Victor Barrero Choque (Telf: 9656315),,Santa Cruz,NB-SABS (D.S.0181)
26-1801-00-1687133-0-E,Gobierno Autonomo Municipal De Santisima Trinidad,Consultoria,CM,Consultor Individual De Linea – Profesional Iii – Medico General - Centro De Salud Central - 1,False,2026-09-09,,Contratado,Eulis Cuellar Cardona (Telf: 4621322 - 4620447),,Beni,NB-SABS (D.S.0181)
26-1801-00-1687214-0-E,Gobierno Autonomo Municipal De Santisima Trinidad,Consultoria,CM,Consultor Individual De Linea - Administrativo I - Licenciada En Enfermeria - Centro De Salud Plataforma,False,2026-09-09,,Contratado,Eulis Cuellar Cardona (Telf: 4621322 - 4620447),,Beni,NB-SABS (D.S.0181)
26-1801-00-1687222-0-E,Gobierno Autonomo Municipal De Santisima Trinidad,Consultoria,CM,Consultor Individual De Linea – Profesional Iii – Medico General - Centro De Salud Cipriano Barace - 1,False,2026-09-09,,Contratado,Eulis Cuellar Cardona (Telf: 4621322 - 4620447),,Beni,NB-SABS (D.S.0181)
26-1801-00-1687236-0-E,Gobierno Autonomo Municipal De Santisima Trinidad,Consultoria,CM,Consultor Individual De Linea - Administrativo I - Licenciada En Enfermeria - Centro De Salud Casarabe,False,2026-09-09,,Contratado,Eulis Cuellar Cardona (Telf: 4621322 - 4620447),,Beni,NB-SABS (D.S.0181)
26-1801-00-1687242-0-E,Gobierno Autonomo Municipal De Santisima Trinidad,Consultoria,CM,Consultor Individual De Linea Profesional Iv - Supervisor De Obras Para La Direccion Municipal De Obras Publicas - Gestion 2026,False,2026-09-09,,Contratado,Karina Elena Arteaga Ribera (Telf: 4621322 - 4620447),,Beni,NB-SABS (D.S.0181)
26-1801-00-1687243-0-E,Gobierno Autonomo Municipal De Santisima Trinidad,Consultoria,CM,Consultor Individual De Linea – Profesional Iii – Medico Ecografista - Centro De Salud Villa Vecinal,False,2026-09-09,,Contratado,Eulis Cuellar Cardona (Telf: 4621322 - 4620447),,Beni,NB-SABS (D.S.0181)
26-1801-00-1687254-0-E,Gobierno Autonomo Municipal De Santisima Trinidad,Consultoria,CM,Consultor Individual De Linea – Profesional Iv – Medico De Apoyo Diagnostico  - Centro De Salud 12 De Abril,False,2026-09-09,,Contratado,Eulis Cuellar Cardona (Telf: 4621322 - 4620447),,Beni,NB-SABS (D.S.0181)
26-1801-00-1687300-0-E,Gobierno Autonomo Municipal De Santisima Trinidad,Consultoria,CM,Consultor Individual De Linea Profesional I Para Preparacion Y Elaboracion De Proyectos 2-2026,False,2026-09-09,,Contratado,Yusara Cendrine Vargas Carvalho (Telf: 4621322 - 4620447),,Beni,NB-SABS (D.S.0181)
26-1801-00-1687409-0-E,Gobierno Autonomo Municipal De Santisima Trinidad,Consultoria,CM,Consultor Individual De Linea Profesional Iii Para Preparacion Y Elaboracion De Proyectos 2-2026,False,2026-09-09,,Contratado,Yusara Cendrine Vargas Carvalho (Telf: 4621322 - 4620447),,Beni,NB-SABS (D.S.0181)
26-1801-00-1687417-0-E,Gobierno Autonomo Municipal De Santisima Trinidad,Consultoria,CM,Consultor Individual De Linea - Administrativo I - Licenciada En Enfermeria - Centro De Salud Villa Monasterio,False,2026-09-09,,Contratado,Eulis Cuellar Cardona (Telf: 4621322 - 4620447),,Beni,NB-SABS (D.S.0181)
26-1801-00-1687426-0-E,Gobierno Autonomo Municipal De Santisima Trinidad,Consultoria,CM,Consultor Individual De Linea - Administrativo I - Licenciada En Enfermeria - Centro De Salud Central - 4,False,2026-09-09,,Contratado,Eulis Cuellar Cardona (Telf: 4621322 - 4620447),,Beni,NB-SABS (D.S.0181)
26-1801-00-1687431-0-E,Gobierno Autonomo Municipal De Santisima Trinidad,Consultoria,CM,Consultor Individual De Linea – Profesional Iii – Medico General - Centro De Salud Puerto Almacen,False,2026-09-09,,Contratado,Eulis Cuellar Cardona (Telf: 4621322 - 4620447),,Beni,NB-SABS (D.S.0181)
26-1801-00-1687448-0-E,Gobierno Autonomo Municipal De Santisima Trinidad,Consultoria,CM,Consultor Individual De Linea - Administrativo I - Licenciada En Enfermeria - Centro De Salud Nueva Trinidad,False,2026-09-09,,Contratado,Eulis Cuellar Cardona (Telf: 4621322 - 4620447),,Beni,NB-SABS (D.S.0181)
26-1801-00-1687453-0-E,Gobierno Autonomo Municipal De Santisima Trinidad,Consultoria,CM,Consultor Individual De Linea – Profesional Iii – Medico General - Centro De Salud Villa Vecinal - 1,False,2026-09-09,,Contratado,Eulis Cuellar Cardona (Telf: 4621322 - 4620447),,Beni,NB-SABS (D.S.0181)
26-1801-00-1687462-0-E,Gobierno Autonomo Municipal De Santisima Trinidad,Consultoria,CM,Consultor Individual De Linea – Profesional Iii – Medico General - Centro De Salud Central - 3,False,2026-09-09,,Contratado,Eulis Cuellar Cardona (Telf: 4621322 - 4620447),,Beni,NB-SABS (D.S.0181)
26-1801-00-1687475-0-E,Gobierno Autonomo Municipal De Santisima Trinidad,Consultoria,CM,Consultor Individual De Linea – Profesional Iii – Medico General - Centro De Salud Central - 4,False,2026-09-09,,Contratado,Eulis Cuellar Cardona (Telf: 4621322 - 4620447),,Beni,NB-SABS (D.S.0181)
26-1801-00-1687488-0-E,Gobierno Autonomo Municipal De Santisima Trinidad,Consultoria,CM,Consultor Individual De Linea – Profesional Iii – Medico General - Centro De Salud Pedro Ignacio Muiba - 1,False,2026-09-09,,Contratado,Eulis Cuellar Cardona (Telf: 4621322 - 4620447),,Beni,NB-SABS (D.S.0181)
26-1801-00-1687497-0-E,Gobierno Autonomo Municipal De Santisima Trinidad,Consultoria,CM,Consultor Individual De Linea – Profesional Iii – Medico Ecografista - Centro De Salud 30 De Julio - 1,False,2026-09-09,,Contratado,Eulis Cuellar Cardona (Telf: 4621322 - 4620447),,Beni,NB-SABS (D.S.0181)
26-1801-00-1687511-0-E,Gobierno Autonomo Municipal De Santisima Trinidad,Consultoria,CM,Consultor Individual De Linea - Administrativo I - Licenciada En Enfermeria - Centro De Salud Puerto Varador,False,2026-09-09,,Contratado,Eulis Cuellar Cardona (Telf: 4621322 - 4620447),,Beni,NB-SABS (D.S.0181)
26-1803-00-1687035-1-1,Gobierno Autonomo Municipal De Riberalta,Bienes,CND1,Segunda Adquisicion De (Camisas Y Chalecos) Gestion 2026 Para El Personal De La Unidad De Limpieza Y Barrido De Calles Dependiente De La Unidad Municipal De Servicio De Aseo Urbano. ,False,2026-09-09,2026-09-14,Vigente,Julio Cesar Chavez Marigua (Telf: 8522417),,Beni,Compro Hecho en Bolivia (D.S.4505)
26-1803-00-1687204-1-1,Gobierno Autonomo Municipal De Riberalta,Bienes,CND1,"Adquisiciòn De Ropa De Trabajo (Camisa Jeans, Chaleco Y Camisa Institucional) Los Cuales Seran Utilizados Por El Personal De Los Mercados, Terminal De Buses De Riberalta Y Oficina Durante La Gestion 2026.",False,2026-09-09,2026-09-14,Vigente,Julio Cesar Chavez Marigua (Telf: 8522417),,Beni,Compro Hecho en Bolivia (D.S.4505)
26-1803-00-1687206-1-1,Gobierno Autonomo Municipal De Riberalta,Bienes,CND1,"Adquisicion De Prendas De Vestir De Trabajo; Camisa Jeans, Camisa Institucional, Para El Personal De Los Cementerios Municipales Para La Gestion  2026.",False,2026-09-09,2026-09-14,Vigente,Julio Cesar Chavez Marigua (Telf: 8522417),,Beni,Compro Hecho en Bolivia (D.S.4505)
26-1803-00-1687216-1-1,Gobierno Autonomo Municipal De Riberalta,Bienes,CND1,"Adquisicion De Material De Limpieza E Higiene Y De Escritorio Para Los Meses: Septiembre, Octubre, Noviembre Y Diciembre Para El Consejo De Participacion Y Control Social Gestion 2026.",False,2026-09-09,2026-09-14,Vigente,Julio Cesar Chavez Marigua (Telf: 8522417),,Beni,Compro Hecho en Bolivia (D.S.4505)
26-1803-00-1687241-0-E,Gobierno Autonomo Municipal De Riberalta,Consultoria,CM,Contratacion Tecnico De Apoyo Difusion Para Fortalecimiento Umiprec Dependiente De La Dg Y Ag 2026,False,2026-09-09,,Contratado,Julio Cesar Chavez Marigua (Telf: 8522417),,Beni,NB-SABS (D.S.0181)
26-1803-00-1687366-0-E,Gobierno Autonomo Municipal De Riberalta,Consultoria,CM,Contratacion De Consultoria En Linea Para El Cargo De Tecnico I Agropecuario (Ganado Mayor Y Bovino,False,2026-09-09,,Contratado,Julio Cesar Chavez Marigua (Telf: 8522417),,Beni,NB-SABS (D.S.0181)
26-1807-00-1687268-0-E,Gobierno Autonomo Municipal De Puerto Rurrenabaque,Consultoria,CM,Contratacion De Servicios De Consultoria Por Producto Para Elaboracion Del Plan De Accion Desarrollo (Pad) Y Del Plan Estrategico Institucional (Pei) Del Gobierno Autonomo Municipal De Rurrenabaque,False,2026-09-09,,Contratado,G. Daniel Martinez Zambrana (Telf: 03-8922200),,Beni,NB-SABS (D.S.0181)
26-1807-00-1687321-1-1,Gobierno Autonomo Municipal De Puerto Rurrenabaque,Bienes,CM,"Adquisicion De Tuberias Comunidad Coraca - Central Capilla D5, Del Municipio De Rurrenabaque",False,2026-09-09,2026-09-14,Vigente,G. Daniel Martinez Zambrana (Telf: 03-8922200),,Beni,NB-SABS (D.S.0181)
26-2311-01-1687135-1-1,Servicio De Encauzamiento De Rios - Searpi,Obras,LP,Construccion De Defensivos Tipo A Con Pilotes De Madera L= 780 M Sector Isla Central Y Margen Izquierda - Puente La Belgica,True,2026-09-09,2026-10-01,Vigente,Maria Jessica Vicente Torrico (Telf: 3462145),,Santa Cruz,NB-SABS (D.S.0181)
26-2324-00-1687217-1-1,Entidad Obras Publicas Municipales De Tarija,Bienes,CND1,"Adquisición De Leche Para Provisión Al Personal De La Unidad De Asfalto Y Hormigones De Obras
Públicas Municipales De Tarija",False,2026-09-09,2026-09-11,Vigente,Carola Gema Rivas Pacheco (Telf: 46667794),,Tarija,Compro Hecho en Bolivia (D.S.4505)
26-3402-00-1683168-1-1,Gobierno Autonomo Indigena Originario Campesino De Salinas,Bienes,ANPE,Adquisicion De Reactivos De Laboratorio - Ley 1152 Sus Para El Gaioc-Salinas,True,2026-09-09,2026-09-14,Vigente,Maria Carol Garcia Colque (Telf: 68511484),,Oruro,NB-SABS (D.S.0181)
26-4601-02-1687466-1-1,Gobierno Autonomo Regional Del Gran Chaco - Carapari,Bienes,CM,Adquisicion De Neumatico Para Camionetas (Toyota Hilux 3452 - Kfd / 3452-Kea Y Nisssan Frontier 2700 - Ipl/1761 - Asn,False,2026-09-09,2026-09-14,Vigente,Rossy Lorena Rodriguez Ruiz (Telf: 74511947),,Tarija,NB-SABS (D.S.0181)
26-4601-02-1687524-1-1,Gobierno Autonomo Regional Del Gran Chaco - Carapari,Bienes,CNC,Adquisición De Productos De Minerales No Metálicos Y Plásticos Fase I Para El Programa Fortalecimiento Al Sector Pecuario De Los Pueblos Indígenas Del Gran Chaco,True,2026-09-09,2026-09-16,Vigente,Rossy Lorena Rodriguez Ruiz (Telf: 74511947),,Tarija,Compro Hecho en Bolivia (D.S.4505)
26-634-00-1684646-1-2,Empresa Publica Departamental De Oruro,Bienes,CM,Adquisicion De Pinturas P/Exteriores Para El Hotel Terminal,False,2026-09-09,2026-09-14,Vigente,Milton Jose Torrez Alegre (Telf: 2 52 75317),,Oruro,NB-SABS (D.S.0181)
