cuce,entidad,tipo_de_contratacion,modalidad,objeto_de_contratacion,subasta,fecha_publicacion,fecha_presentacion,estado,persona_contacto,fecha_adjudicacion_desierta,departamento,normativa
22-0517-00-1285976-0-E,Corporacion Minera De Bolivia - Comibol,Bienes,CD,Clq-22-Cd-451/2022 Adquisicion De Horno Rotario Para Secado De Estaño.,False,2026-10-01,,Contratado,Bernardino Bautista Mamani (Telf: 2682100 - 2682107-2901106),,La Paz,NB-SABS (D.S.0181)
23-0132-00-1381773-0-E,Servicio De Desarrollo De Las Empresas Públicas Productivas,Servicios Generales,CD,Envibol - Servicio De Fumigado De Plagas Y Malezas,False,2026-10-01,,Contratado,Melvy Adriana Nuñez Gonzales (Telf: 2147001 - 2145707),,La Paz,Otra Normativa especifica nacional
23-0517-00-1351246-0-E,Corporacion Minera De Bolivia - Comibol,Servicios Generales,CD,Clq-23-Cd-226/2023 Mantenimiento Y Reparacion De Ambiente De La Empresa Minera Colquiri,False,2026-10-01,,Contratado,Bernardino Bautista Mamani (Telf: 2682100 - 2682107-2901106),,La Paz,NB-SABS (D.S.0181)
23-0517-00-1371781-0-E,Corporacion Minera De Bolivia - Comibol,Bienes,CD,Clq-23-Cd-196/2023 Adquisicion De Electrobomba Turbina Vertical,False,2026-10-01,,Contratado,Bernardino Bautista Mamani (Telf: 2682100 - 2682107-2901106),,La Paz,NB-SABS (D.S.0181)
23-0517-00-1375093-0-E,Corporacion Minera De Bolivia - Comibol,Bienes,CD,Clq-23-Cd-269/2023 Adquisicion De Accesorios Para Linea Trolley 4/0 Awg,False,2026-10-01,,Contratado,Bernardino Bautista Mamani (Telf: 2682100 - 2682107-2901106),,La Paz,NB-SABS (D.S.0181)
23-0517-00-1375365-0-E,Corporacion Minera De Bolivia - Comibol,Servicios Generales,CD,Clq-23-Cd-245/2023 Servicio De Consultoria Por Producto: Estudios Tecnicos De Batimetria Para Dique De Colas,False,2026-10-01,,Contratado,Bernardino Bautista Mamani (Telf: 2682100 - 2682107-2901106),,La Paz,NB-SABS (D.S.0181)
23-0517-00-1388130-0-E,Corporacion Minera De Bolivia - Comibol,Bienes,CD,Clq-23-Cd-487/2023 Servicio De Alquiler Vehiculo Para Subgerencia,False,2026-10-01,,Contratado,Bernardino Bautista Mamani (Telf: 2682100 - 2682107-2901106),,La Paz,NB-SABS (D.S.0181)
23-0517-00-1399084-0-E,Corporacion Minera De Bolivia - Comibol,Servicios Generales,CD,Clq-23-Cd-502/2023 Servicio De Carpinteria Metalica (Ampliación Unidades Funcionales,False,2026-10-01,,Contratado,Bernardino Bautista Mamani (Telf: 2682100 - 2682107-2901106),,La Paz,NB-SABS (D.S.0181)
24-0517-00-1428068-0-E,Corporacion Minera De Bolivia - Comibol,Servicios Generales,CD,"Clq-24-Cd-66/2024 Servicio De Fabricacion De Eje, Espaciadores Y Mecanizado De Sprockets",False,2026-10-01,,Contratado,Bernardino Bautista Mamani (Telf: 2682100 - 2682107-2901106),,La Paz,NB-SABS (D.S.0181)
25-1525-00-1693291-0-E,Gobierno Autonomo Municipal De San Antonio De Esmoruco,Consultoria,CM,Servicio De Consultoría Para Acompañamiento Asistencia Técnica Proyecto: Construcción Sistema De Riego Villa Florida - (Municipio San Antonio De Esmoruco),False,2026-10-01,,Contratado,Eusebio  Acho   (Telf: 26943440),,Potosi,NB-SABS (D.S.0181)
26-0016-17-1692763-0-E,"Escuela Superior De Formacion De Maestros ""Manuel Ascencio Villarroel""",Consultoria,CM,"Servicio De Consultoria Por Producto Para El Inventario, Codificacion Y Revalorizacion Tecnica De Activos Fijos De La Escuela Superior De Formacion De Maestros Manuel Ascencio Villarroel",False,2026-10-01,,Contratado,Iriz Madelin Laime Rodriguez (Telf: 4577453 ),,Cochabamba,NB-SABS (D.S.0181)
26-0020-01-1688674-2-1,Fuerza Aerea Boliviana,Bienes,ANPE,Adquisición De Un (01) Start Pac (Material De Uso Aeronáutico) Para La Aeronave Casa C-212-100 Con Matrícula Fab-86,True,2026-10-01,2026-10-08,Vigente,Yulisa Blanco Tarqui (Telf: 2642061),,La Paz,NB-SABS (D.S.0181)
26-0020-10-1693501-1-1,Comando General Del Ejercito,Servicios Generales,ANPE,Servicio De Protección De Antivirus Para Equipo De Computación Y La Red Del Estado Mayor General Del Ejército,True,2026-10-01,2026-10-09,Vigente,José Luis Pocoaca Cori (Telf: 2977600),,La Paz,NB-SABS (D.S.0181)
26-0025-00-1680513-0-E,Ministerio De La Presidencia,Servicios Generales,CD,"Servicio De Arrendamiento De Inmueble Para La Representacion De Beni Del Viceministerio De Transparencia, Seguridad Jurídica Y Derechos Humanos - Gestion 2026",False,2026-10-01,,Contratado,Debora Vanesa Rejas Zegarra (Telf: 2184183),,La Paz,NB-SABS (D.S.0181)
26-0035-01-1693304-1-1,Servicio De Impuestos Nacionales,Bienes,CNC,Adquisición  De Medicamentos Esenciales  Para Equipar El Consultorio Medico De La Gerencia Distrital Santa Cruz I - Segunda Publicación ,True,2026-10-01,2026-10-07,Vigente,Nadia Victoria Toledo Paniagua (Telf: 2606060 ),,La Paz,Compro Hecho en Bolivia (D.S.4505)
26-0035-01-1693514-0-E,Servicio De Impuestos Nacionales,Consultoria,CM,Contratación De Consultor De Línea – Técnico I Para Apoyar En La Administración De La Infraestructura Tecnológica Del Sin – Para Seguimiento De Los Procesos De Contratación Del Área Tecnológica,False,2026-10-01,,Contratado,Yenny Vargas Salazar (Telf: 2606060 ),,La Paz,NB-SABS (D.S.0181)
26-0035-01-1693522-1-1,Servicio De Impuestos Nacionales,Bienes,ANPE,Adquisición De Toners Para La Gerencia Distrital Santa Cruz Ii 2026 Cuarta Compra,True,2026-10-01,2026-10-08,Vigente,Jose Darwin Oliva Eguez (Telf: 2606060 ),,La Paz,NB-SABS (D.S.0181)
26-0035-01-1693593-0-E,Servicio De Impuestos Nacionales,Consultoria,CM,Contratación De Consultor De Línea – Técnico I Para Apoyar En La Administración De La Infraestructura Tecnológica Del Sin Del Área De Base De Datos,False,2026-10-01,,Contratado,Yenny Vargas Salazar (Telf: 2606060 ),,La Paz,NB-SABS (D.S.0181)
26-0035-01-1693614-0-E,Servicio De Impuestos Nacionales,Consultoria,CM,Contratación De Un (1) Consultor Individual De Línea – Consultor I - Para El Apoyo A Las Gestiones De Saneamiento De Inmuebles Del Sin Y Otros En La Unidad De Infraestructura,False,2026-10-01,,Contratado,Gladys Thalia Chino Conurana (Telf: 2606060 ),,La Paz,NB-SABS (D.S.0181)
26-0035-09-1679319-4-1,Unidad De Coordinacion De Programas Y Proyectos Ucpp - Ministerio De Economia Y Finanzas Publicas,Bienes,ANPE,Adquisicion De Señaletica Para El Campo Ferial Chuquiago Marka,True,2026-10-01,2026-10-08,Vigente,Jacqueline Edith Medina Jimenez (Telf: 2782223 - 2782227 - 2785302),,La Paz,NB-SABS (D.S.0181)
26-0041-01-1693372-0-E,Servicio Nacional De Propiedad Intelectual,Consultoria,CM,"""Consultoria Individual De Linea - Notificador De Dadc""",False,2026-10-01,,Contratado,Carla Alejandra Murillo Ayaviri (Telf: 2115700 - 2119251),,La Paz,NB-SABS (D.S.0181)
26-0041-20-1693301-0-E,Unidad Desconcentrada Empoderar,Consultoria,OF,Acompañante De Alianzas Comunitarias Uod La Paz Cipac 077/2026,False,2026-10-01,,Contratado,Carmen Tatiana Sanjinez Segovia (Telf: 2141750-2145337-71952144),,La Paz,Normativa del Financiador (BM)
26-0041-20-1693302-0-E,Unidad Desconcentrada Empoderar,Consultoria,OF,Acompañante De Alianzas Comunitarias Uod La Paz Cipac 084/2026,False,2026-10-01,,Contratado,Carmen Tatiana Sanjinez Segovia (Telf: 2141750-2145337-71952144),,La Paz,Normativa del Financiador (BM)
26-0041-20-1693309-0-E,Unidad Desconcentrada Empoderar,Consultoria,OF,Acompañante De Alianzas Comunitarias Uod La Paz Cipac 083/2026,False,2026-10-01,,Contratado,Carmen Tatiana Sanjinez Segovia (Telf: 2141750-2145337-71952144),,La Paz,Normativa del Financiador (BM)
26-0041-20-1693316-0-E,Unidad Desconcentrada Empoderar,Consultoria,OF,Acompañante De Alianzas Comunitarias Uod La Paz  Cipac 081/2026,False,2026-10-01,,Contratado,Carmen Tatiana Sanjinez Segovia (Telf: 2141750-2145337-71952144),,La Paz,Normativa del Financiador (BM)
26-0041-20-1693334-0-E,Unidad Desconcentrada Empoderar,Consultoria,OF,Acompañante De Alianzas Comunitarias Uod La Paz Cipac 080/2026,False,2026-10-01,,Contratado,Carmen Tatiana Sanjinez Segovia (Telf: 2141750-2145337-71952144),,La Paz,Normativa del Financiador (BM)
26-0041-20-1693355-0-E,Unidad Desconcentrada Empoderar,Consultoria,OF,Acompañante De Alianzas Comunitarias Uod La Paz Cipac 076/2026,False,2026-10-01,,Contratado,Carmen Tatiana Sanjinez Segovia (Telf: 2141750-2145337-71952144),,La Paz,Normativa del Financiador (BM)
26-0041-20-1693362-0-E,Unidad Desconcentrada Empoderar,Consultoria,OF,Acompañante De Alianzas Comunitarias Uod La Paz  Cipac 078/2026,False,2026-10-01,,Contratado,Carmen Tatiana Sanjinez Segovia (Telf: 2141750-2145337-71952144),,La Paz,Normativa del Financiador (BM)
26-0041-20-1693369-0-E,Unidad Desconcentrada Empoderar,Consultoria,OF,Acompañante De Alianzas Comunitarias Uod La Paz Cipac 082/2026,False,2026-10-01,,Contratado,Carmen Tatiana Sanjinez Segovia (Telf: 2141750-2145337-71952144),,La Paz,Normativa del Financiador (BM)
26-0041-20-1693396-0-E,Unidad Desconcentrada Empoderar,Consultoria,OF,Acompañante De Alianzas Comunitarias Uod La Paz Cipac 079/2026,False,2026-10-01,,Contratado,Carmen Tatiana Sanjinez Segovia (Telf: 2141750-2145337-71952144),,La Paz,Normativa del Financiador (BM)
26-0046-31-1693360-1-1,Seguro Social Universitario Santa Cruz,Servicios Generales,ANPE,Servicio De Laboratorio De Anatomia Patologica E Inmunohistoquimica Para La Atencion De Los Asegurados Y Beneficiarios Del Seguro Social Universitario Santa Cruz Consulta Externa Y Hospitalizacion Gestion 2026,True,2026-10-01,2026-10-08,Vigente,Liliana Monetro Barboza (Telf: 3392827),,Santa Cruz,NB-SABS (D.S.0181)
26-0078-00-1692011-1-1,Ministerio De Hidrocarburos Y Energias,Servicios Generales,ANPE,Servicio De Mantenimiento Preventivo Y Correctivo De Vehículos Oficiales Del Mhe,True,2026-10-01,2026-10-08,Vigente,Noemi Ruth Castañon Mendez (Telf: 2374050),,La Paz,NB-SABS (D.S.0181)
26-0111-00-1681632-2-2,Instituto Boliviano De La Ceguera,Bienes,CM,Adquisición De Tubos De Aluminio Para La Fabricación De Bastones,False,2026-10-01,2026-10-06,Vigente,Jannet Mollo Huanaco (Telf: 2486777  2486666),,La Paz,NB-SABS (D.S.0181)
26-0132-00-1693287-0-E,Servicio De Desarrollo De Las Empresas Públicas Productivas,Servicios Generales,CD,"Subsidio - Servicio De Arrendamiento De Inmueble Para La Agencia De Subsidios Camargo Del Departamento De Chuquisaca, Gestion 2026",False,2026-10-01,,Contratado,Julio Cesar Mercado Gemio (Telf: 2147001),,La Paz,Otra Normativa especifica nacional
26-0138-00-1693407-1-1,Universidad Mayor Real Y Pontificia De San Francisco Xavier,Bienes,ANPP,"Adquisición De Maquinaria Agrícola - Tractor Con Aditamento - Arado Reversible Hidráulico, Con Destino A La Facultad De Ciencias Agrarias; De La Universidad Mayor Real Y Pontificia De San Francisco Xavier De Chuquisaca, Gestión 2026",True,2026-10-01,2026-10-14,Vigente,Nestor Pallares Saavedra (Telf: 6451970),,Chuquisaca,NB-SABS (D.S.0181)
26-0139-00-1693110-1-1,Universidad Mayor De San Andres - Umsa,Bienes,ANPP,Adquisición De 21 Discos Duros,True,2026-10-01,2026-10-14,Vigente,Adalid Bejarano Salas (Telf: 2441994),,La Paz,NB-SABS (D.S.0181)
26-0139-00-1693468-1-1,Universidad Mayor De San Andres - Umsa,Bienes,CND1,Adquisición De Equipo De Computacion (Cpu Y Monitor) Para Oficina Central – Coordinación Administrativa De La Región Altiplano Norte Lacustre.,False,2026-10-01,2026-10-06,Vigente,Maria Del Carmen Diaz Bracamonte (Telf: 2441994),,La Paz,Compro Hecho en Bolivia (D.S.4505)
26-0139-00-1693531-1-1,Universidad Mayor De San Andres - Umsa,Bienes,CND1,Adquisicion De Equipo De Computacion (Cpu Y Monitor) Para Oficina Central Idr-Du,False,2026-10-01,2026-10-06,Vigente,Maria Del Carmen Diaz Bracamonte (Telf: 2441994),,La Paz,Compro Hecho en Bolivia (D.S.4505)
26-0139-30-1693597-1-1,Facultad De Ingenieria,Bienes,CM,Adquisicion De Un Chiller - Maquina Enfriadora De Liquidos Para La Carrera De Ingenieria Industrial,False,2026-10-01,2026-10-06,Vigente,Juan Averanga Quispe (Telf: 2205000),,La Paz,NB-SABS (D.S.0181)
26-0141-00-1683335-2-1,Universidad Mayor De San Simon Umss,Bienes,ANPE,Adquisición De Equipamiento De Soldadura Para El Laboratorio Lendsol Del Dpto. De Mecánica Y Electromecánica De La Facultad De Ciencia Y Tecnologia,True,2026-10-01,2026-10-08,Vigente,Miriam Gloria Tejada Rocha (Telf: 4 4524782),,Cochabamba,NB-SABS (D.S.0181)
26-0141-00-1691649-1-1,Universidad Mayor De San Simon Umss,Bienes,CM,"Adquisición De Un Equipo Ups Para El Laboratorio Remoto, En El Marco Del Proyecto Eu - Begp Para El Cuie De La Facultad De Ciencia Y Tecnologia",False,2026-10-01,2026-10-06,Vigente,Miriam Gloria Tejada Rocha (Telf: 4 4524782),,Cochabamba,NB-SABS (D.S.0181)
26-0145-00-1690486-1-2,Universidad Autonoma Juan Misael Saracho,Bienes,ANPP,Adquisición De Pupitres Unipersonales Para Universitario Para La Facultad De Ciencias Agrícolas Y Forestales - Uajms,True,2026-10-01,2026-10-14,Vigente,Norma Flores Sanchez (Telf: 466-43232- INTERNO 404),,Tarija,NB-SABS (D.S.0181)
26-0145-00-1693048-1-1,Universidad Autonoma Juan Misael Saracho,Bienes,CND1,Carne De Res Molida,False,2026-10-01,2026-10-05,Vigente,Fernando Tapia Ortega (Telf: 466-43232- INTERNO 404),,Tarija,Compro Hecho en Bolivia (D.S.4505)
26-0206-00-1690417-1-2,Instituto Nacional De Estadistica - Ine,Consultoria,ANPP,Contratación De Consultor Individual De Línea Auxiliar 1 - Supervisor De Campo La Paz Quince (15) Vacancias Y Auxiliar 2 -Encuestador La Paz Cuarenta Y Cinco (45) Vacancias,False,2026-10-01,2026-10-14,Vigente,Geovanna Isabel Guzman De La Barra (Telf: 2222333),,La Paz,NB-SABS (D.S.0181)
26-0206-00-1691154-1-2,Instituto Nacional De Estadistica - Ine,Consultoria,ANPP,Contratación De Consultor Individual De Línea Auxiliar 1 - Supervisor De Campo Cochabamba Doce (12) Vacancias Y Auxiliar 2 - Encuestador Cochabamba Treinta Y Seis (36) Vacancias,False,2026-10-01,2026-10-14,Vigente,Marcos Agustin Salazar Sanjines (Telf: 2222333),,La Paz,NB-SABS (D.S.0181)
26-0206-05-1693312-1-1,Fortalecimiento Del Sistema Estadístico Del Estado Plurinacional De Bolivia,Bienes,OF,"Adquisicion De Material Electrico, Plasticos, Metal Y Equipo De Proteccion Personal",False,2026-10-01,2026-10-06,Vigente,Ariel Nestor Maguiña Aliaga (Telf: 2222333),,La Paz,Normativa del Financiador (BID)
26-0206-05-1693529-0-E,Fortalecimiento Del Sistema Estadístico Del Estado Plurinacional De Bolivia,Consultoria,OF,Técnico En Periodismo Y Contenidos,False,2026-10-01,,Contratado,Xavier Marcelo Palenque Avilés (Telf: 2222333),,La Paz,Normativa del Financiador (BID)
26-0207-04-1689466-0-E,Agencia Nacional De Hidrocarburos,Servicios Generales,CD,Servicio De Seguros De Vida,False,2026-10-01,,Contratado,Alejandra Marcela Aguilar Grajeda (Telf: 2614000),,La Paz,NB-SABS (D.S.0181)
26-0207-04-1689890-1-1,Agencia Nacional De Hidrocarburos,Bienes,CND1,Adquisicion De Papel  Reciclado Para La Direccion  Distrital La Paz - Gestion 2026,False,2026-10-01,2026-10-06,Vigente,Marcela Gladys Condori Alcon (Telf: 2614000),,La Paz,Compro Hecho en Bolivia (D.S.4505)
26-0287-00-1693411-0-E,Fondo Nacional De Inversion Productiva Y Social  -  Fps,Consultoria,CM,Consultor Individual De Linea - Asistente Tecnico Para Cierre De Proyectos De La Unidad Tecnica De Proyectos,False,2026-10-01,,Contratado,Jose Luis Alandia Mercado (Telf: 2-412474 - 411995),,La Paz,NB-SABS (D.S.0181)
26-0309-00-1693333-0-E,Autoridad De Fiscalizacion Del Juego - Aj,Consultoria,CM,"Servicio De Consultoria ""Auditoria Externa Para El Mantenimiento De La Certificacion Iso 9001:2015""",False,2026-10-01,,Contratado,Gladys Isabel Cuevas Calle (Telf: 2125057 - 2125081),,La Paz,NB-SABS (D.S.0181)
26-0340-00-1692535-1-1,Servicio General De Identificacion Personal,Servicios Generales,ANPE,Servicio De Suscripción De Herramientas Para El Desarrollo De Sistemas,True,2026-10-01,2026-10-08,Vigente,Rosangela Canaviri Bautista (Telf: 2117405 - 2141370),,La Paz,NB-SABS (D.S.0181)
26-0376-00-1662790-1-2,Agencia Boliviana De Energia Nuclear,Servicios Generales,ANPE,Servicio De Soporte De La Infraestructura Tecnológica Cisco Hyperflex Del Cmnyr Santa Cruz,True,2026-10-01,2026-10-08,Vigente,Gricelda Felicia Gonzales Ramirez (Telf: 22184113),,La Paz,NB-SABS (D.S.0181)
26-0382-00-1675972-1-2,Agencia De Infraestructura En Salud Y Equipamiento Medico,Bienes,LP,Adquisicion De Equipamiento Medico Para El Hospital Del Niño Dr. Ovidio Aliaga Uria Del Departamento De La Paz En El Marco Del Programa Para Fortalecer La Implementacion Del Sistema Unico De Salud,True,2026-10-01,2026-10-30,Vigente,Vladimir Mauricio Prada Verduguez (Telf: 2125007),,La Paz,NB-SABS (D.S.0181)
26-0385-00-1693326-0-E,Autoridad De Supervision De La Seguridad Social De Corto Plazo,Consultoria,CM,Consultor Individual De Linea: Profesional Iii En Análisis Financiero Y Homologación,False,2026-10-01,,Contratado,Gabriela Garcia Tenorio (Telf: 2152400 - 2431798),,La Paz,NB-SABS (D.S.0181)
26-0389-00-1693310-1-1,Navegacion Aerea Y Aeropuertos Bolivianos,Bienes,ANPE,Adquisicion De Repuestos Y Accesorios Para Carros Bomberos De La Regional La Paz,True,2026-10-01,2026-10-08,Vigente,Dania Rodriguez Miranda (Telf: 2351305),,La Paz,NB-SABS (D.S.0181)
26-0389-00-1693600-1-1,Navegacion Aerea Y Aeropuertos Bolivianos,Servicios Generales,ANPP,Servicio De Mantenimiento De Cintas Transportadoras De Equipaje De La Regional Santa Cruz,True,2026-10-01,2026-10-14,Vigente,Ximena Maria Zambrana Sarmiento (Telf: 2351305),,La Paz,NB-SABS (D.S.0181)
26-0411-00-1693279-1-1,Corporacion Del Seguro Social Militar - Cossmil,Consultoria,ANPE,"Contratación De Consultoría Individual Por Producto Para Realizar El Estudio Matemático Actuarial De Las Prestaciones Básicas Y Complementarias Otorgadas Por La Corporación Del Seguro Social Militar “Cossmil”, A Fin De Determinar Su Sostenibilidad Financiera Y Actuarial Para El Quinquenio 2027–2031.",False,2026-10-01,2026-10-08,Vigente,Tatiana Wendy Mamani Quispe (Telf: 2314236),,La Paz,NB-SABS (D.S.0181)
26-0411-00-1693408-1-1,Corporacion Del Seguro Social Militar - Cossmil,Bienes,CND1,"Adquisición De Pintura Acrílica Demarcación Vial Para El Área De Parqueo Del Hospital Militar Central ""Cossmil""",False,2026-10-01,2026-10-07,Vigente,Noelia Karem Viscarra Aspiazu (Telf: 2314236),,La Paz,Compro Hecho en Bolivia (D.S.4505)
26-0417-01-1693314-1-1,Caja Nacional De Salud (Regional Tarija),Bienes,ANPP,"Adquisicion De Lampara Cialitica, Para El Servicio De Quirofano Hai Obrero N° 7.",True,2026-10-01,2026-10-13,Vigente,Jhosimar Claros Espinoza (Telf: 6642940),,Tarija,NB-SABS (D.S.0181)
26-0417-01-1693331-1-1,Caja Nacional De Salud (Regional Tarija),Bienes,ANPP,"Adquisicion De Mesa Quirurgica, Para El Servicio De Quirofano  Hai Obrero N° 7.",True,2026-10-01,2026-10-13,Vigente,Jhosimar Claros Espinoza (Telf: 6642940),,Tarija,NB-SABS (D.S.0181)
26-0417-01-1693337-1-1,Caja Nacional De Salud (Regional Tarija),Bienes,ANPP,"Adquisicion De Electrobisturi, Para El Servicio De Quirofano Hai Obrero N° 7.",True,2026-10-01,2026-10-13,Vigente,Jhosimar Claros Espinoza (Telf: 6642940),,Tarija,NB-SABS (D.S.0181)
26-0417-01-1693392-1-1,Caja Nacional De Salud (Regional Tarija),Bienes,CM,Adquisicion De Mango De Laringoscopio Para El Servicio De Quirofano Hai Obrero N° 7.,False,2026-10-01,2026-10-06,Vigente,Jhosimar Claros Espinoza (Telf: 6642940),,Tarija,NB-SABS (D.S.0181)
26-0417-03-1666746-3-1,Caja Nacional De Salud Regional Santa Cruz ,Bienes,ANPE,"10 Pieza Clavos Tens 1.5 Mm
10 Pieza Clavos Tens 2.0 Mm
10 Pieza Clavos Tens 2.5 Mm
Quirofano Y Anestesiologia Hospital Materno Infantil Nefrologia",True,2026-10-01,2026-10-07,Vigente,Ludwing Omar Romero Paz (Telf: 3-393354),,Santa Cruz,NB-SABS (D.S.0181)
26-0417-03-1671214-3-1,Caja Nacional De Salud Regional Santa Cruz ,Bienes,ANPP,"08 Item Papel Tyvek De Diferentes Medidas
Servicio De Esterilizacion Hospital Obrero N°3",True,2026-10-01,2026-10-13,Vigente,Robert Cabrera Cuellar (Telf: 3-393354),,Santa Cruz,NB-SABS (D.S.0181)
26-0417-03-1672151-2-1,Caja Nacional De Salud Regional Santa Cruz ,Bienes,ANPP,"04 Item Detergente Desinfectante Para Distintos Uso
Servicio De Esterilizacion Hospital Obrero N°3",True,2026-10-01,2026-10-13,Vigente,Ludwing Omar Romero Paz (Telf: 3-393354),,Santa Cruz,NB-SABS (D.S.0181)
26-0417-04-1674542-2-2,Caja Nacional De Salud Regional Cochabamba,Bienes,ANPE,Bombas De Infusion Volumetrica,True,2026-10-01,2026-10-07,Vigente,Ulisses Hernan Martinez Arteaga (Telf: 4234378),,Cochabamba,NB-SABS (D.S.0181)
26-0417-04-1677719-1-2,Caja Nacional De Salud Regional Cochabamba,Bienes,ANPP,Set Basico Para Cirugia Mayor,True,2026-10-01,2026-10-13,Vigente,Ulisses Hernan Martinez Arteaga (Telf: 4234378),,Cochabamba,NB-SABS (D.S.0181)
26-0417-04-1682122-2-1,Caja Nacional De Salud Regional Cochabamba,Bienes,ANPP,Lampara Cialitica,True,2026-10-01,2026-10-13,Vigente,Boris Javier Alarcon Hinojosa (Telf: 4234378),,Cochabamba,NB-SABS (D.S.0181)
26-0417-04-1686024-2-1,Caja Nacional De Salud Regional Cochabamba,Bienes,ANPP,Pallet Plásticos,True,2026-10-01,2026-10-13,Vigente,Ulisses Hernan Martinez Arteaga (Telf: 4234378),,Cochabamba,NB-SABS (D.S.0181)
26-0417-04-1693315-1-1,Caja Nacional De Salud Regional Cochabamba,Bienes,CNC,Iodo Povidona (Yodo Povidona) 0.1,True,2026-10-01,2026-10-07,Vigente,Nelson Evert Siles Balderrama (Telf: 4234378),,Cochabamba,Compro Hecho en Bolivia (D.S.4505)
26-0417-04-1693323-1-1,Caja Nacional De Salud Regional Cochabamba,Bienes,CNC,Lidocaina Clorhidrato Sin Conservante 0.0.2,True,2026-10-01,2026-10-07,Vigente,Nelson Evert Siles Balderrama (Telf: 4234378),,Cochabamba,Compro Hecho en Bolivia (D.S.4505)
26-0417-04-1693397-1-1,Caja Nacional De Salud Regional Cochabamba,Bienes,ANPP,Computadora De Escritorio,True,2026-10-01,2026-10-13,Vigente,David Orlando Costas Urey (Telf: 4234378),,Cochabamba,NB-SABS (D.S.0181)
26-0417-05-1693364-1-1,Caja Nacional De Salud (Regional Oruro),Bienes,CM,Hilo Nylon Y Cera De Hueso,False,2026-10-01,2026-10-06,Vigente,Roque Alberto Villarroel Cabrera (Telf: 5251480),,Oruro,NB-SABS (D.S.0181)
26-0417-05-1693436-1-1,Caja Nacional De Salud (Regional Oruro),Bienes,CNC,Compra De Medicamento De Urgencia Tercer Trimestre (2),True,2026-10-01,2026-10-07,Vigente,Edmundo Marcial Herrera La Torre (Telf: 5251480),,Oruro,Compro Hecho en Bolivia (D.S.4505)
26-0417-05-1693441-1-1,Caja Nacional De Salud (Regional Oruro),Bienes,ANPE,Viveres Secos Gestion 2026,True,2026-10-01,2026-10-07,Vigente,Willma Jimena Choque Gutierrez (Telf: 5251480),,Oruro,NB-SABS (D.S.0181)
26-0417-09-1674663-1-2,Caja Nacional De Salud - Regional La Paz,Bienes,ANPE,"10 Items Productos Metalicos – 
Unidad De Mantenimiento - Hies Obrero N° 30",True,2026-10-01,2026-10-07,Vigente,Manuel Alejandro Almendro Lazarte (Telf: 2-901777),,La Paz,NB-SABS (D.S.0181)
26-0417-09-1681081-1-2,Caja Nacional De Salud - Regional La Paz,Bienes,ANPP,"7 Items Productos Quimicos Y Farmaceuticos. 
Servicio De Terapia Intensiva - Hies Obrero N 30",True,2026-10-01,2026-10-13,Vigente,Manuel Alejandro Almendro Lazarte (Telf: 2-901777),,La Paz,NB-SABS (D.S.0181)
26-0417-09-1682626-2-2,Caja Nacional De Salud - Regional La Paz,Bienes,ANPE,2 Items. Equipo Medico Y De Laboratorio. Servicio De Neonatología. Hode Materno Infantil,True,2026-10-01,2026-10-07,Vigente,Brayan Luis Cabrera Vera (Telf: 2-901777),,La Paz,NB-SABS (D.S.0181)
26-0417-09-1683688-1-2,Caja Nacional De Salud - Regional La Paz,Bienes,ANPE,17 Items. Material De Limpieza. Administracion Cimfa Central,True,2026-10-01,2026-10-09,Vigente,Brayan Luis Cabrera Vera (Telf: 2-901777),,La Paz,NB-SABS (D.S.0181)
26-0417-09-1692875-1-1,Caja Nacional De Salud - Regional La Paz,Bienes,CM,4 Pieza Camilla Ginecologica. Servicio De Gestion De Calidad. Cimfa Central,False,2026-10-01,2026-10-06,Vigente,Maruzzinia Analid Gironda Ticona (Telf: 2-901777),,La Paz,NB-SABS (D.S.0181)
26-0417-09-1692885-1-1,Caja Nacional De Salud - Regional La Paz,Bienes,CM,300 Litro Jabon Liquido Para Manos. Seccion De Mantenimiento Regional La Paz,False,2026-10-01,2026-10-06,Vigente,Maruzzinia Analid Gironda Ticona (Telf: 2-901777),,La Paz,NB-SABS (D.S.0181)
26-0417-09-1693272-1-1,Caja Nacional De Salud - Regional La Paz,Bienes,CND1,150 Kilo De Frejol En Grano - Economato Regional De La Paz- 2026,False,2026-10-01,2026-10-05,Vigente,Brayan Luis Cabrera Vera (Telf: 2-901777),,La Paz,Compro Hecho en Bolivia (D.S.4505)
26-0417-09-1693275-1-1,Caja Nacional De Salud - Regional La Paz,Bienes,CND1,100  Frascos De Miel De Abeja - Economato Regional La Paz- 2026,False,2026-10-01,2026-10-05,Vigente,Brayan Luis Cabrera Vera (Telf: 2-901777),,La Paz,Compro Hecho en Bolivia (D.S.4505)
26-0417-09-1693466-1-1,Caja Nacional De Salud - Regional La Paz,Bienes,ANPP,25 Ampolla. Melfalan 50 Mg. Farmacia Hode Materno Infantil,True,2026-10-01,2026-10-13,Vigente,Brayan Luis Cabrera Vera (Telf: 2-901777),,La Paz,NB-SABS (D.S.0181)
26-0422-00-1693575-1-1,Caja Bancaria Estatal De Salud,Servicios Generales,ANPE,Contratacion De Servicios Medicos Integrales Para La Regional Pando Gestion 2026,False,2026-10-01,2026-10-08,Vigente,Patricia Blanca Ponce Cruz (Telf: 2220404),,La Paz,NB-SABS (D.S.0181)
26-0423-00-1690977-1-1,Caja De Salud De Caminos Y Ramas Anexas,Bienes,CM,Adquisicion De Medicamentos Para Pacientes Hospitalizados - Regional Potosi,False,2026-10-01,2026-10-06,Vigente,Irma Fernandez Ibarra (Telf: 2916539),,La Paz,NB-SABS (D.S.0181)
26-0423-00-1692494-1-1,Caja De Salud De Caminos Y Ramas Anexas,Bienes,CM,Adquisicion De Insumos Medicos V - Regional Santa Cruz,False,2026-10-01,2026-10-05,Vigente,Mario Manguta Mojica (Telf: 2916539),,La Paz,NB-SABS (D.S.0181)
26-0423-00-1693402-1-1,Caja De Salud De Caminos Y Ramas Anexas,Bienes,CNC,Adquisicion De Solucion Acida Para Hemodialisis 2do Semestre - Regional Cochabamba,True,2026-10-01,2026-10-06,Vigente,Justo Oscar Dominguez Cruz (Telf: 2916539),,La Paz,Compro Hecho en Bolivia (D.S.4505)
26-0423-00-1693539-1-1,Caja De Salud De Caminos Y Ramas Anexas,Bienes,CNC,Compra De Medicamentos  De Alta Rotacion En Comprimidos  Por D.S. 4505 Para La Caja De Salud De Caminos Y R.A. Regional Sucre,True,2026-10-01,2026-10-06,Vigente,Fatima Del Carmen Mancilla Cruz (Telf: 2916539),,La Paz,Compro Hecho en Bolivia (D.S.4505)
26-0423-00-1693570-1-1,Caja De Salud De Caminos Y Ramas Anexas,Bienes,CNC,Compra De Medicamentos En Comprimidos Por D.S.4505 Para La Caja De Salud De Caminos Y R.A.Regional Sucre.,True,2026-10-01,2026-10-06,Vigente,Fatima Del Carmen Mancilla Cruz (Telf: 2916539),,La Paz,Compro Hecho en Bolivia (D.S.4505)
26-0513-00-1688487-0-E,Yacimientos Petroliferos Fiscales Bolivianos - Ypfb,Consultoria,OF,"Consultoría Individual De Línea: Apoyo Operativo Ii, Para Cortes Y Reconexiones Udom-Drpt",False,2026-10-01,,Contratado,Alipio Mitma Jorge (Telf: 2176300),,La Paz,Otra Normativa especifica nacional
26-0513-00-1691966-0-E,Yacimientos Petroliferos Fiscales Bolivianos - Ypfb,Bienes,OF,Adquisicion De Suministros Para Impresoras - Dror,False,2026-10-01,,Contratado,Jhonny Chugar Vasquez (Telf: 2176300),,La Paz,Otra Normativa especifica nacional
26-0513-00-1693152-0-E,Yacimientos Petroliferos Fiscales Bolivianos - Ypfb,Bienes,OF,Adquisición De Aditivo Colorante Para Combustible - Dclp,False,2026-10-01,,Contratado,Freddy Cesar Tarquino Aruquipa (Telf: 2176300),,La Paz,Otra Normativa especifica nacional
26-0513-00-1693170-0-E,Yacimientos Petroliferos Fiscales Bolivianos - Ypfb,Consultoria,OF,Consultoria Individual De Linea: Tecnico Iii En Contabilidad De Obras En Construccion Udaf - Drch,False,2026-10-01,,Contratado,Freddy Cesar Tarquino Aruquipa (Telf: 2176300),,La Paz,Otra Normativa especifica nacional
26-0513-00-1693341-0-E,Yacimientos Petroliferos Fiscales Bolivianos - Ypfb,Bienes,OF,Adquisicion De Ropa De Trabajo Y Equipos De Proteccion Personal - Dror,False,2026-10-01,,Contratado,Jhonny Chugar Vasquez (Telf: 2176300),,La Paz,Otra Normativa especifica nacional
26-0513-00-1693437-0-E,Yacimientos Petroliferos Fiscales Bolivianos - Ypfb,Consultoria,OF,"Consultoría Individual De Línea: Técnico Iv, En Asignaciones; Udc-Drcb",False,2026-10-01,,Contratado,Alison Ghimena Moruchi Morales (Telf: 2176300),,La Paz,Otra Normativa especifica nacional
26-0513-00-1693547-0-E,Yacimientos Petroliferos Fiscales Bolivianos - Ypfb,Servicios Generales,OF,Servicio De Tratamiento Y Disposición Final De Recortes Empetrolados Para El Pozo Yapucaiti - Gnee,False,2026-10-01,,Contratado,Gabriela Challa Mendia (Telf: 2176300),,La Paz,Otra Normativa especifica nacional
26-0513-00-1693566-0-E,Yacimientos Petroliferos Fiscales Bolivianos - Ypfb,Obras,OF,"Mantenimiento De Red Primaria E Inspeccion Directa De Ductos Santa Cruz, Udom - Drsb""",False,2026-10-01,,Contratado,Adriana Ulloa Barrios (Telf: 2176300),,La Paz,Otra Normativa especifica nacional
26-0517-02-1674537-2-1,Empresa Minera Huanuni,Bienes,ANPP,Adquisicion De Abrazaderas Metalicas (Emh-Mina-2026),True,2026-10-01,2026-10-14,Vigente,Jhon Milo Rodriguez Reyes (Telf: 25520033 - 25520034),,Oruro,NB-SABS (D.S.0181)
26-0517-02-1674618-2-1,Empresa Minera Huanuni,Bienes,LP,Adquisición De Cable Trifasico De Media Tension Secciones Diversas (Emh-Tese-2026),True,2026-10-01,2026-10-23,Vigente,Jhon Milo Rodriguez Reyes (Telf: 25520033 - 25520034),,Oruro,NB-SABS (D.S.0181)
26-0517-02-1676421-2-1,Empresa Minera Huanuni,Bienes,ANPP,Adquisicion De Madera De Diferentes Medidas Y Otros Pedido 2 (Emh-Carp-2026),True,2026-10-01,2026-10-14,Vigente,Jhon Milo Rodriguez Reyes (Telf: 25520033 - 25520034),,Oruro,NB-SABS (D.S.0181)
26-0517-02-1684134-2-1,Empresa Minera Huanuni,Servicios Generales,ANPE,Servicio De Mantenimiento De Equipo Minicargador (Emh-Rb-Inv-2026),True,2026-10-01,2026-10-08,Vigente,Jhon Milo Rodriguez Reyes (Telf: 25520033 - 25520034),,Oruro,NB-SABS (D.S.0181)
26-0517-02-1693349-1-1,Empresa Minera Huanuni,Bienes,CM,Adquisicion De Distanciometro Y Esclerometro (Const-Emh-2026),False,2026-10-01,2026-10-06,Vigente,Jhon Milo Rodriguez Reyes (Telf: 25520033 - 25520034),,Oruro,NB-SABS (D.S.0181)
26-0517-02-1693363-1-1,Empresa Minera Huanuni,Bienes,CM,Compra De Herramientas De Red (Emh-Ct-2026),False,2026-10-01,2026-10-06,Vigente,Jhon Milo Rodriguez Reyes (Telf: 25520033 - 25520034),,Oruro,NB-SABS (D.S.0181)
26-0517-02-1693476-1-1,Empresa Minera Huanuni,Bienes,CM,Adquisicion De Materiales Para Cosntruccion Civil (Const-Emh 2026),False,2026-10-01,2026-10-06,Vigente,Jhon Milo Rodriguez Reyes (Telf: 25520033 - 25520034),,Oruro,NB-SABS (D.S.0181)
26-0517-02-1693535-1-1,Empresa Minera Huanuni,Servicios Generales,ANPP,Servicio De Reparacion Y Mantenimiento Electrico Especializado (Emh-Tese-2026),True,2026-10-01,2026-10-15,Vigente,Jhon Milo Rodriguez Reyes (Telf: 25520033 - 25520034),,Oruro,NB-SABS (D.S.0181)
26-0517-02-1693562-1-1,Empresa Minera Huanuni,Bienes,ANPP,Adquisicion De Herramientas Menores (Emh-Tese-2026),True,2026-10-01,2026-10-16,Vigente,Jhon Milo Rodriguez Reyes (Telf: 25520033 - 25520034),,Oruro,NB-SABS (D.S.0181)
26-0517-02-1693583-1-1,Empresa Minera Huanuni,Servicios Generales,ANPP,Prestacion De Servicios En Mano De Obra Pedido 2 (Const-Emh-2026),True,2026-10-01,2026-10-15,Vigente,Jhon Milo Rodriguez Reyes (Telf: 25520033 - 25520034),,Oruro,NB-SABS (D.S.0181)
26-0517-02-1693595-1-1,Empresa Minera Huanuni,Bienes,ANPP,Compra De Cable Telefonico Y Fibra Optica Pedido 2 (Emh-Ct-2026),True,2026-10-01,2026-10-16,Vigente,Jhon Milo Rodriguez Reyes (Telf: 25520033 - 25520034),,Oruro,NB-SABS (D.S.0181)
26-0517-02-1693603-1-1,Empresa Minera Huanuni,Bienes,ANPE,Adquisición De Equipo De Fotocopiadora (Emh-Os-2026),True,2026-10-01,2026-10-08,Vigente,Jhon Milo Rodriguez Reyes (Telf: 25520033 - 25520034),,Oruro,NB-SABS (D.S.0181)
26-0517-02-1693609-1-1,Empresa Minera Huanuni,Bienes,ANPP,Adquisicion De Rodamientos Diferentes Medidas Para Motores Del Ingenio De Santa Elena (Emh-Tese-2026),True,2026-10-01,2026-10-14,Vigente,Jhon Milo Rodriguez Reyes (Telf: 25520033 - 25520034),,Oruro,NB-SABS (D.S.0181)
26-0517-02-1693612-1-1,Empresa Minera Huanuni,Bienes,ANPP,Adquisición De Repuestos Para Pesometros Para El Ingenio De Santa Elena (Emh-Tese-2026),True,2026-10-01,2026-10-19,Vigente,Jhon Milo Rodriguez Reyes (Telf: 25520033 - 25520034),,Oruro,NB-SABS (D.S.0181)
26-0517-02-1693625-1-1,Empresa Minera Huanuni,Bienes,ANPP,"Adquisicion De Repuestos Para Jiggs, Arrastres Y Otros (Emh-Ingse-2026)",True,2026-10-01,2026-10-15,Vigente,Jhon Milo Rodriguez Reyes (Telf: 25520033 - 25520034),,Oruro,NB-SABS (D.S.0181)
26-0517-02-1693627-1-1,Empresa Minera Huanuni,Bienes,ANPP,"Adquisición De Repuestos Para Palas Neumáticas Eimco, Atlas Copco Y Otros (Pedido Nm. 3) (Emh-Mp-2026)",True,2026-10-01,2026-10-15,Vigente,Jhon Milo Rodriguez Reyes (Telf: 25520033 - 25520034),,Oruro,NB-SABS (D.S.0181)
26-0517-03-1691258-1-1,Empresa Minera Corocoro,Bienes,ANPP,Adquisicion De Equipo Preparador De Floculante Para Lamellas,True,2026-10-01,2026-10-14,Vigente,Yamil Erick Romero Arteaga (Telf: 2-2139374),,La Paz,NB-SABS (D.S.0181)
26-0517-08-1691159-1-1,Empresa Minera Colquiri,Bienes,ANPE,Clq-26-Anpe-168/2026 Adquisición De Repuestos Eléctricos Para Equipo Liviano De Garajes Y Transportes,True,2026-10-01,2026-10-07,Vigente,Franz Merlo Merlo Charca (Telf: 68350816-68350810),,La Paz,NB-SABS (D.S.0181)
26-0517-08-1692270-1-1,Empresa Minera Colquiri,Bienes,CM,Clq-26-Cm-174/2026 Adquisición De Baterias Para Equipos Sokkia Estación Total Y Cargadores De Baterias,False,2026-10-01,2026-10-06,Vigente,Rilberth Cristhian Villegas Marca (Telf: 68350816-68350810),,La Paz,NB-SABS (D.S.0181)
26-0517-08-1693299-1-1,Empresa Minera Colquiri,Bienes,CM,Clq-26-Cm-135/2026 Adquisición De Faja Lumbar,False,2026-10-01,2026-10-06,Vigente,Rilberth Cristhian Villegas Marca (Telf: 68350816-68350810),,La Paz,NB-SABS (D.S.0181)
26-0517-08-1693307-1-1,Empresa Minera Colquiri,Bienes,CM,Clq-26-Cm-148/2026 Adquisición De Bujes De Poliuretano Para Acoplamiento De Winches Mina,False,2026-10-01,2026-10-06,Vigente,Rilberth Cristhian Villegas Marca (Telf: 68350816-68350810),,La Paz,NB-SABS (D.S.0181)
26-0517-08-1693379-1-1,Empresa Minera Colquiri,Bienes,ANPE,Clq-26-Anpe-161/2026 Adquisición De Equipos De Comunicación,True,2026-10-01,2026-10-08,Vigente,Rilberth Cristhian Villegas Marca (Telf: 68350816-68350810),,La Paz,NB-SABS (D.S.0181)
26-0517-08-1693394-1-1,Empresa Minera Colquiri,Bienes,ANPE,Clq-26-Anpe-391/2026 Adquisición De Equipos De Impresión Y Otros,True,2026-10-01,2026-10-08,Vigente,Rilberth Cristhian Villegas Marca (Telf: 68350816-68350810),,La Paz,NB-SABS (D.S.0181)
26-0517-08-1693457-1-1,Empresa Minera Colquiri,Bienes,ANPE,Clq-26-Anpe-361/2026 Adquisición De Lubricantes Para Garajes Y Transportes,True,2026-10-01,2026-10-08,Vigente,Rilberth Cristhian Villegas Marca (Telf: 68350816-68350810),,La Paz,NB-SABS (D.S.0181)
26-0517-08-1693554-1-1,Empresa Minera Colquiri,Bienes,ANPE,"Clq-26-Anpe-176/2026 Adquisición De Liquido Penetrante, Adhesivos Y Pinturas Para Taller De Mantenimiento Y Servicios",True,2026-10-01,2026-10-08,Vigente,Rilberth Cristhian Villegas Marca (Telf: 68350816-68350810),,La Paz,NB-SABS (D.S.0181)
26-0517-08-1693622-1-1,Empresa Minera Colquiri,Bienes,CM,Clq-26-Cm-207/2026 Adquisición De Mascaras De Soldar Para Personal De Mantenimiento,False,2026-10-01,2026-10-06,Vigente,Rilberth Cristhian Villegas Marca (Telf: 68350816-68350810),,La Paz,NB-SABS (D.S.0181)
26-0517-08-1693623-1-1,Empresa Minera Colquiri,Bienes,ANPE,Clq-26-Anpe-244/2026 Adquisición De Herramientas Menores Para Taller Truckless,True,2026-10-01,2026-10-08,Vigente,Rilberth Cristhian Villegas Marca (Telf: 68350816-68350810),,La Paz,NB-SABS (D.S.0181)
26-0572-00-1693492-1-1,Empresa De Apoyo A La Producción De Alimentos - Emapa,Servicios Generales,CM,"Servicio De Desratización, Desinfección Y Desinsectación En Sucursales De Los Departamentos De Pando Y Beni - Gestión 2026",False,2026-10-01,2026-10-06,Vigente,Gabriel Andres Choque Burgoa (Telf: +591(2) 2115500),,La Paz,NB-SABS (D.S.0181)
26-0572-00-1693568-1-1,Empresa De Apoyo A La Producción De Alimentos - Emapa,Servicios Generales,CM,"Servicio De Desratización, Desinfección Y Desinsectación En Sucursales De La Ciudad De El Alto - Gestion 2026",False,2026-10-01,2026-10-06,Vigente,John Christian Montero Dorado (Telf: +591(2) 2115500),,La Paz,NB-SABS (D.S.0181)
26-0578-00-1689477-0-E,Empresa Publica Nacional Estrategica Boliviana De Aviacion - Bo A,Bienes,CD,(Ga-553) Compra De Producto Aeronáutico - Pn: Nsl870b1/2,False,2026-10-01,,Contratado,Jaquelin Noemi Laime Quisbert (Telf: 4150000),,Cochabamba,D.S. 26688
26-0578-00-1689596-0-E,Empresa Publica Nacional Estrategica Boliviana De Aviacion - Bo A,Bienes,CD,(Gm-686) Compra De Producto Aeronáutico - Requerimiento De Mantenimiento Según Reporte No Rutina,False,2026-10-01,,Contratado,Jaquelin Noemi Laime Quisbert (Telf: 4150000),,Cochabamba,D.S. 26688
26-0578-00-1689901-0-E,Empresa Publica Nacional Estrategica Boliviana De Aviacion - Bo A,Bienes,CD,(Gm-680) Compra De Producto Aeronáutico - Pn: 94813,False,2026-10-01,,Contratado,Jaquelin Noemi Laime Quisbert (Telf: 4150000),,Cochabamba,D.S. 26688
26-0578-00-1689988-0-E,Empresa Publica Nacional Estrategica Boliviana De Aviacion - Bo A,Bienes,CD,(Da-300) Compra De Producto Aeronáutico - Pn: 9700-G2a-Bf10a,False,2026-10-01,,Contratado,Jaquelin Noemi Laime Quisbert (Telf: 4150000),,Cochabamba,D.S. 26688
26-0578-00-1690000-0-E,Empresa Publica Nacional Estrategica Boliviana De Aviacion - Bo A,Bienes,CD,(Gm-709) Compra De Producto Aeronáutico - Pn: Ca244-02,False,2026-10-01,,Contratado,Jaquelin Noemi Laime Quisbert (Telf: 4150000),,Cochabamba,D.S. 26688
26-0578-00-1693338-0-E,Empresa Publica Nacional Estrategica Boliviana De Aviacion - Bo A,Bienes,CD,(Da-286) Compra De Producto Aeronautico Para El Cp-3214 (A330-200),False,2026-10-01,,Contratado,Andrea Zulema Balderrama Bravo (Telf: 4150000),,Cochabamba,NB-SABS (D.S.0181)
26-0578-00-1693361-0-E,Empresa Publica Nacional Estrategica Boliviana De Aviacion - Bo A,Bienes,CD,(Ga-550) Compra De Producto Aeronautico Pn: 03116,False,2026-10-01,,Contratado,Andrea Zulema Balderrama Bravo (Telf: 4150000),,Cochabamba,NB-SABS (D.S.0181)
26-0578-00-1693367-0-E,Empresa Publica Nacional Estrategica Boliviana De Aviacion - Bo A,Bienes,CD,(Ga-549) Compra De Producto Aeronautico Pn: Kit2040025-305gf,False,2026-10-01,,Contratado,Andrea Zulema Balderrama Bravo (Telf: 4150000),,Cochabamba,NB-SABS (D.S.0181)
26-0578-00-1693377-0-E,Empresa Publica Nacional Estrategica Boliviana De Aviacion - Bo A,Bienes,CD,(Gm-667) Compra De Producto Aeronautico Para El Cp-2925,False,2026-10-01,,Contratado,Andrea Zulema Balderrama Bravo (Telf: 4150000),,Cochabamba,NB-SABS (D.S.0181)
26-0578-00-1693382-0-E,Empresa Publica Nacional Estrategica Boliviana De Aviacion - Bo A,Bienes,CD,(Ga-543) Compra De Producto Aeronautico Pn: 315a2800-1,False,2026-10-01,,Contratado,Andrea Zulema Balderrama Bravo (Telf: 4150000),,Cochabamba,NB-SABS (D.S.0181)
26-0578-00-1693410-0-E,Empresa Publica Nacional Estrategica Boliviana De Aviacion - Bo A,Bienes,CD,(Gm-612) Compra De Producto Aeronautico Pn: Ae0804c00,False,2026-10-01,,Contratado,Andrea Zulema Balderrama Bravo (Telf: 4150000),,Cochabamba,NB-SABS (D.S.0181)
26-0578-00-1693415-0-E,Empresa Publica Nacional Estrategica Boliviana De Aviacion - Bo A,Bienes,CD,(Gm-694) Compra De Producto Aeronautico Pn: 67839,False,2026-10-01,,Contratado,Andrea Zulema Balderrama Bravo (Telf: 4150000),,Cochabamba,NB-SABS (D.S.0181)
26-0578-00-1693425-0-E,Empresa Publica Nacional Estrategica Boliviana De Aviacion - Bo A,Bienes,CD,(Da-312) Compra De Producto Aeronautico Pn: 446617,False,2026-10-01,,Contratado,Andrea Zulema Balderrama Bravo (Telf: 4150000),,Cochabamba,NB-SABS (D.S.0181)
26-0578-00-1693432-0-E,Empresa Publica Nacional Estrategica Boliviana De Aviacion - Bo A,Bienes,CD,(Gm-710) Compra De Producto Aeronautico Pn: 4041-58,False,2026-10-01,,Contratado,Andrea Zulema Balderrama Bravo (Telf: 4150000),,Cochabamba,NB-SABS (D.S.0181)
26-0578-00-1693439-0-E,Empresa Publica Nacional Estrategica Boliviana De Aviacion - Bo A,Bienes,CD,(Gm-728) Compra De Producto Aeronautico Pn: Ch34736,False,2026-10-01,,Contratado,Andrea Zulema Balderrama Bravo (Telf: 4150000),,Cochabamba,NB-SABS (D.S.0181)
26-0578-00-1693446-0-E,Empresa Publica Nacional Estrategica Boliviana De Aviacion - Bo A,Bienes,CD,(Gm-733) Compra De Producto Aeronautico Pn: Ch34736,False,2026-10-01,,Contratado,Andrea Zulema Balderrama Bravo (Telf: 4150000),,Cochabamba,NB-SABS (D.S.0181)
26-0578-00-1693455-0-E,Empresa Publica Nacional Estrategica Boliviana De Aviacion - Bo A,Bienes,CD,(Gm-644) Compra De Producto Aeronautico Para El Cp-2852 (Crj-200),False,2026-10-01,,Contratado,Andrea Zulema Balderrama Bravo (Telf: 4150000),,Cochabamba,NB-SABS (D.S.0181)
26-0578-00-1693504-0-E,Empresa Publica Nacional Estrategica Boliviana De Aviacion - Bo A,Bienes,CD,(Ga-578) Compra De Productos Aeronáuticos Pn: 48282-20629 ; Nas1611-112a,False,2026-10-01,,Contratado,Andrea Zulema Balderrama Bravo (Telf: 4150000),,Cochabamba,NB-SABS (D.S.0181)
26-0578-00-1693516-0-E,Empresa Publica Nacional Estrategica Boliviana De Aviacion - Bo A,Bienes,CD,(Gm-732) Compra De Producto Aeronautico Pn: A3482-4,False,2026-10-01,,Contratado,Andrea Zulema Balderrama Bravo (Telf: 4150000),,Cochabamba,NB-SABS (D.S.0181)
26-0578-00-1693528-0-E,Empresa Publica Nacional Estrategica Boliviana De Aviacion - Bo A,Bienes,CD,(Gm-737) Compra De Producto Aeronautico Pn: 979998-2,False,2026-10-01,,Contratado,Andrea Zulema Balderrama Bravo (Telf: 4150000),,Cochabamba,NB-SABS (D.S.0181)
26-0578-00-1693536-0-E,Empresa Publica Nacional Estrategica Boliviana De Aviacion - Bo A,Bienes,CD,(Gm-707) Compra De Producto Aeronautico Pn: 72091-27d102,False,2026-10-01,,Contratado,Andrea Zulema Balderrama Bravo (Telf: 4150000),,Cochabamba,NB-SABS (D.S.0181)
26-0585-00-1678069-2-1,Agencia Boliviana Espacial ,Bienes,ANPP,Adquisicion De Baterias De Repuesto Para El Banco De Baterias De La Ups-1a De La Estacion Terrena De Amachuma,True,2026-10-01,2026-10-14,Vigente,Maria Guadalupe Quintanilla Quelca (Telf: 591-2-2141110),,La Paz,NB-SABS (D.S.0181)
26-0591-00-1692806-1-1,"Empresa Estatal De Transporte Por Cable ""Mi Teleferico""",Servicios Generales,CM,Gom - Contratacion De Servicio De Certificacion De Calibracion De Herramientas De Medicion Y Apriete Del Departamento De Mantenimiento De La Eetc Mt,False,2026-10-01,2026-10-06,Vigente,Roxana Huanca Ticona (Telf: 2179300),,La Paz,NB-SABS (D.S.0181)
26-0595-00-1685508-1-2,Gestora Publica De La Seguridad Social De Largo Plazo,Servicios Generales,LP,G26-Gns-Servicio De Renovacion De Suscripcion Para Infraestructura Hiperconvergente Para Cpd Angelica Maria,True,2026-10-01,2026-10-23,Vigente,Raquel Noemi Zarate Cruz (Telf: 2188400),,La Paz,NB-SABS (D.S.0181)
26-0650-01-1693628-1-1,Camara De Senadores,Consultoria,ANPP,"“Servicio De Consultoria Para La Inventariacion, Recodificacion, Clasificacion Y Revaluo Tecnico De Los Activos Fijos De La Camara De Senadores”",False,2026-10-01,2026-10-13,Vigente,Deysi Irma Vega Guzman (Telf: 2158803),,La Paz,NB-SABS (D.S.0181)
26-0660-12-1693327-1-1,Direccion Administrativa Y Financiera - Organo Judicial - Chuquisaca,Bienes,ANPE,Adquisición De Accesorios Y Periféricos Para Equipos Informáticos Y Tecnológicos Para Stock De Almacén Del Tribunal Departamental De Justicia De Chuquisaca,True,2026-10-01,2026-10-07,Vigente,Karen Paola Saravia Lopez (Telf: 64-57136),,Chuquisaca,NB-SABS (D.S.0181)
26-0681-00-1690031-2-1,Ministerio Publico,Bienes,ANPE,Cuarta Adquisición De Tóner  Para Stock De Almacenes De La Fiscalía Departamental De Santa Cruz,True,2026-10-01,2026-10-08,Vigente,Raul Aracena Rasguido (Telf: 6461606),,Chuquisaca,NB-SABS (D.S.0181)
26-0831-00-1692914-1-1,Servicio Local Acueducto Y Alcantarillado - Sela Oruro,Bienes,ANPP,"Suministro Equipamiento Sistema De Bombeo: Construcción Y Equipamiento Pozo De Producción Pp-39, Ciudad De Oruro)",True,2026-10-01,2026-10-15,Vigente,Roberto Franco Choque Blaz (Telf: 5247701),,Oruro,NB-SABS (D.S.0181)
26-0831-00-1692938-1-2,Servicio Local Acueducto Y Alcantarillado - Sela Oruro,Servicios Generales,OF,"(Auditoría De Cumplimiento Sobre La Ejecución Del Convenio Intergubernativo De Financiamiento Del Programa ""Fortalecimiento A La Planta De Tratamiento De Aguas Residuales Oruro"" Y Su Primera Adenda”)",False,2026-10-01,2026-10-15,Vigente,Roberto Franco Choque Blaz (Telf: 5247701),,Oruro,Otra Normativa especifica nacional
26-0901-08-1693089-1-2,Servicio Departamental De Caminos - Chuquisaca,Bienes,LP,Adquisicion De: Maquinaria Pesada,True,2026-10-01,2026-10-23,Vigente,Freddy Lucas Marin Tamares (Telf: 6436176),,Chuquisaca,NB-SABS (D.S.0181)
26-0902-00-1693282-0-E,Gobierno Autónomo Departamental De La Paz,Consultoria,CM,"Consultor Individual De Linea: Profesional I - Licenciado Para Mineria De Capacitación Y Asesoramiento Técnico, ""Prog. De Capacitación Y Asistencia Tecnica Al Sector Minero En El Departamento De La Paz""",False,2026-10-01,,Contratado,Jesus Alejandro Quisbert Loayza (Telf: 2202567),,La Paz,NB-SABS (D.S.0181)
26-0902-00-1693587-0-E,Gobierno Autónomo Departamental De La Paz,Consultoria,CM,Consultor Individual De Linea: Técnico I – Técnico Verificación Ii – “Prog. Estratégico De Fiscalización Y Supervisión De Regalías Mineras Del Departamento De La Paz”,False,2026-10-01,,Contratado,Jesus Alejandro Quisbert Loayza (Telf: 2202567),,La Paz,NB-SABS (D.S.0181)
26-0902-39-1685891-2-1,Hospital De La Mujer,Bienes,ANPE,Adquisición De Ropa De Trabajo Para Área Médica Y Enfermería – Gestión 2026 (Recursos Humanos),True,2026-10-01,2026-10-08,Vigente,Juan Carlos Layme Sullca (Telf: 2240096),,La Paz,NB-SABS (D.S.0181)
26-0902-39-1693303-1-1,Hospital De La Mujer,Bienes,ANPE,Adquisición Medicamentos Fase 15 (Farmacia),True,2026-10-01,2026-10-08,Vigente,Juan Carlos Layme Sullca (Telf: 2240096),,La Paz,NB-SABS (D.S.0181)
26-0902-40-1686583-1-1,"Hospital Del Niño  ""Dr. Ovidio Aliaga Uria""",Bienes,CM,Adquisicion  De Tiras Reactivas Para Glicemia,False,2026-10-01,2026-10-07,Vigente,Ana Gabriela Loza Fernandez (Telf: 2245076),,La Paz,NB-SABS (D.S.0181)
26-0903-00-1693414-1-1,Gobierno Autónomo Departamental De Cochabamba,Bienes,CM,"Adquisicion De Material Deportivo De Premiacion,Trofeos Y Medallas Para El Programa Apoyo Al Deporte Recreativo Promocion Deportiva Y Deporte Asociado Competetivo",False,2026-10-01,2026-10-06,Vigente,Lucy Noelia Guzman Herbas (Telf: 4519121-4255253),,Cochabamba,NB-SABS (D.S.0181)
26-0904-00-1686535-0-E,Gobierno Autónomo Departamental De Oruro,Consultoria,CM,"Contratacion De Un (1) Consultor Individual De Linea Para ""El Programa De Apoyo A La Produccion  De Alimentos  Complementarios En El Departamento De Oruro"" D.P,E,I,C-S.D.D.P,I",False,2026-10-01,,Contratado,Roxana Martinez Ticona (Telf: -),,Oruro,NB-SABS (D.S.0181)
26-0904-00-1690172-0-E,Gobierno Autónomo Departamental De Oruro,Servicios Generales,CD,"Contratación Directa De Programas Independientes En Radio Y Televisión, Y Medios De Comunicación, Para El Servicio De Difusión De Contenidos (Spots, Cortometraje, Micronoticiero, Cuña) E Información Institucional Por Tres (3) Meses Para El Gobierno Autónomo Departamental De Oruro - Unidad De Comunicación Social 2026",False,2026-10-01,,Contratado,Jenny Leticia Rodriguez Condori (Telf: -),,Oruro,NB-SABS (D.S.0181)
26-0904-00-1692811-1-1,Gobierno Autónomo Departamental De Oruro,Bienes,CM,"Adquisición De Bioinsumos (Feromonas Y Trampas) Para El Proyecto ""Fortal. La Producción Orgánica De Granos Andinos En 10 Municipios Del Dpto. De Oruro"" - Sedag.",False,2026-10-01,2026-10-05,Vigente,Roxana Martinez Ticona (Telf: -),,Oruro,NB-SABS (D.S.0181)
26-0904-00-1693311-0-E,Gobierno Autónomo Departamental De Oruro,Consultoria,CM,Contratacion De Dos (2) Consultores Individuales De Linea Para El Servicio Departamental De Aguas  Cuencas  Y Riegos Con El  Programa  De Apoyo Tecnico  A La Inversion  Publica  En El Gobierno Autonomo Departamental De Oruro  Gestion 2026,False,2026-10-01,,Contratado,Roxana Martinez Ticona (Telf: -),,Oruro,NB-SABS (D.S.0181)
26-0904-00-1693384-1-1,Gobierno Autónomo Departamental De Oruro,Servicios Generales,ANPE,Contratacion De Servicio De Mantenimiento De Porta Camps Del Programa De Fortalecimiento De Fiscalizacion Y Control De Regalias Mineras En El Departamento De Oruro- D.R.M.,True,2026-10-01,2026-10-07,Vigente,Milca Erika Viza Acevedo (Telf: -),,Oruro,NB-SABS (D.S.0181)
26-0904-00-1693578-0-E,Gobierno Autónomo Departamental De Oruro,Consultoria,CM,Contratacion De Un Consultor Individual De Linea (Tecnico Superior  I) Para El Programa  Preservacion  Al  Patrimonio  Cultural  Del Departamento De  Oruro-S.D.C.T,False,2026-10-01,,Contratado,Roxana Martinez Ticona (Telf: -),,Oruro,NB-SABS (D.S.0181)
26-0904-00-1693588-0-E,Gobierno Autónomo Departamental De Oruro,Servicios Generales,CD,Contratación Directa De La Banda De Música “Elegante Bolivia Brass De Oruro” Para El Encuentro Cultural Y Patrimonial Del Bicentenario De La Creación Del Departamento De Oruro,False,2026-10-01,,Contratado,Jenny Leticia Rodriguez Condori (Telf: -),,Oruro,NB-SABS (D.S.0181)
26-0904-00-1693601-0-E,Gobierno Autónomo Departamental De Oruro,Consultoria,CM,Contratacion De (Un) 1 Consultor Individual  De Linea Para El Programa  De Apoyo Al Sector Productivo Mediante  El Campo Ferial  Multiproposito Oruro,False,2026-10-01,,Contratado,Roxana Martinez Ticona (Telf: -),,Oruro,NB-SABS (D.S.0181)
26-0905-01-1693490-1-1,Servicio Departamental De Gestion Social - Potosi,Bienes,CND1,Adquisicion De Productos De Limpieza Para El Programa De Acogimiento Segun Convenio Con Aldeas Sos,False,2026-10-01,2026-10-05,Vigente,Milan Gregorio Chavez Sequeiros (Telf: 6222962 - 63018793),,Potosi,Compro Hecho en Bolivia (D.S.4505)
26-0905-01-1693505-1-1,Servicio Departamental De Gestion Social - Potosi,Bienes,CNC,Adquisicion De Alimentos Secos Para El Programa Guarda Segun Convenio Con Aldeas Sos,True,2026-10-01,2026-10-06,Vigente,Milan Gregorio Chavez Sequeiros (Telf: 6222962 - 63018793),,Potosi,Compro Hecho en Bolivia (D.S.4505)
26-0905-01-1693526-1-1,Servicio Departamental De Gestion Social - Potosi,Bienes,CNC,Adquisicion De Aliimentos Secos Para El Programa De Acogimiento Familiar Segun Convenios Con Aldeas Sos,True,2026-10-01,2026-10-06,Vigente,Milan Gregorio Chavez Sequeiros (Telf: 6222962 - 63018793),,Potosi,Compro Hecho en Bolivia (D.S.4505)
26-0905-06-1693294-1-1,Servicio Departamental De Caminos - Potosi,Bienes,ANPE,"Adquisicion De Calzados Dielectricos De Seguridad Industrial Para El Area De Mantenimiento De Se.De.Ca Potosi, Gestion 2026",True,2026-10-01,2026-10-09,Vigente,Nelson Alberto Ortega Estrada (Telf: 6222061-61649000-77868349),,Potosi,NB-SABS (D.S.0181)
26-0905-07-1690147-1-2,Hospital Tercer Nivel Potosi,Bienes,CM,Adquisicion De Herramientas Electricas Y Material De Impresion Para La Impresora 3d De La Unidad De Mantenimiento Del Hospital De Tercer Nivel Potosi F.G.E.N.M.,False,2026-10-01,2026-10-05,Vigente,Elizabeth Mollo Lopez (Telf: 26244001),,Potosi,NB-SABS (D.S.0181)
26-0905-07-1693464-1-1,Hospital Tercer Nivel Potosi,Bienes,CNC,Adquisición Complementaria De Productos Farmaceuticos Nacionales Para Cobertura De Atencion Hospitalaria - Htnp,True,2026-10-01,2026-10-06,Vigente,Karina Rosemary Campero Chacon (Telf: 26244001),,Potosi,Compro Hecho en Bolivia (D.S.4505)
26-0905-09-1693602-1-1,Hospital Daniel Bracamonte,Obras,ANPP,“Mantenimiento Y Refaccion Infraestructura De Infectologia Del H.D.B. 2026”,True,2026-10-01,2026-10-13,Vigente,Juan Marcelo Villalpando Montoya (Telf: 6244961),,Potosi,NB-SABS (D.S.0181)
26-0906-03-1693319-1-1,Servicio Departamental De Salud Tarija - Sedes,Bienes,ANPP,Adquisicion De Medicamentos Para Pacientes Renales Para El Hospital Regional San Juan De Dios,True,2026-10-01,2026-10-14,Vigente,Briseida Sonia Carrasco Soliz (Telf: 4-6643257),,Tarija,NB-SABS (D.S.0181)
26-0907-00-1668216-1-2,Gobierno Autónomo Departamental De Santa Cruz,Bienes,ANPE,Adquisicion De Transductor Para Ecografo Del Servicio De Electromedicina Del Hospital Japones Gestion 2026 Sdsdh Hj,True,2026-10-01,2026-10-07,Vigente,Yaqueline Merubia Rojas (Telf: 3636300/3-3332760 /3636256),,Santa Cruz,NB-SABS (D.S.0181)
26-0907-00-1675101-2-1,Gobierno Autónomo Departamental De Santa Cruz,Bienes,ANPP,"Adquisicion De Contraste Iodado Para Los Pacientes Beneficiarios Del Sus En El Servicio De Imagenologia Del Hospital De Tercer Nivel Montero Gestion 2026, Shsdh",True,2026-10-01,2026-10-14,Vigente,Marianela Siles Von Borries (Telf: 3636300/3-3332760 /3636256),,Santa Cruz,NB-SABS (D.S.0181)
26-0907-00-1684402-1-2,Gobierno Autónomo Departamental De Santa Cruz,Bienes,ANPP,"Adquisicion De Medicamentos Para La Farmacia Del Segundo Cuatrimestre, De Acuerdo A Las Normas Vigentes Con Sus, En El Hospital De Niños Dr. Mario Ortiz Durante La Gestion 2026 Hmnos Ssdh.",True,2026-10-01,2026-10-14,Vigente,Maira Peña Suarez (Telf: 3636300/3-3332760 /3636256),,Santa Cruz,NB-SABS (D.S.0181)
26-0907-00-1693322-1-1,Gobierno Autónomo Departamental De Santa Cruz,Bienes,CNC,Compra De Fentanilo Sin Conservante Para El Servicio De Farmacia Del Hospital De Niños Dr. Mario Ortiz Suarez,True,2026-10-01,2026-10-07,Vigente,Maria Rosario Medrano Nuñez (Telf: 3636300/3-3332760 /3636256),,Santa Cruz,Compro Hecho en Bolivia (D.S.4505)
26-0907-00-1693324-1-1,Gobierno Autónomo Departamental De Santa Cruz,Bienes,CNC,Compra De Dexametasona Para El Servicio De Farmacia Del Hospital De Niños Dr. Mario Ortiz Suarez,True,2026-10-01,2026-10-07,Vigente,Maria Rosario Medrano Nuñez (Telf: 3636300/3-3332760 /3636256),,Santa Cruz,Compro Hecho en Bolivia (D.S.4505)
26-0907-00-1693325-1-1,Gobierno Autónomo Departamental De Santa Cruz,Bienes,CNC,"Compra De Diferentes Clases De Medicamentos Por Convocatoria Nacional, Para El Servicio De Farmacia Del Hospital De Niños Dr. Mario Ortiz Suarez",True,2026-10-01,2026-10-07,Vigente,Maria Rosario Medrano Nuñez (Telf: 3636300/3-3332760 /3636256),,Santa Cruz,Compro Hecho en Bolivia (D.S.4505)
26-0907-00-1693343-1-1,Gobierno Autónomo Departamental De Santa Cruz,Bienes,CNC,Adquisicion De Medicamentos Antiflamatorios Para Pacientes De Consulta Externa Del Hospital Japones,True,2026-10-01,2026-10-06,Vigente,Yaqueline Merubia Rojas (Telf: 3636300/3-3332760 /3636256),,Santa Cruz,Compro Hecho en Bolivia (D.S.4505)
26-0907-00-1693346-1-1,Gobierno Autónomo Departamental De Santa Cruz,Bienes,CNC,Adquisicion De Medicamentos Cardiovasculares Y Corticoides Para Pacientes De Consulta Externa Del Hospital Japones,True,2026-10-01,2026-10-06,Vigente,Yaqueline Merubia Rojas (Telf: 3636300/3-3332760 /3636256),,Santa Cruz,Compro Hecho en Bolivia (D.S.4505)
26-0907-00-1693348-1-1,Gobierno Autónomo Departamental De Santa Cruz,Bienes,CNC,Adquisicion De Ketorolaco Para Pacientes De Emergencia Del Hospital Japones,True,2026-10-01,2026-10-06,Vigente,Yaqueline Merubia Rojas (Telf: 3636300/3-3332760 /3636256),,Santa Cruz,Compro Hecho en Bolivia (D.S.4505)
26-0907-00-1693354-1-1,Gobierno Autónomo Departamental De Santa Cruz,Bienes,CND1,Adquisicion De Detergente Sanitario Para Limpieza De Diferentes Areas Del Hospital Japones,False,2026-10-01,2026-10-05,Vigente,Yaqueline Merubia Rojas (Telf: 3636300/3-3332760 /3636256),,Santa Cruz,Compro Hecho en Bolivia (D.S.4505)
26-0907-00-1693358-1-1,Gobierno Autónomo Departamental De Santa Cruz,Bienes,CND1,Adquisicion De Detergente Multiuso Para Limpieza En Diferentes Areas Del Hospital Japones,False,2026-10-01,2026-10-05,Vigente,Yaqueline Merubia Rojas (Telf: 3636300/3-3332760 /3636256),,Santa Cruz,Compro Hecho en Bolivia (D.S.4505)
26-0907-00-1693373-1-1,Gobierno Autónomo Departamental De Santa Cruz,Bienes,CNC,Adquisicion De Medicamento Dexametasona 4mg/Ml Inyectable Para Farmacia Sus Ioob,True,2026-10-01,2026-10-07,Vigente,Julio Cesar Pedraza Ardaya (Telf: 3636300/3-3332760 /3636256),,Santa Cruz,Compro Hecho en Bolivia (D.S.4505)
26-0907-00-1693374-1-1,Gobierno Autónomo Departamental De Santa Cruz,Bienes,CNC,Adquisicion De Medicamento Amikacina 500mg/2ml Inyectable Para Farmacia Sus Ioob,True,2026-10-01,2026-10-06,Vigente,Julio Cesar Pedraza Ardaya (Telf: 3636300/3-3332760 /3636256),,Santa Cruz,Compro Hecho en Bolivia (D.S.4505)
26-0907-00-1693375-1-1,Gobierno Autónomo Departamental De Santa Cruz,Bienes,CNC,"Adquisicion De Medicamento Alopurinol 300 Mg Comprimido, Prednisona 20 Mg Comprimido Para Farmacia Sus Ioob",True,2026-10-01,2026-10-06,Vigente,Julio Cesar Pedraza Ardaya (Telf: 3636300/3-3332760 /3636256),,Santa Cruz,Compro Hecho en Bolivia (D.S.4505)
26-0907-00-1693381-1-1,Gobierno Autónomo Departamental De Santa Cruz,Bienes,CNC,Adquisicion De Medicamento Solucion Ringer Normal 1000 Ml Para Farmacia Sus Ioob,True,2026-10-01,2026-10-06,Vigente,Julio Cesar Pedraza Ardaya (Telf: 3636300/3-3332760 /3636256),,Santa Cruz,Compro Hecho en Bolivia (D.S.4505)
26-0907-00-1693383-1-1,Gobierno Autónomo Departamental De Santa Cruz,Bienes,CNC,Adquisicion De Medicamento Bicarbonato De Sodio 8% Inyectable Para Farmacia Sus Ioob,True,2026-10-01,2026-10-06,Vigente,Julio Cesar Pedraza Ardaya (Telf: 3636300/3-3332760 /3636256),,Santa Cruz,Compro Hecho en Bolivia (D.S.4505)
26-0907-00-1693385-1-1,Gobierno Autónomo Departamental De Santa Cruz,Bienes,CNC,Adquisicion De Amikacina Para Pacientes De Pediatria Del Hospital Japones,True,2026-10-01,2026-10-06,Vigente,Yaqueline Merubia Rojas (Telf: 3636300/3-3332760 /3636256),,Santa Cruz,Compro Hecho en Bolivia (D.S.4505)
26-0907-00-1693386-1-1,Gobierno Autónomo Departamental De Santa Cruz,Bienes,CNC,Adquisicion De Medicamento  Fentanilo Sin Conservante 0.05 Mg/Ml Inyectable Para Farmacia Sus Ioob,True,2026-10-01,2026-10-06,Vigente,Julio Cesar Pedraza Ardaya (Telf: 3636300/3-3332760 /3636256),,Santa Cruz,Compro Hecho en Bolivia (D.S.4505)
26-0907-00-1693388-1-1,Gobierno Autónomo Departamental De Santa Cruz,Bienes,CNC,Adquisicion De Dipirona Para Pacientes De Emergencia Del Hospital Japones,True,2026-10-01,2026-10-06,Vigente,Yaqueline Merubia Rojas (Telf: 3636300/3-3332760 /3636256),,Santa Cruz,Compro Hecho en Bolivia (D.S.4505)
26-0907-00-1693389-1-1,Gobierno Autónomo Departamental De Santa Cruz,Bienes,CNC,"Adquisicion De Medicamento Cefixima 400mg Comprimido, Bisacodilo 5mg Comprimido Para Farmacia Sus Ioob",True,2026-10-01,2026-10-06,Vigente,Julio Cesar Pedraza Ardaya (Telf: 3636300/3-3332760 /3636256),,Santa Cruz,Compro Hecho en Bolivia (D.S.4505)
26-0907-00-1693390-1-1,Gobierno Autónomo Departamental De Santa Cruz,Bienes,CNC,Adquisicion De Medicamento Gluconato Calcico 10% Inyectable Para Farmacia Sus Ioob,True,2026-10-01,2026-10-06,Vigente,Julio Cesar Pedraza Ardaya (Telf: 3636300/3-3332760 /3636256),,Santa Cruz,Compro Hecho en Bolivia (D.S.4505)
26-0907-00-1693393-1-1,Gobierno Autónomo Departamental De Santa Cruz,Bienes,CNC,Adquisicion De Atorvastatina Para Pacientes De Consulta Externa Del Hospital Japones,True,2026-10-01,2026-10-06,Vigente,Yaqueline Merubia Rojas (Telf: 3636300/3-3332760 /3636256),,Santa Cruz,Compro Hecho en Bolivia (D.S.4505)
26-0907-00-1693398-1-1,Gobierno Autónomo Departamental De Santa Cruz,Bienes,CNC,"Adquisicion De Medicamento Atorvastatina 20 Mg Comprimido, Glibenclamida 5 Mg Comprimido, Metformina 850 Mg Comprimido Para Farmacia Sus Ioob",True,2026-10-01,2026-10-06,Vigente,Julio Cesar Pedraza Ardaya (Telf: 3636300/3-3332760 /3636256),,Santa Cruz,Compro Hecho en Bolivia (D.S.4505)
26-0907-00-1693399-1-1,Gobierno Autónomo Departamental De Santa Cruz,Bienes,CNC,Adquisicion De Medicamento Atracurio Besilato 10mg/Ml Inyectable Para Farmacia Sus Ioob,True,2026-10-01,2026-10-06,Vigente,Julio Cesar Pedraza Ardaya (Telf: 3636300/3-3332760 /3636256),,Santa Cruz,Compro Hecho en Bolivia (D.S.4505)
26-0907-00-1693405-1-1,Gobierno Autónomo Departamental De Santa Cruz,Bienes,CNC,Adquisicion De Medicamento Nistatina 500.000 Ul/5ml Suspension Para Farmacia Sus Ioob,True,2026-10-01,2026-10-06,Vigente,Julio Cesar Pedraza Ardaya (Telf: 3636300/3-3332760 /3636256),,Santa Cruz,Compro Hecho en Bolivia (D.S.4505)
26-0907-00-1693417-1-1,Gobierno Autónomo Departamental De Santa Cruz,Bienes,CNC,Adquisicion De Medicamento Cefazolina 1 G Inyectable Para Farmacia Sus Ioob,True,2026-10-01,2026-10-07,Vigente,Julio Cesar Pedraza Ardaya (Telf: 3636300/3-3332760 /3636256),,Santa Cruz,Compro Hecho en Bolivia (D.S.4505)
26-0907-00-1693428-1-1,Gobierno Autónomo Departamental De Santa Cruz,Bienes,CNC,Adquisicion De Medicamento Metamizol 1 G Inyectable Para Farmacia Sus Ioob,True,2026-10-01,2026-10-07,Vigente,Julio Cesar Pedraza Ardaya (Telf: 3636300/3-3332760 /3636256),,Santa Cruz,Compro Hecho en Bolivia (D.S.4505)
26-0907-00-1693453-1-1,Gobierno Autónomo Departamental De Santa Cruz,Bienes,CNC,Adquisicion De Medicamento Omeprazol 20 Mg Capsula Para Farmacia Sus Ioob,True,2026-10-01,2026-10-07,Vigente,Julio Cesar Pedraza Ardaya (Telf: 3636300/3-3332760 /3636256),,Santa Cruz,Compro Hecho en Bolivia (D.S.4505)
26-0907-00-1693459-1-1,Gobierno Autónomo Departamental De Santa Cruz,Bienes,ANPP,Adquisicion De Otros Medicamentos Para Pacientes Internados Para Pacientes Del Hospital Japones Y Beneficiarios Del Seguro Universal Ley 475 Sdsdh Hj,True,2026-10-01,2026-10-13,Vigente,Yaqueline Merubia Rojas (Telf: 3636300/3-3332760 /3636256),,Santa Cruz,NB-SABS (D.S.0181)
26-0907-00-1693467-1-1,Gobierno Autónomo Departamental De Santa Cruz,Bienes,CNC,Adquisicion De Medicamento Pregabalina 75 Mg Comprimido Para Farmacia Sus Ioob,True,2026-10-01,2026-10-07,Vigente,Julio Cesar Pedraza Ardaya (Telf: 3636300/3-3332760 /3636256),,Santa Cruz,Compro Hecho en Bolivia (D.S.4505)
26-0907-00-1693472-1-1,Gobierno Autónomo Departamental De Santa Cruz,Bienes,CNC,Adquisicion De Medicamento Quetiapina 100mg Comprimido Para Farmacia Sus Ioob,True,2026-10-01,2026-10-07,Vigente,Julio Cesar Pedraza Ardaya (Telf: 3636300/3-3332760 /3636256),,Santa Cruz,Compro Hecho en Bolivia (D.S.4505)
26-0907-00-1693477-1-1,Gobierno Autónomo Departamental De Santa Cruz,Bienes,ANPP,Adquisicion De Medicamentos Anestesicos Para Uso En Quirofano Para Pacientes Del Hospital Japones Y Beneficiarios Del Seguro Universal Ley 475  Sdsdh Hj,True,2026-10-01,2026-10-13,Vigente,Yaqueline Merubia Rojas (Telf: 3636300/3-3332760 /3636256),,Santa Cruz,NB-SABS (D.S.0181)
26-0951-00-1690821-1-2,Banco Central De Bolivia - Bcb,Bienes,ANPE,Provisión De Cintas Lto Para Backup,True,2026-10-01,2026-10-08,Vigente,Maria Del Rosario Ramos Santos (Telf: 2409090),,La Paz,NB-SABS (D.S.0181)
26-0951-00-1693136-0-E,Banco Central De Bolivia - Bcb,Bienes,CD,Compra De Papel Reciclado Tamaño Resma Para La Imprenta Del Bcb,False,2026-10-01,,Contratado,Yerko Carlos Palacios Tellez (Telf: 2409090),,La Paz,NB-SABS (D.S.0181)
26-1101-00-1692125-1-1,Gobierno Autonomo Municipal De Sucre,Servicios Generales,CM,Contratacion Servicio De Mantenimiento Internado Unidad Educativa 6 De Junio B Potolo,False,2026-10-01,2026-10-06,Vigente,Juan Carlos Peterito Medrano (Telf: 6456185 ),,Chuquisaca,NB-SABS (D.S.0181)
26-1101-00-1693336-1-1,Gobierno Autonomo Municipal De Sucre,Bienes,CNC,Adquisición De Medicamentos Para El Servicio Hospicio Hogar 25 De Mayo ,True,2026-10-01,2026-10-06,Vigente,Edelmira Cholima Mole (Telf: 6456185 ),,Chuquisaca,Compro Hecho en Bolivia (D.S.4505)
26-1101-00-1693471-1-1,Gobierno Autonomo Municipal De Sucre,Servicios Generales,CM,Contratacion Servicio Alquiler De Maquinaria Pesada Retroexcavadora Para Rehabilitacion Y Conservacion De Suelos Agricolas En La Comunidad De Chaunaca Baja,False,2026-10-01,2026-10-06,Vigente,Juan Carlos Peterito Medrano (Telf: 6456185 ),,Chuquisaca,NB-SABS (D.S.0181)
26-1101-00-1693473-1-1,Gobierno Autonomo Municipal De Sucre,Consultoria,OF,Expresiones De Interes: Elaboración Del Estudio De Diseño Técnico De Preinversión (Edtp) - Construcción Interceptores Rio Quirpinchaca,False,2026-10-01,2026-10-19,Vigente,Alfredo Coronado Sacaca (Telf: 6456185 ),,Chuquisaca,Normativa del Financiador (BID)
26-1101-00-1693478-1-1,Gobierno Autonomo Municipal De Sucre,Servicios Generales,CM,Contratacion Servicio Alquiler De Maquinaria Pesada Excavadora Hidraulica 320 Para Rehabilitacion Y Conservacion De Suelos Agricolas En La Comunidad De Chaunaca Baja,False,2026-10-01,2026-10-06,Vigente,Juan Carlos Peterito Medrano (Telf: 6456185 ),,Chuquisaca,NB-SABS (D.S.0181)
26-1101-00-1693487-1-1,Gobierno Autonomo Municipal De Sucre,Consultoria,OF,"Expresiones De Interes: Consultoría Por Producto Para La Elaboración Y Ejecución Del Plan De Medio Y Producción   Del Programa De Integración Urbana, Eficiencia Energética Y Movilidad Urbana De Sucre.",False,2026-10-01,2026-10-19,Vigente,Alfredo Coronado Sacaca (Telf: 6456185 ),,Chuquisaca,Normativa del Financiador (BID)
26-1108-00-1693592-1-1,Gobierno Autonomo Municipal De Mojocoya,Bienes,ANPE,Adquisición De Equipos Gps/Gnss Rtk Para La Unidad De Catastro Y Técnica Del Gobierno Autónomo Municipal De Villa Mojocoya,True,2026-10-01,2026-10-08,Vigente,Richar Maturano Soliz (Telf: 74431011),,Chuquisaca,NB-SABS (D.S.0181)
26-1112-00-1693616-1-1,Gobierno Autonomo Municipal De Sopachuy,Bienes,CND1,Adquisicion De Productos Segundo Cupo Para Unidades Educativas Del Municipio De Sopachuy 2026 ,False,2026-10-01,2026-10-05,Vigente,Wilver Ramiro Carballo Caceres (Telf: 71161431),,Chuquisaca,Compro Hecho en Bolivia (D.S.4505)
26-1115-00-1693351-0-E,Gobierno Autonomo Municipal De Monteagudo,Bienes,EX,"Adquisicion De Insumos De Alimentacion Complementaria Escolar, Area Rural, Municipio De Monteagudo, Segundon Semestre, Gestion 2026",False,2026-10-01,,Contratado,Jeidy Mariela Quiroga Paniagua (Telf: 64688122),,Chuquisaca,NB-SABS (D.S.0181)
26-1117-00-1693557-1-1,Gobierno Autonomo Municipal De Tarabuco,Bienes,CM,"Adquisición De Reactivos E Insumos De Laboratorio Para El S.U.S, Del Municipio De Tarabuco, Tercer Trimestre - Gestión 2026.",False,2026-10-01,2026-10-05,Vigente,Severino Quispe Flores (Telf: 46936073),,Chuquisaca,NB-SABS (D.S.0181)
26-1201-00-1690137-0-E,Gobierno Autonomo Municipal De La Paz,Obras,CD,Asfaltado Y Obras Complementarias Calle 4 - Zona Jupapina,False,2026-10-01,,Contratado,Luis Rolando Espinoza Prado (Telf: 2650000),,La Paz,NB-SABS (D.S.0181)
26-1201-00-1693567-1-1,Gobierno Autonomo Municipal De La Paz,Bienes,CM,Adquisicion De Abrazaderas Metalicas Y Otros Para Huertos Escolares – Gestion 2026,False,2026-10-01,2026-10-06,Vigente,Patricia Fermina Bernabe Cocarico (Telf: 2650000),,La Paz,NB-SABS (D.S.0181)
26-1201-14-1693296-1-1,"Empresa Municipal De Areas Verde, Parques Y Forestacion - Emaverde",Bienes,CM,Compra De Pintura Al Oleo Para Diferentes Trabajos” Para El Proyecto Servicio De Revitalizacion De Areas Verdes Y Forestacion Subalcaldia I Cotahuma – Gestion 2026 Emv-2-2026,False,2026-10-01,2026-10-05,Vigente,Juan Carlos Flores Mallqui (Telf: 2-2411690 - 2-2411692),,La Paz,NB-SABS (D.S.0181)
26-1202-00-1693365-1-1,Gobierno Autonomo Municipal De Palca,Bienes,ANPE,Const. Empedrado De La Calle Amistad - Jorenko D. Ovejuyo (Adquisicion De Materiales),True,2026-10-01,2026-10-07,Vigente,Sofia Magali Usnayo Apaza (Telf: 73028516),,La Paz,NB-SABS (D.S.0181)
26-1202-00-1693366-1-1,Gobierno Autonomo Municipal De Palca,Servicios Generales,ANPE,Apertura De Caminos Comunidad Chinchaya (Alquiler De Maquinaria),True,2026-10-01,2026-10-07,Vigente,Sofia Magali Usnayo Apaza (Telf: 73028516),,La Paz,NB-SABS (D.S.0181)
26-1202-00-1693596-1-1,Gobierno Autonomo Municipal De Palca,Bienes,CND1,Const. De Aulas U.E. Karipo (Adquisicion De Materiales),False,2026-10-01,2026-10-05,Vigente,Sofia Magali Usnayo Apaza (Telf: 73028516),,La Paz,Compro Hecho en Bolivia (D.S.4505)
26-1202-00-1693605-1-1,Gobierno Autonomo Municipal De Palca,Servicios Generales,CM,Apertura De Vias Urb. San Silvestre (Alquiler De Maquinaria),False,2026-10-01,2026-10-06,Vigente,Sofia Magali Usnayo Apaza (Telf: 73028516),,La Paz,NB-SABS (D.S.0181)
26-1202-00-1693611-1-1,Gobierno Autonomo Municipal De Palca,Servicios Generales,CM,Apertura De Camino Zona Urujara D. Chuquiaguillo (Alquiler De Maquinaria),False,2026-10-01,2026-10-06,Vigente,Sofia Magali Usnayo Apaza (Telf: 73028516),,La Paz,NB-SABS (D.S.0181)
26-1205-00-1684959-2-1,Gobierno Autonomo Municipal De El Alto,Bienes,ANPE,Servicios De Salud Universal Y Gratuita - Sus (Adquisicion De Insumos De Gasometria Para El Hospital Municipal Modelo Corea),True,2026-10-01,2026-10-09,Vigente,Edwin Candido Chacon Quino (Telf: 2-837715),,La Paz,NB-SABS (D.S.0181)
26-1205-00-1691315-1-2,Gobierno Autonomo Municipal De El Alto,Bienes,ANPE,Mej. Sistema De Alumbrado Publico San Nicolas Churunique La Pampa D-8 (Adq. De Luminarias Con Tecnologia Led  Y Accesorios Para Alumbrado Público),True,2026-10-01,2026-10-08,Vigente,Marcelo Bernal Ajata Moroco (Telf: 2-837715),,La Paz,NB-SABS (D.S.0181)
26-1205-00-1691338-1-2,Gobierno Autonomo Municipal De El Alto,Bienes,ANPE,Mej. Sistema De Alumbrado Publico Victoria Ii D-8 (Adq. De Luminarias Con Tecnologia Led  Y Accesorios Para Alumbrado Público),True,2026-10-01,2026-10-08,Vigente,Marcelo Bernal Ajata Moroco (Telf: 2-837715),,La Paz,NB-SABS (D.S.0181)
26-1205-00-1691360-1-2,Gobierno Autonomo Municipal De El Alto,Bienes,ANPE,Mej. Sistema De Alumbrado Publico 18 De Diciembre D-8 (Adq. De Luminarias Con Tecnologia Led  Y Accesorios Para Alumbrado Público),True,2026-10-01,2026-10-08,Vigente,Marcelo Bernal Ajata Moroco (Telf: 2-837715),,La Paz,NB-SABS (D.S.0181)
26-1206-00-1682281-2-1,Gobierno Autonomo Municipal De Viacha,Obras,LP,Const. Sub Alcaldia Distrito 6 (Obra Gruesa),True,2026-10-01,2026-10-23,Vigente,Edson Royer Rodriguez Mendoza (Telf: 2800006 - 2800508),,La Paz,NB-SABS (D.S.0181)
26-1206-00-1692375-1-1,Gobierno Autonomo Municipal De Viacha,Bienes,ANPE,"Apoyo Al Servicio De Matadero Municipal, Seccional (Adquisición Trozadora De Carcasa)",True,2026-10-01,2026-10-08,Vigente,Grover Juvenal Pocoata Condori (Telf: 2800006 - 2800508),,La Paz,NB-SABS (D.S.0181)
26-1206-00-1693200-1-1,Gobierno Autonomo Municipal De Viacha,Bienes,CNC,Servicios De Salud Universal Y Gratuita - Sus (Adquisición De Medicamentos Para El Hospital De 2do Nivel Viacha - Segundo Semestre),True,2026-10-01,2026-10-07,Vigente,Fernando Fernandez Callisaya (Telf: 2800006 - 2800508),,La Paz,Compro Hecho en Bolivia (D.S.4505)
26-1206-00-1693277-1-1,Gobierno Autonomo Municipal De Viacha,Bienes,CNC,"Servicios De Salud Universal Y Gratuita - Sus (Adquisicion De Medicamentos: Acetil Cisteina, Metformina Y Otros Para El Hospital De 2do Nivel Viacha)",True,2026-10-01,2026-10-08,Vigente,Edson Royer Rodriguez Mendoza (Telf: 2800006 - 2800508),,La Paz,Compro Hecho en Bolivia (D.S.4505)
26-1206-00-1693283-1-1,Gobierno Autonomo Municipal De Viacha,Bienes,ANPE,"Const. Sistema De Alcantarillado Sanitario Y Pluvial Sector Este Z/Villa Elvira D-1 (Adquisición De Tuberías, Áridos Y Prefabricados)",True,2026-10-01,2026-10-08,Vigente,Jhanneth Suxo Mamani (Telf: 2800006 - 2800508),,La Paz,NB-SABS (D.S.0181)
26-1206-00-1693573-1-1,Gobierno Autonomo Municipal De Viacha,Bienes,CM,Const. Modulo Sanitario Com. Tacagua D-3 (Adq. Material De Ferretería Y Otros),False,2026-10-01,2026-10-06,Vigente,Erika Mendoza Canaviri (Telf: 2800006 - 2800508),,La Paz,NB-SABS (D.S.0181)
26-1208-00-1693561-1-1,Gobierno Autonomo Municipal De Tiahuanacu,Bienes,CM,Complementacion  Const. Proscenio U.E. Huacuyo- Comunidad Huacuyo (Adquisicion De Materiales De Construccion),False,2026-10-01,2026-10-06,Vigente,Vanessa Maria Paucara Diaz (Telf: 2895102),,La Paz,NB-SABS (D.S.0181)
26-1211-00-1693404-1-1,Gobierno Autonomo Municipal De Sicasica (Villa Aroma),Bienes,ANPE,Fortalecimiento Y Descripción De Acciones Para La Comunidad De Ayzacollo (Adquisición Semilla De Alfa Alfa Ranger Origen Americano,True,2026-10-01,2026-10-07,Vigente,Juan Marcelo Escobar Escobar (Telf: 77725300),,La Paz,NB-SABS (D.S.0181)
26-1221-00-1691818-1-1,Gobierno Autonomo Municipal De Colquiri,Obras,ANPP,Const. Tinglado U.E. Utavi – Villa Tujara,True,2026-10-01,2026-10-13,Vigente,Omar Fernando Roman Fernandez (Telf: 71848692),,La Paz,NB-SABS (D.S.0181)
26-1221-00-1693188-1-1,Gobierno Autonomo Municipal De Colquiri,Obras,ANPP,Const. Cerramiento Tinglado U.E. Chambiri -Villa Ancocota,True,2026-10-01,2026-10-13,Vigente,Omar Fernando Roman Fernandez (Telf: 71848692),,La Paz,NB-SABS (D.S.0181)
26-1224-00-1693618-1-1,Gobierno Autonomo Municipal De Achacachi,Bienes,CNC,Adquisicion De Medicamentos  Del Tercer Trimestre Para Los 18 Centros De Salud Del Municipio De Achacachi,True,2026-10-01,2026-10-07,Vigente,Freddy Apaza Cruz (Telf: 63805779 - 68710252),,La Paz,Compro Hecho en Bolivia (D.S.4505)
26-1226-00-1693613-1-1,Gobierno Autonomo Municipal De Sorata,Bienes,ANPE,Construccion Casa Cultural Com. Chejje (Adquisicion De Materiales),True,2026-10-01,2026-10-07,Vigente,Gabriela Rossy Vino Gonzales (Telf: 71569195),,La Paz,NB-SABS (D.S.0181)
26-1235-00-1692554-1-1,Gobierno Autonomo Municipal De Chuma,Bienes,CND1,Mantenimiento Infraestructura Sector Educacion Distrito Luquisani (U.E. Luquisani - Adquisicion De Materiales)(Chb),False,2026-10-01,2026-10-05,Vigente,Wilson Arcani Mallea (Telf: S/T),,La Paz,Compro Hecho en Bolivia (D.S.4505)
26-1235-00-1693496-1-1,Gobierno Autonomo Municipal De Chuma,Bienes,CND1,Mantenimiento Infraestructura Sector Educacion Distrito Luquisani (U.E. Mollopampa -Adquisicon De Materiales) (Chb),False,2026-10-01,2026-10-05,Vigente,Wilson Arcani Mallea (Telf: S/T),,La Paz,Compro Hecho en Bolivia (D.S.4505)
26-1235-00-1693503-1-1,Gobierno Autonomo Municipal De Chuma,Bienes,CND1,Mantenimiento Infraestructura Sector Educacion Distrito Chuma (U.E. Tahari - Adquisicion De Materiales)(Chb),False,2026-10-01,2026-10-05,Vigente,Wilson Arcani Mallea (Telf: S/T),,La Paz,Compro Hecho en Bolivia (D.S.4505)
26-1235-00-1693509-1-1,Gobierno Autonomo Municipal De Chuma,Bienes,CND1,Mantenimiento Infraestructura Sector Educacion Distrito Luquisani (U.E. Uripampa - Adquisicion De Materiales)(Chb),False,2026-10-01,2026-10-05,Vigente,Wilson Arcani Mallea (Telf: S/T),,La Paz,Compro Hecho en Bolivia (D.S.4505)
26-1235-00-1693586-1-1,Gobierno Autonomo Municipal De Chuma,Bienes,ANPE,Apoyo A La Produccion Huarata (Carpas Solares),True,2026-10-01,2026-10-07,Vigente,Wilson Arcani Mallea (Telf: S/T),,La Paz,NB-SABS (D.S.0181)
26-1236-00-1693469-1-1,Gobierno Autonomo Municipal De Ayata,Bienes,CNC,Adquisicion De Medicamentos E Insumos Para El Puesto De Salud  Upani,True,2026-10-01,2026-10-07,Vigente,Patricia Eliana Maldonado Alarcon (Telf: 73504609),,La Paz,Compro Hecho en Bolivia (D.S.4505)
26-1241-00-1686241-2-1,Gobierno Autonomo Municipal De Comanche,Bienes,CM,"Adquisicion De Equipo De Sonido, Amplificador Y Accesorios Para El Ejecutivo Municipal Del G.A.M. Comanche",False,2026-10-01,2026-10-06,Vigente,Beatriz Choquetarqui Condori (Telf: 73250602 -69912058),,La Paz,NB-SABS (D.S.0181)
26-1241-00-1693485-1-1,Gobierno Autonomo Municipal De Comanche,Bienes,ANPE,Adquisicion De Materiales Para La “Const. Casa Cultural Ayllu Originario Paacota - Comanche” (Segunda Fase),True,2026-10-01,2026-10-07,Vigente,Beatriz Choquetarqui Condori (Telf: 73250602 -69912058),,La Paz,NB-SABS (D.S.0181)
26-1246-00-1693274-1-1,Gobierno Autonomo Municipal De Puerto Acosta,Bienes,CM,Adq. De Materiales Construccion Casa Artesanal Comunidad Juppi Cotapata,False,2026-10-01,2026-10-05,Vigente,Hernan Henry Mamani Murga (Telf: 74093998),,La Paz,NB-SABS (D.S.0181)
26-1246-00-1693290-1-1,Gobierno Autonomo Municipal De Puerto Acosta,Bienes,CM,Adq. De Materiales De Construccion Campo Deportivo Comunidad Centro Belen,False,2026-10-01,2026-10-05,Vigente,Hernan Henry Mamani Murga (Telf: 74093998),,La Paz,NB-SABS (D.S.0181)
26-1246-00-1693330-1-1,Gobierno Autonomo Municipal De Puerto Acosta,Bienes,CM,Adq. De Materiales De Const. Letrinas Sanitarias Comunidad Jutipampa,False,2026-10-01,2026-10-05,Vigente,Hernan Henry Mamani Murga (Telf: 74093998),,La Paz,NB-SABS (D.S.0181)
26-1246-00-1693378-1-1,Gobierno Autonomo Municipal De Puerto Acosta,Bienes,CM,Adq. De Materiales Const. Letrinas Sanitarias Comunidad Totorani,False,2026-10-01,2026-10-05,Vigente,Hernan Henry Mamani Murga (Telf: 74093998),,La Paz,NB-SABS (D.S.0181)
26-1246-00-1693434-1-1,Gobierno Autonomo Municipal De Puerto Acosta,Bienes,CND1,Adq. De Materiales Para La Construcción De Letrinas Sanitarias Comunidad Llacharapi.,False,2026-10-01,2026-10-05,Vigente,Hernan Henry Mamani Murga (Telf: 74093998),,La Paz,Compro Hecho en Bolivia (D.S.4505)
26-1247-00-1692020-0-E,Gobierno Autonomo Municipal De Mocomoco,Obras,CD,Const. Tinglado U.E. Chiñisco,False,2026-10-01,,Contratado,Ivan Janz Candia Alcon (Telf: 73015153),,La Paz,NB-SABS (D.S.0181)
26-1248-00-1693221-1-1,Gobierno Autonomo Municipal De Carabuco,Bienes,ANPE,"Funcionamiento Sector Educativo (Adq. Material De Escritorio Para Dirección Distrital, Unidades Educativas Y Centros De Educación Del Municipio Puerto Mayor De Carabuco)",True,2026-10-01,2026-10-07,Vigente,Saul Chambi Condori (Telf: 72030800),,La Paz,NB-SABS (D.S.0181)
26-1248-00-1693261-1-1,Gobierno Autonomo Municipal De Carabuco,Obras,ANPP,Const. Casa Cultural Comunidad Matilde,True,2026-10-01,2026-10-13,Vigente,Saul Chambi Condori (Telf: 72030800),,La Paz,NB-SABS (D.S.0181)
26-1248-00-1693263-1-1,Gobierno Autonomo Municipal De Carabuco,Obras,ANPE,Mej. Cancha Polifuncional Con Cesped Sintetico Villa Molino,True,2026-10-01,2026-10-07,Vigente,Saul Chambi Condori (Telf: 72030800),,La Paz,NB-SABS (D.S.0181)
26-1248-00-1693268-1-1,Gobierno Autonomo Municipal De Carabuco,Bienes,CND1,Infraestructura Unidades Educativas - Seccional (Adq. Materiales De Construccion U. E. Ursula Goyzueta - Carabuco),False,2026-10-01,2026-10-05,Vigente,Saul Chambi Condori (Telf: 72030800),,La Paz,Compro Hecho en Bolivia (D.S.4505)
26-1248-00-1693451-1-1,Gobierno Autonomo Municipal De Carabuco,Obras,ANPE,Apert. De Camino Vecinal Copusquia A Qullpani,True,2026-10-01,2026-10-07,Vigente,Saul Chambi Condori (Telf: 72030800),,La Paz,NB-SABS (D.S.0181)
26-1248-00-1693517-1-1,Gobierno Autonomo Municipal De Carabuco,Obras,ANPE,Const. Muro Perimetral U. E. Quilima,True,2026-10-01,2026-10-07,Vigente,Saul Chambi Condori (Telf: 72030800),,La Paz,NB-SABS (D.S.0181)
26-1252-00-1692985-1-1,Gobierno Autonomo Municipal De Sapahaqui,Obras,ANPP,Remod. Integral Plaza Principal Sapahaqui -Fase 6,True,2026-10-01,2026-10-13,Vigente,David Flores Villca (Telf: 76224221),,La Paz,NB-SABS (D.S.0181)
26-1253-00-1692016-1-1,Gobierno Autonomo Municipal De Yaco,Bienes,CNC,Adquisición De Micronutrientes (Chispitas Nutricionales) Para Los Centros De Salud Del Municipio De Yaco - Gestión 2026 D.S. 4505,True,2026-10-01,2026-10-06,Vigente,Milenka Shakira Mita Guzman (Telf: 71884204),,La Paz,Compro Hecho en Bolivia (D.S.4505)
26-1259-00-1693520-1-1,Gobierno Autonomo Municipal De Palos Blancos,Bienes,ANPE,Adquisición De Materiales Eléctricos Para La Cancha De Futbol Urb. Nueva Alianza - Palos Blancos,True,2026-10-01,2026-10-08,Vigente,Giovana Poma Huiza (Telf: 74017906),,La Paz,NB-SABS (D.S.0181)
26-1261-00-1692842-1-1,Gobierno Autonomo Municipal De Pucarani,Bienes,ANPE,Mejoramiento Sistema De Agua Potable - Viruyo (Adq. De Tuberia),True,2026-10-01,2026-10-07,Vigente,Jimmy Armando Alvarez Luizaga (Telf: 2895164),,La Paz,NB-SABS (D.S.0181)
26-1261-00-1693092-1-1,Gobierno Autonomo Municipal De Pucarani,Obras,ANPP,Const. Muro Perimetral Cementerio Palcoco (Obra Delegada),True,2026-10-01,2026-10-13,Vigente,Jimmy Armando Alvarez Luizaga (Telf: 2895164),,La Paz,NB-SABS (D.S.0181)
26-1265-00-1690213-2-1,Gobierno Autonomo Municipal De Coroico,Bienes,ANPE,Const. Cetnro Cultural Femenino Yalaca (Adquisicion De Materiales),True,2026-10-01,2026-10-07,Vigente,Roxana Mamani Oliva (Telf: 72433394),,La Paz,NB-SABS (D.S.0181)
26-1265-00-1693347-1-1,Gobierno Autonomo Municipal De Coroico,Bienes,CND1,Construccion Centro Cultural Comunidad Villa Ascencion (Adq. De Materiales),False,2026-10-01,2026-10-05,Vigente,Roxana Mamani Oliva (Telf: 72433394),,La Paz,Compro Hecho en Bolivia (D.S.4505)
26-1265-00-1693350-1-1,Gobierno Autonomo Municipal De Coroico,Bienes,CND1,Const. Sistema De Agua Potable Comunidad San Jose De Suapi (Adquisicion De Materiales),False,2026-10-01,2026-10-05,Vigente,Roxana Mamani Oliva (Telf: 72433394),,La Paz,Compro Hecho en Bolivia (D.S.4505)
26-1265-00-1693353-1-1,Gobierno Autonomo Municipal De Coroico,Bienes,CND1,Construccion Centro Cultural Femenino San Jose Dellojeta (Adquisicion De Materiales),False,2026-10-01,2026-10-05,Vigente,Roxana Mamani Oliva (Telf: 72433394),,La Paz,Compro Hecho en Bolivia (D.S.4505)
26-1265-00-1693356-1-1,Gobierno Autonomo Municipal De Coroico,Bienes,CND1,Const. Centro Cultural Femenino Comunidad Glorieta (Adquisicion De Materiales),False,2026-10-01,2026-10-05,Vigente,Roxana Mamani Oliva (Telf: 72433394),,La Paz,Compro Hecho en Bolivia (D.S.4505)
26-1269-00-1693423-1-1,Gobierno Autonomo Municipal De General Juan Jose Perez (Charazani),Bienes,CND1,Const. Vivienda Para Maestros U.E. Wara Warani,False,2026-10-01,2026-10-05,Vigente,Fidelia Yanahuaya Chalco (Telf: ----),,La Paz,Compro Hecho en Bolivia (D.S.4505)
26-1269-00-1693493-1-1,Gobierno Autonomo Municipal De General Juan Jose Perez (Charazani),Bienes,CND1,Const. Galpon De Taller Mecanico U.E. Chullina (Adq. De Materiales),False,2026-10-01,2026-10-05,Vigente,Fidelia Yanahuaya Chalco (Telf: ----),,La Paz,Compro Hecho en Bolivia (D.S.4505)
26-1271-00-1692672-1-1,Gobierno Autonomo Municipal De San Pedro De Curahuara,Servicios Generales,ANPE,"Planimetría De Las Comunidades De Chojña, Janko Marca, Jalsuri, Kari Y San Pedro De Curahuara (Servicios Generales)",True,2026-10-01,2026-10-07,Vigente,Abel Alejandro Mamani Gutierrez (Telf: 75411778 - 79109109),,La Paz,NB-SABS (D.S.0181)
26-1274-00-1693101-1-1,Gobierno Autonomo Municipal De Santiago De Machaca,Consultoria,OF,Auditoria De Proyectos De Inversión Publica – (Auditoria Externa Del Proyecto: “Construcción Puente Vehicular Kullqu Jawira Comunidad Ichocata Del Municipio De Santiago De Machaca”),False,2026-10-01,2026-10-15,Vigente,Maria Isabel Quispe Sullca (Telf: 71911738),,La Paz,Otra Normativa especifica nacional
26-1282-00-1693222-1-1,Gobierno Autonomo Municipal De Santiago De Huata,Bienes,ANPE,Adquisicion De Materiales De Construccion Para El Proyecto :Const.Enlosetado Camino Vecinal Jurithi Comunidad Chuquiñapi,False,2026-10-01,2026-10-07,Vigente,Adan Callisaya Mena (Telf: 71204823),,La Paz,NB-SABS (D.S.0181)
26-1282-00-1693262-1-1,Gobierno Autonomo Municipal De Santiago De Huata,Bienes,ANPE,Adquisición De Materiales – Construcción Casa Artesanal  - Comunidad Saquena (Obra Fina),False,2026-10-01,2026-10-07,Vigente,Adan Callisaya Mena (Telf: 71204823),,La Paz,NB-SABS (D.S.0181)
26-1287-00-1693406-1-1,Gobierno Autonomo Municipal De Chua Cocani,Obras,CM,Apertura De Camino Com. Visalaya Alta,False,2026-10-01,2026-10-06,Vigente,Hernan Villazante Soldado (Telf: 67040200),,La Paz,NB-SABS (D.S.0181)
26-1301-00-1692869-1-1,Gobierno Autonomo Municipal De Cochabamba,Bienes,ANPE,"Provision De Arena Fina Y Agregados Diam 1/2 Y 3/8 Dist. 3, 4, 9",True,2026-10-01,2026-10-07,Vigente,Elmer Coca Rodriguez (Telf: 4258103- 4425810-4258030),,Cochabamba,NB-SABS (D.S.0181)
26-1301-00-1693409-1-1,Gobierno Autonomo Municipal De Cochabamba,Bienes,CM,Trofeos,False,2026-10-01,2026-10-05,Vigente,Jimmy Alex Quispe Quispe (Telf: 4258103- 4425810-4258030),,Cochabamba,NB-SABS (D.S.0181)
26-1301-00-1693427-1-1,Gobierno Autonomo Municipal De Cochabamba,Bienes,CM,Medallas,False,2026-10-01,2026-10-05,Vigente,Danner Gonzalo Bustamante Rojas (Telf: 4258103- 4425810-4258030),,Cochabamba,NB-SABS (D.S.0181)
26-1301-00-1693452-1-1,Gobierno Autonomo Municipal De Cochabamba,Bienes,CM,Papel Bond 75 Gr Tamaño Carta Y Oficio - Secretaria General,False,2026-10-01,2026-10-05,Vigente,Jorge Israel Amurrio Ortiz (Telf: 4258103- 4425810-4258030),,Cochabamba,NB-SABS (D.S.0181)
26-1301-00-1693480-1-1,Gobierno Autonomo Municipal De Cochabamba,Bienes,CND1,Adquisicion Equipo De Computacion (000-0000-102),False,2026-10-01,2026-10-05,Vigente,Richard Stevens Mendoza Casazola (Telf: 4258103- 4425810-4258030),,Cochabamba,Compro Hecho en Bolivia (D.S.4505)
26-1301-00-1693484-1-1,Gobierno Autonomo Municipal De Cochabamba,Servicios Generales,ANPP,Contratacion De Servicios Para La Prevencion De Emergencias Y Desastres Naturales Zona Oeste,True,2026-10-01,2026-10-13,Vigente,Andrea Mildred Chavarria Mejia (Telf: 4258103- 4425810-4258030),,Cochabamba,NB-SABS (D.S.0181)
26-1301-00-1693486-1-1,Gobierno Autonomo Municipal De Cochabamba,Bienes,ANPE,"Provision De Material Capa Base Y Sub Base Dist. 3, 4, 9",True,2026-10-01,2026-10-07,Vigente,Rodrigo Jose Lara Estivariz (Telf: 4258103- 4425810-4258030),,Cochabamba,NB-SABS (D.S.0181)
26-1301-00-1693499-1-1,Gobierno Autonomo Municipal De Cochabamba,Servicios Generales,ANPP,Contratacion De Servicios Para La Prevencion De Emergencias Y Desastres Naturales Zona Este,True,2026-10-01,2026-10-13,Vigente,Diego Adrian Uriona Ajhuacho (Telf: 4258103- 4425810-4258030),,Cochabamba,NB-SABS (D.S.0181)
26-1302-00-1691819-0-E,Gobierno Autonomo Municipal De Quillacollo,Obras,CD,Mantenimiento U.E. Heroinas - Teresa Urquidi D-2,False,2026-10-01,,Contratado,Jaime Ramiro Cahuana Aquino (Telf: 4260338-79788572),,Cochabamba,NB-SABS (D.S.0181)
26-1302-00-1693581-1-1,Gobierno Autonomo Municipal De Quillacollo,Servicios Generales,CM,Servicio De Mantenimiento Del Sistema De Suspencion Y Sistema De Frenos De La Volqueta Con Placa 5996 Afy De La Empresa Municipal De Aseo Quillacollo E.M.A.Q.,False,2026-10-01,2026-10-06,Vigente,Tania Castillo Rodriguez (Telf: 4260338-79788572),,Cochabamba,NB-SABS (D.S.0181)
26-1302-00-1693598-1-1,Gobierno Autonomo Municipal De Quillacollo,Bienes,CM,"“Compra De Repuestos Y Accesorios Para El Mantenimiento Correctivo De La Camioneta Toyota Hilux 2459-Pzb Del Hospital Dr. Benigno Sanchez Gestion 2026""",False,2026-10-01,2026-10-06,Vigente,Tania Castillo Rodriguez (Telf: 4260338-79788572),,Cochabamba,NB-SABS (D.S.0181)
26-1302-00-1693617-1-1,Gobierno Autonomo Municipal De Quillacollo,Bienes,CM,"Const. Pavimento Rigido Calle San Martin De Calle Los Angeles A Calle Innominada Otb San Ildefonso D-2 (Compra De Materiales Lotes Declarados Desiertos 1, 2 Y 3)",False,2026-10-01,2026-10-06,Vigente,Tania Castillo Rodriguez (Telf: 4260338-79788572),,Cochabamba,NB-SABS (D.S.0181)
26-1304-00-1691836-1-1,Gobierno Autonomo Municipal De Tiquipaya,Bienes,CM,Compra De Alimentos Frescos Verduras Y Derivados De Lacteos Para El Servicio De Alimentación Del Hospital Tiquipaya Y Centros De Salud Distrito 5 Gestión 2026,False,2026-10-01,2026-10-07,Vigente,Milenka Celina Lazarte Vocal (Telf: 4315363 - 79761072),,Cochabamba,NB-SABS (D.S.0181)
26-1304-00-1693329-1-1,Gobierno Autonomo Municipal De Tiquipaya,Bienes,CND1,Const.  Parque Khora D-4 Tiquipaya Nor Este (Compra De Cemento Y Tuberia),False,2026-10-01,2026-10-05,Vigente,Carla Lucia Yanarico Arroyo (Telf: 4315363 - 79761072),,Cochabamba,Compro Hecho en Bolivia (D.S.4505)
26-1304-00-1693462-1-1,Gobierno Autonomo Municipal De Tiquipaya,Bienes,CM,Compra De Material De Escritorio Hojas Bond Tamaño Carta Y Oficio Para El Hospital De Tiquipaya Y Centros De Salud,False,2026-10-01,2026-10-07,Vigente,Milenka Celina Lazarte Vocal (Telf: 4315363 - 79761072),,Cochabamba,NB-SABS (D.S.0181)
26-1306-00-1692351-1-1,Gobierno Autonomo Municipal De Colcapirhua,Bienes,CND1,Adquisicion De Material Para Contrapiso De Cemento Aula De Soldadura U.E. Max Fernandez ( Adquisicion De Cemento),False,2026-10-01,2026-10-06,Vigente,Maria Rene Mariscal Apaza (Telf: 4269985),,Cochabamba,Compro Hecho en Bolivia (D.S.4505)
26-1306-00-1693620-1-1,Gobierno Autonomo Municipal De Colcapirhua,Bienes,ANPE,Adquisición De Mobiliario Escolar Pupitres Metálicos Unipersonales Segunda Entrega Para Las Unidades Educativas Del Municipio De Colcapirhua,True,2026-10-01,2026-10-08,Vigente,Maria Rene Mariscal Apaza (Telf: 4269985),,Cochabamba,NB-SABS (D.S.0181)
26-1307-00-1693475-1-1,Gobierno Autonomo Municipal De Aiquile,Bienes,CNC,Adquisición De Tubería Para Apoyo Al Proyecto Construcción Sistema De Agua Potable Villa Granado-Cedesco,True,2026-10-01,2026-10-06,Vigente,Sonia Cardozo Rodriguez (Telf: 4343303-4343100),,Cochabamba,Compro Hecho en Bolivia (D.S.4505)
26-1310-00-1693359-0-E,Gobierno Autonomo Municipal De Ayopaya (Villa De Independencia),Obras,EX,"Construcción Casa Artesanal Sub Central Vilacota D-9 (Ventanas, Puertas Y Vaciado De Piso De Hormigón Planta Baja)",False,2026-10-01,,Contratado,Abel Munoz Guarachi (Telf: 010-44136192  4-4500615),,Cochabamba,NB-SABS (D.S.0181)
26-1311-00-1693604-1-1,Gobierno Autonomo Municipal De Morochata,Servicios Generales,ANPE,Mantenimiento Y Reparación De La Retroexcavadora John Deere 310l,True,2026-10-01,2026-10-08,Vigente,Cristobal Zegarra Chura (Telf: 67405759),,Cochabamba,NB-SABS (D.S.0181)
26-1312-00-1691775-0-E,Gobierno Autonomo Municipal De Sacaba,Obras,EX,Mej. Unidad Educativa Ichucollo Distrito Palca (Obra Fina Y Sist. Abastecimiento De Agua) - Por Excepción,False,2026-10-01,,Contratado,Alejandro Cabrera Apaza (Telf: 4702301),,Cochabamba,NB-SABS (D.S.0181)
26-1312-00-1692602-1-1,Gobierno Autonomo Municipal De Sacaba,Servicios Generales,ANPE,Mantenimiento Y Mejoramiento Centros Productivos Distrito 1 (Otb Chimboco Alto - Construcción Infraestructura Pozo),True,2026-10-01,2026-10-08,Vigente,Arminda Cossio Olivera (Telf: 4702301),,Cochabamba,NB-SABS (D.S.0181)
26-1312-00-1692850-1-1,Gobierno Autonomo Municipal De Sacaba,Servicios Generales,ANPE,"Unidad De Genero Generacional Y Familia (Contratacion De Servicios De Capacitacion En Reposteria, Gastronomia, Costura Y Tejido A Maquina Para Los Centros Municipales)",False,2026-10-01,2026-10-08,Vigente,Alejandro Cabrera Apaza (Telf: 4702301),,Cochabamba,NB-SABS (D.S.0181)
26-1314-00-1693564-1-1,Gobierno Autonomo Municipal De Villa Tunari,Bienes,CM,"Compra De Equipo Electrocardiógrafo Para Pacientes Que Son Atendidos En El H.S.F.A. Con El Sistema Unico De Salud Sus Ley 1152""Compra Menor N° 078/2026""",False,2026-10-01,2026-10-05,Vigente,Daniel Montaño Vallejos (Telf: 44136521 ),,Cochabamba,NB-SABS (D.S.0181)
26-1314-00-1693574-1-1,Gobierno Autonomo Municipal De Villa Tunari,Bienes,ANPE,Anpe 083-2026 Provision De Material Agregados Para Mejoramiento De Caminos Chipiriri D2,True,2026-10-01,2026-10-07,Vigente,Silber Soto Mamani (Telf: 44136521 ),,Cochabamba,NB-SABS (D.S.0181)
26-1314-00-1693579-1-1,Gobierno Autonomo Municipal De Villa Tunari,Bienes,CM,Adquisición De Materiales De Tubería Y Accesorios Para La Provisión De Agua A La Planta Lavadora De Áridos Y Agregados G.A.M. De Villa Tunari Compra Menor N° 080/2026,False,2026-10-01,2026-10-05,Vigente,Daniel Montaño Vallejos (Telf: 44136521 ),,Cochabamba,NB-SABS (D.S.0181)
26-1314-00-1693589-1-1,Gobierno Autonomo Municipal De Villa Tunari,Bienes,CM,Adquisicion De Un Equipo De Computación Para La Dirección De Planificación Y Seguimiento Del Ga.M. De Villa Tunari,False,2026-10-01,2026-10-05,Vigente,Daniel Montaño Vallejos (Telf: 44136521 ),,Cochabamba,NB-SABS (D.S.0181)
26-1316-00-1692524-1-1,Gobierno Autonomo Municipal De Villa Rivero,Bienes,CM,Adquisición De Medicamentos Sistema Unico De Salud (Sus) Gestión 2026 (Segundo Semestre Para El Municipio De Villa Rivero (Items Declarados Desiertos),False,2026-10-01,2026-10-05,Vigente,Vanessa Alvarez Terrazas (Telf: 4570608),,Cochabamba,NB-SABS (D.S.0181)
26-1316-00-1693549-1-1,Gobierno Autonomo Municipal De Villa Rivero,Bienes,CM,Lamparas Decorativas Led Para La Plaza Principal De Villa Rivero,False,2026-10-01,2026-10-05,Vigente,Ismael Franz Gutierrez Bracamonte (Telf: 4570608),,Cochabamba,NB-SABS (D.S.0181)
26-1319-00-1693332-1-1,Gobierno Autónomo Municipal Villa Gualberto Villarroel,Bienes,CM,"Adquisición De Medicamentos E Insumos (Servicios De Salud Universal Y Gratuita – Sus) – Gestión 2026, Declarados Desiertos Con Cuce 26-1319-00-1673778-1-1",False,2026-10-01,2026-10-05,Vigente,Lisbania Ponce Ricaldez (Telf: 4570544),,Cochabamba,NB-SABS (D.S.0181)
26-1324-00-1693560-1-1,Gobierno Autonomo Municipal De Cliza,Bienes,ANPE,"Adquisicion De Medicamentos Para El Seguro Universal De Salud (Sus) - La Ley Nº 1152, Según El D.S. Nº0181- Segundo Semestre Gestión 2026",True,2026-10-01,2026-10-07,Vigente,Elizabeth Colque Mamani (Telf: 4575029 - 4575448),,Cochabamba,NB-SABS (D.S.0181)
26-1325-00-1693065-1-1,Gobierno Autonomo Municipal De Toco,Bienes,CM,"Compra Micronutrientes  (Chispitas), Para El Centro De Salud Integral De Toco 2026",False,2026-10-01,2026-10-05,Vigente,Juan Carlos Torres Ojeda (Telf: 4574179),,Cochabamba,NB-SABS (D.S.0181)
26-1328-00-1693444-1-1,Gobierno Autonomo Municipal De Santivanez,Bienes,CND1,Adquisicion De Material Deportivo Y Recreativo Para El Municipio De Santivañez De La Gestion 2026,False,2026-10-01,2026-10-08,Vigente,Jhamyl Mamani Condori (Telf: 4780041),,Cochabamba,Compro Hecho en Bolivia (D.S.4505)
26-1335-00-1693276-0-E,Gobierno Autonomo Municipal De Puerto Villarroel,Servicios Generales,CD,Contrato Administrativo Para La Prestación Del Servicio Contratación De Los Servicios De Un Medio De Comunicación Radial Local,False,2026-10-01,,Contratado,Deysi Indalicio Urey (Telf: 44136281),,Cochabamba,NB-SABS (D.S.0181)
26-1337-00-1693308-1-1,Gobierno Autonomo Municipal De Vacas,Obras,CM,Pintado Ambiente Sala Rayos X Del Centro De Salud Municipal De Vacas (Revoque Con Baritina Y Pintado),False,2026-10-01,2026-10-06,Vigente,Daniel Santiago  Montenegro (Telf: 72713533),,Cochabamba,NB-SABS (D.S.0181)
26-1337-00-1693320-1-1,Gobierno Autonomo Municipal De Vacas,Bienes,CM,Compra Materia Prima E Insumos Para La Planta Agroindustrial De Granos,False,2026-10-01,2026-10-06,Vigente,Daniel Santiago  Montenegro (Telf: 72713533),,Cochabamba,NB-SABS (D.S.0181)
26-1337-00-1693483-1-1,Gobierno Autonomo Municipal De Vacas,Bienes,ANPE,Compra De Complemento Nutricional “Carmelo”),True,2026-10-01,2026-10-07,Vigente,Daniel Santiago  Montenegro (Telf: 72713533),,Cochabamba,NB-SABS (D.S.0181)
26-1347-00-1691933-1-2,Gobierno Autonomo Municipal De Shinahota,Consultoria,ANPP,"Contratacion De Servicio De Revaluó Técnico De Activos Fijos Muebles, Inmuebles, Vehículos Livianos Y Maquinaria Pesada Del Gobierno Autonomo Municipal De Shinahota.",False,2026-10-01,2026-10-14,Vigente,Mery Solis Armas (Telf: 44136409-67402279),,Cochabamba,NB-SABS (D.S.0181)
26-1347-00-1693424-1-1,Gobierno Autonomo Municipal De Shinahota,Bienes,CNC,Segunda Adquisicion Del Complemento Nutricional Para El Adulto Mayor (Carmelo) Para El Municipio De Shinahota,True,2026-10-01,2026-10-08,Vigente,Mery Solis Armas (Telf: 44136409-67402279),,Cochabamba,Compro Hecho en Bolivia (D.S.4505)
26-1401-03-1693292-1-1,Secretaria Municipal De Salud Integral Y Deportes,Bienes,ANPP,"Adquisicion De Reactivos, Insumos Odontologicos Y Medicamentos Segundo Semestre Gestion 2026 Para El Centro De Salud Santa Lucia",True,2026-10-01,2026-10-14,Vigente,Lizet Karen Humerez Acebo (Telf: 52-55796),,Oruro,NB-SABS (D.S.0181)
26-1401-03-1693482-1-1,Secretaria Municipal De Salud Integral Y Deportes,Bienes,CNC,Adquisicion De Medicamentos  Segundo Pedido  Semestral  De Acuerdo Al D.S. 4505  Para El Centro De Salud Pumas  Andinos ,True,2026-10-01,2026-10-07,Vigente,Lizet Karen Humerez Acebo (Telf: 52-55796),,Oruro,Compro Hecho en Bolivia (D.S.4505)
26-1401-03-1693534-1-1,Secretaria Municipal De Salud Integral Y Deportes,Bienes,CM,Adquisicion De Material De Limpieza E Higiene Tercer Trimestre Gestion 2026 D.S.0181 Para El Centro De Salud Candelaria,False,2026-10-01,2026-10-06,Vigente,Erika Flores Mamani (Telf: 52-55796),,Oruro,NB-SABS (D.S.0181)
26-1403-00-1693380-1-1,Gobierno Autonomo Municipal De El Choro,Bienes,CM,Adquisición  De Medicamentos  Veterinarios Para La Realización De La Campaña De Sanidad  Animal En El Municipio  De El Choro 2026 Fase Ii,False,2026-10-01,2026-10-05,Vigente,Martin Hernan Choque Cosme (Telf: 67250402),,Oruro,NB-SABS (D.S.0181)
26-1404-00-1693515-1-1,Gobierno Autonomo Municipal De Challapata,Bienes,CM,Fortalecimiento Municipal Challapata (Adquisición De Materiales Para El Mejoramiento Del Sistema Hidrosanitario Del Centro De Salud San Juan Bautista),False,2026-10-01,2026-10-06,Vigente,Simeon Chambi Flores (Telf: 5572250),,Oruro,NB-SABS (D.S.0181)
26-1404-00-1693590-1-1,Gobierno Autonomo Municipal De Challapata,Bienes,CM,Fortalecimiento Sub Alcaldia Culta - Adquisición De Equipos De Computación Para El Area Tecnica,False,2026-10-01,2026-10-06,Vigente,Simeon Chambi Flores (Telf: 5572250),,Oruro,NB-SABS (D.S.0181)
26-1414-00-1679563-2-2,Gobierno Autonomo Municipal De Corque,Bienes,ANPE,Implementación De Cercos Y Alambrado Com. Laca Laca Quita Quita (Adquisición De Materiales Para Cerco),True,2026-10-01,2026-10-07,Vigente,Jimena Ely Colque Canqui (Telf: 72477820),,Oruro,NB-SABS (D.S.0181)
26-1414-00-1693172-1-1,Gobierno Autonomo Municipal De Corque,Obras,ANPP,Const. Comedor Y Cocina Unidad Educativa Comunidad Andapata Lupe,True,2026-10-01,2026-10-13,Vigente,Jimena Ely Colque Canqui (Telf: 72477820),,Oruro,NB-SABS (D.S.0181)
26-1414-00-1693556-1-1,Gobierno Autonomo Municipal De Corque,Bienes,CNC,Implementación De Corrales Móviles Para Prod. Integral Com. Villa Esperanza (Adq. Materiales),True,2026-10-01,2026-10-06,Vigente,Jimena Ely Colque Canqui (Telf: 72477820),,Oruro,Compro Hecho en Bolivia (D.S.4505)
26-1414-00-1693621-1-1,Gobierno Autonomo Municipal De Corque,Bienes,ANPE,Implementación De Cercos Y Alambrado Com. Pichacani (Adquisición De Materiales Para Cerco),True,2026-10-01,2026-10-07,Vigente,Jimena Ely Colque Canqui (Telf: 72477820),,Oruro,NB-SABS (D.S.0181)
26-1415-00-1693555-1-1,Gobierno Autonomo Municipal De Choque Cota,Servicios Generales,CM,Mantenimiento De Camino Vecinal De Choquecota - Romero Huma,False,2026-10-01,2026-10-06,Vigente,Rene Tapia Benavides (Telf: 70437636),,Oruro,NB-SABS (D.S.0181)
26-1423-00-1693259-1-1,Gobierno Autonomo Municipal De Toledo,Bienes,ANPE,Adquisición De Medicamentos Veterinarios E Insumos Para La Campaña De Sanidad Animal Del Municipio De Toledo - Gestión 2026,True,2026-10-01,2026-10-07,Vigente,Edson Abel Zena Gutierrez (Telf: 74140145),,Oruro,NB-SABS (D.S.0181)
26-1423-00-1693260-1-1,Gobierno Autonomo Municipal De Toledo,Bienes,ANPE,"Adquisición De Equipamiento, Herramientas Y Materiales Para El Taller De Mecánica Automotriz De La U.E. Nacional De Toledo – Gestión 2026",True,2026-10-01,2026-10-07,Vigente,Edson Abel Zena Gutierrez (Telf: 74140145),,Oruro,NB-SABS (D.S.0181)
26-1501-00-1687664-2-1,Gobierno Autonomo Municipal De Potosi,Bienes,ANPE,Adquisición De Grabador Nvr Y Discos Duros Hdd Para El Fortalecimiento (Cadi) Del Municipio De Potosí - Seguridad Ciudadana Md.,True,2026-10-01,2026-10-08,Vigente,Erick Roger Peredo Cabrera (Telf: 26226200),,Potosi,NB-SABS (D.S.0181)
26-1501-00-1693430-1-1,Gobierno Autonomo Municipal De Potosi,Bienes,LP,Adquisición De Camionetas - Equipamiento De Maquinaria Y Equipo Pesado Y Liviano,True,2026-10-01,2026-10-23,Vigente,Erick Roger Peredo Cabrera (Telf: 26226200),,Potosi,NB-SABS (D.S.0181)
26-1501-00-1693550-1-1,Gobierno Autonomo Municipal De Potosi,Bienes,CM,Adquisición De Agregados Para Const. Pavimento Rígido Avenida A Calle La Plata J.V. San Juan Jesus De Machaca D-1,False,2026-10-01,2026-10-06,Vigente,Danitza Miriam Melo Coronado (Telf: 26226200),,Potosi,NB-SABS (D.S.0181)
26-1501-05-1693289-1-1,Dirección Técnica Municipal De Salud,Bienes,CNC,Adquisicion De Medicamentos Para Segundo Semestre De La Gestion 2026 Solicitado Por La Unidad De Farmacia Del Centro De Salud Villa Venezuela,True,2026-10-01,2026-10-06,Vigente,Daria Bravo Flores (Telf: 2 6231337),,Potosi,Compro Hecho en Bolivia (D.S.4505)
26-1501-05-1693368-1-1,Dirección Técnica Municipal De Salud,Bienes,CM,Adquisicion De Insumos Odontologicos Para El Centro De Salud Villa Colon - Servicios De Atencion Gratuito Sus,False,2026-10-01,2026-10-06,Vigente,Karla Carvajal Villa (Telf: 2 6231337),,Potosi,NB-SABS (D.S.0181)
26-1501-05-1693456-1-1,Dirección Técnica Municipal De Salud,Bienes,CM,Adquisicion De Insumos Para El Hospital Madre Teresa De Calcuta,False,2026-10-01,2026-10-06,Vigente,Karla Carvajal Villa (Telf: 2 6231337),,Potosi,NB-SABS (D.S.0181)
26-1501-05-1693474-1-1,Dirección Técnica Municipal De Salud,Bienes,CM,Contratacion De Servicios De Material De Imprenta Para El Servicio De Almacenes Del Hospital Madre Teresa De Calcuta,False,2026-10-01,2026-10-06,Vigente,Karla Carvajal Villa (Telf: 2 6231337),,Potosi,NB-SABS (D.S.0181)
26-1502-00-1683832-1-2,Gobierno Autonomo Municipal De Tinguipaya,Servicios Generales,CM,Contratacion Transporte Escolar Tramo Challamayu - Anthura,False,2026-10-01,2026-10-06,Vigente,Evil Gildo Martinez Colque (Telf: 2-6136235),,Potosi,NB-SABS (D.S.0181)
26-1502-00-1693264-1-1,Gobierno Autonomo Municipal De Tinguipaya,Obras,LP,Const. Centro De Salud Tuisuri,True,2026-10-01,2026-10-22,Vigente,Evil Gildo Martinez Colque (Telf: 2-6136235),,Potosi,NB-SABS (D.S.0181)
26-1502-00-1693530-1-1,Gobierno Autonomo Municipal De Tinguipaya,Bienes,CND1,Adquisicion De Materiales De Construccion (Mantenimiento Unidad Educativa Saltu Pampa),False,2026-10-01,2026-10-05,Vigente,Jose Luis Fuentes Cayo (Telf: 2-6136235),,Potosi,Compro Hecho en Bolivia (D.S.4505)
26-1505-00-1693278-0-E,Gobierno Autonomo Municipal De Uncia,Servicios Generales,CD,Promocion Y Conservacion Cultura Y Turismo (Grupo Musical Festividad Arcangel San Miguel),False,2026-10-01,,Contratado,Miguel Angel Meneses Sierra (Telf: 2-5820616),,Potosi,NB-SABS (D.S.0181)
26-1505-00-1693286-0-E,Gobierno Autonomo Municipal De Uncia,Servicios Generales,CD,Promocion Y Conservacion Cultura Y Turismo (Equipo De Sonido Festividad Arcangel San Miguel),False,2026-10-01,,Contratado,Miguel Angel Meneses Sierra (Telf: 2-5820616),,Potosi,NB-SABS (D.S.0181)
26-1505-00-1693352-0-E,Gobierno Autonomo Municipal De Uncia,Bienes,CM,Servicio De Salud Universal Y Gratuita Sus-(Adq. Material De Escritorio),False,2026-10-01,,Contratado,Miguel Angel Meneses Sierra (Telf: 2-5820616),,Potosi,NB-SABS (D.S.0181)
26-1505-00-1693403-0-E,Gobierno Autonomo Municipal De Uncia,Bienes,CM,Servicio De Salud Universal Y Gratuita-Sus (Adq. Material De Limpieza),False,2026-10-01,,Contratado,Miguel Angel Meneses Sierra (Telf: 2-5820616),,Potosi,NB-SABS (D.S.0181)
26-1506-00-1691260-1-1,Gobierno Autonomo Municipal De Chayanta,Bienes,CNC,Adquisicion De Alimento  Complementario (Nutribebe) Para Niños De 2 (Dos) Gestion 2026,True,2026-10-01,2026-10-09,Vigente,Shayrik Santiago Zabala Choque (Telf: -),,Potosi,Compro Hecho en Bolivia (D.S.4505)
26-1508-00-1693543-1-1,Gobierno Autonomo Municipal De Betanzos,Bienes,ANPE,"Servicios De Salud Universal Y Gratuita - Sus - ""Adquisición De Medicamentos""",True,2026-10-01,2026-10-08,Vigente,Rene Duran Quecaño (Telf: 6279032),,Potosi,NB-SABS (D.S.0181)
26-1508-00-1693577-1-1,Gobierno Autonomo Municipal De Betanzos,Bienes,CNC,"Adquisición De Equipos De Computación Para El ""Bachillerato Técnico Humanístico""",True,2026-10-01,2026-10-07,Vigente,Rene Duran Quecaño (Telf: 6279032),,Potosi,Compro Hecho en Bolivia (D.S.4505)
26-1517-00-1688229-2-1,Gobierno Autonomo Municipal De Cotagaita,Bienes,ANPE,Adquisición De Material Deportivo E Incentivos Para Los Iv Juegos Deportivos Estudiantiles De Nivel Primario Y Secundario Del Municipio De Cotagaita,True,2026-10-01,2026-10-07,Vigente,Vladimir Santos Barroso Ricalde (Telf: 06949155),,Potosi,NB-SABS (D.S.0181)
26-1517-00-1693599-1-1,Gobierno Autonomo Municipal De Cotagaita,Bienes,CND1,"Adquisicion De Cemento Para La Refaccion Y Mejoramiento  De Infraestructura Deportiva De La Unidad Educativa 27 De Octubre, Comunidad Falsuri Y Barrio Bella Vista ",False,2026-10-01,2026-10-05,Vigente,Willy Ever Aramayo Vidaurre (Telf: 06949155),,Potosi,Compro Hecho en Bolivia (D.S.4505)
26-1519-00-1693293-1-1,Gobierno Autonomo Municipal De Tupiza,Bienes,CND1,Adquisición De Material De Limpieza Para La Red Municipal Safci Tupiza,False,2026-10-01,2026-10-06,Vigente,Maximo Roman Ramos (Telf: 26943926 / 26942304),,Potosi,Compro Hecho en Bolivia (D.S.4505)
26-1519-00-1693345-1-1,Gobierno Autonomo Municipal De Tupiza,Bienes,CND1,Adquisicion De Material De Limpieza Para La Dirección De Salud,False,2026-10-01,2026-10-06,Vigente,Maximo Roman Ramos (Telf: 26943926 / 26942304),,Potosi,Compro Hecho en Bolivia (D.S.4505)
26-1519-00-1693357-1-1,Gobierno Autonomo Municipal De Tupiza,Bienes,CND1,Adquisición De Mobiliario Para El Equipamiento De La Casa De Acogida Del Gamt Gestión 2026,False,2026-10-01,2026-10-06,Vigente,Maximo Roman Ramos (Telf: 26943926 / 26942304),,Potosi,Compro Hecho en Bolivia (D.S.4505)
26-1519-00-1693540-1-1,Gobierno Autonomo Municipal De Tupiza,Consultoria,ANPP,"Revalorización Técnica De Activos Fijos (Inventariación, Codificación, Revalúo Técnico De Activos Fijos Y Actualización De La Base De Datos Al Sistema Vsiaf Del Gobierno Autónomo Municipal De Tupiza 2026)",False,2026-10-01,2026-10-14,Vigente,Maximo Roman Ramos (Telf: 26943926 / 26942304),,Potosi,NB-SABS (D.S.0181)
26-1521-00-1693479-1-1,"Gobierno Autonomo Municipal De Colcha""K"" (Villa Martin)",Obras,ANPP,Const. Muro Perimetral Unidad Educativa Nuevo Amanecer Rio Grande,True,2026-10-01,2026-10-13,Vigente,Ramiro Oracio Huanca Veliz (Telf: +591-69654122),,Potosi,NB-SABS (D.S.0181)
26-1526-00-1693524-1-1,Gobierno Autonomo Municipal De Sacaca (Villa De Sacaca),Bienes,CND1,Compra De Productos De Papel Para Oficina ,False,2026-10-01,2026-10-05,Vigente,Nelson Gabriel Chambi (Telf: 67948479),,Potosi,Compro Hecho en Bolivia (D.S.4505)
26-1528-00-1691174-1-1,Gobierno Autonomo Municipal De Puna (Villa Talavera),Bienes,ANPP,Adquisición De Medicamentos E Insumos De La Ley 1152 (S.U.S) Para La Red De Servicio De Salud Municipal -Safci- Puna Gestión 2026 D.S. 0181 Segunda Compra,True,2026-10-01,2026-10-13,Vigente,Humberto Kelcasi Choque (Telf: 61990077),,Potosi,NB-SABS (D.S.0181)
26-1601-00-1693481-1-1,Gobierno Autonomo Municipal De Tarija,Servicios Generales,ANPP,Servicio De Mantenimiento Máquinas De Hemodiálisis B. Braun Dialog+ Gestión 2026,True,2026-10-01,2026-10-13,Vigente,Shirley Margarzo Romero (Telf: 6643211 - 6643213),,Tarija,NB-SABS (D.S.0181)
26-1601-00-1693607-1-1,Gobierno Autonomo Municipal De Tarija,Bienes,CM,Adquisicion De Toner Para La Secretaria De Coordinacion Administracion Y Finanzas Segundo Semestre 2026,False,2026-10-01,2026-10-05,Vigente,Yhoelma Vanesa Cuenca Gutierrez (Telf: 6643211 - 6643213),,Tarija,NB-SABS (D.S.0181)
26-1601-00-1693608-1-1,Gobierno Autonomo Municipal De Tarija,Bienes,CM,Adquisicion De Material De Limpieza E Higiene Para El Albergue Municipal,False,2026-10-01,2026-10-05,Vigente,Yhoelma Vanesa Cuenca Gutierrez (Telf: 6643211 - 6643213),,Tarija,NB-SABS (D.S.0181)
26-1605-00-1693582-1-1,Gobierno Autonomo Municipal De Carapari,Bienes,CND1,"""Adquisicion De Material De Limpieza Para La Secretaria Municipal Administrativa Y Financiera Y El Personal Dependiente De Despacho Municipal""",False,2026-10-01,2026-10-06,Vigente,Ingrid Zulema Choque Cruz (Telf: 046136032),,Tarija,Compro Hecho en Bolivia (D.S.4505)
26-1606-00-1693112-0-E,Gobierno Autonomo Municipal De Villamontes,Bienes,CD,5ta. Adquisicion De 2.785 Lts. De Diesel Para Uso De Equipos Para Mantenimiento De Calles Y Avenidas De Villa Montes,False,2026-10-01,,Contratado,Yhara Escalante Tejerina (Telf: 6722379 / 6722993),,Tarija,NB-SABS (D.S.0181)
26-1606-00-1693591-1-1,Gobierno Autonomo Municipal De Villamontes,Bienes,CND1,"Adquisicion De Alimentos Frescos (Carne Molida, Pollo) Y Alimentos Secos -Víveres (Harina, Aceite, Azúcar, Arroz, Leche, Fideo, Chocolate) Para Los Estudiantes De Las Unidades Educativas Seccionales Del Nucleo Silaat Ta Is Weenhayek Correspondiente Al Mes De Octubre - Gestion 2026",False,2026-10-01,2026-10-05,Vigente,Yhara Escalante Tejerina (Telf: 6722379 / 6722993),,Tarija,Compro Hecho en Bolivia (D.S.4505)
26-1606-00-1693594-1-1,Gobierno Autonomo Municipal De Villamontes,Bienes,CND1,"Adquisicion De Alimentos Frescos (Carne Molida, Pollo) Y Alimentos Secos -Víveres (Harina, Aceite, Azúcar, Arroz, Leche, Fideo, Chocolate) Para Los Estudiantes De Las Unidades Educativas De Misión Sueca Y Aplicación Biligue Correspondiente Al Mes De Octubre - Gestion 2026",False,2026-10-01,2026-10-05,Vigente,Yhara Escalante Tejerina (Telf: 6722379 / 6722993),,Tarija,Compro Hecho en Bolivia (D.S.4505)
26-1701-00-1687043-2-1,Gobierno Autonomo Municipal De Santa Cruz De La Sierra,Servicios Generales,ANPE,"Servicio De Mantenimiento Preventivo De Los Equipos De Aire Acondicionado Tipo Vrf Del Edificio Quinta Municipal Del G.A.M.S.C., Para La Gestión 2026, Dpto. De Servicios Generales, Smaf.",True,2026-10-01,2026-10-07,Vigente,Raquel Akay Becerra (Telf: Ver Convocatoria y/o DBC. ),,Santa Cruz,NB-SABS (D.S.0181)
26-1701-00-1693426-1-1,Gobierno Autonomo Municipal De Santa Cruz De La Sierra,Bienes,ANPE,"Adquisicion De Repuestos Y Accesorios Para El Hospital Municipal Frances, Primer Pedido, Sms",True,2026-10-01,2026-10-09,Vigente,Rosario Ingrid Vega Rojas (Telf: Ver Convocatoria y/o DBC. ),,Santa Cruz,NB-SABS (D.S.0181)
26-1701-00-1693431-1-1,Gobierno Autonomo Municipal De Santa Cruz De La Sierra,Servicios Generales,ANPE,"Servicio De Transporte Para La Campaña Masiva De Vacunacion Canina-Felina En El Municipio De Santa Cruz, Gestion 2026, Sms",True,2026-10-01,2026-10-08,Vigente,Carmen Carola Capobianco Antelo (Telf: Ver Convocatoria y/o DBC. ),,Santa Cruz,NB-SABS (D.S.0181)
26-1701-00-1693527-1-1,Gobierno Autonomo Municipal De Santa Cruz De La Sierra,Bienes,ANPE,"Adquisicion De Reactivos Para Contador Hematologico Bcc-3900 Para Todos Los Laboratorios De La Red De Salud Sur, Sms",True,2026-10-01,2026-10-08,Vigente,Carmen Carola Capobianco Antelo (Telf: Ver Convocatoria y/o DBC. ),,Santa Cruz,NB-SABS (D.S.0181)
26-1702-00-1693273-0-E,Gobierno Autonomo Municipal De Cotoca,Obras,CD,Adecuación De Ambientes Para Laboratorio Centro De Salud Don Chichi,False,2026-10-01,,Contratado,Talia Marisol Lara Yahuincha (Telf: 3882547),,Santa Cruz,NB-SABS (D.S.0181)
26-1702-00-1693284-0-E,Gobierno Autonomo Municipal De Cotoca,Obras,CD,Implementación Sistema Sanitario P/Baños U.E. San Andres,False,2026-10-01,,Contratado,Talia Marisol Lara Yahuincha (Telf: 3882547),,Santa Cruz,NB-SABS (D.S.0181)
26-1702-00-1693433-0-E,Gobierno Autonomo Municipal De Cotoca,Obras,CD,Refacción Y Mejoramiento De Camino Barreras 2 Calle Las Barreras,False,2026-10-01,,Contratado,Talia Marisol Lara Yahuincha (Telf: 3882547),,Santa Cruz,NB-SABS (D.S.0181)
26-1703-00-1693189-0-E,Gobierno Autonomo Municipal De Ayacucho (Porongo),Obras,CD,Mantenimiento De Oficinas De Desarrollo Humano Y Juridica Del Gamp,False,2026-10-01,,Contratado,Jose Domingo Pedraza Alcantara (Telf: 3888227),,Santa Cruz,NB-SABS (D.S.0181)
26-1710-00-1693500-1-1,Gobierno Autonomo Municipal De Buena Vista,Obras,LP,Remodelacion Plaza Principal De Buena Vista,True,2026-10-01,2026-10-22,Vigente,Gabriela Algarañaz Gutierrez (Telf: 3 932-2032),,Santa Cruz,NB-SABS (D.S.0181)
26-1711-00-1693571-1-1,Gobierno Autonomo Municipal De San Carlos,Servicios Generales,CM,Servicio Alternativo De Conectividad Y Acceso A Internet Para Dependencias Del Gobierno Autonomo Municipal De San Carlos,False,2026-10-01,2026-10-05,Vigente,Lilian Flores Esposo (Telf: 010-39352019),,Santa Cruz,NB-SABS (D.S.0181)
26-1712-00-1693032-1-1,Gobierno Autonomo Municipal De Yapacani,Bienes,ANPE,Compra De Material E Insumos De Limpieza 2do Semestre Para El Servicio De Almacen Del Hospital 2do Nivel De Yapacani,True,2026-10-01,2026-10-07,Vigente,Deisy Bustamante Villarroel (Telf: 933-6111),,Santa Cruz,NB-SABS (D.S.0181)
26-1712-00-1693281-1-1,Gobierno Autonomo Municipal De Yapacani,Bienes,CM,Adquisicion De Equipamiento Medico Centro De Salud Campo Vibora Del Municipio De Yapacani,False,2026-10-01,2026-10-06,Vigente,Deisy Bustamante Villarroel (Telf: 933-6111),,Santa Cruz,NB-SABS (D.S.0181)
26-1720-00-1691063-1-1,Gobierno Autonomo Municipal De Cabezas,Bienes,ANPE,Adquisicion De Reactivos E Insumos De Laboratorio De La Ley N° 1152  Para Los Centros De Salud Del Municipio Cabezas - Segunda Compra,True,2026-10-01,2026-10-08,Vigente,Yenny Fabiola Rodriguez Arteaga (Telf: 33136051),,Santa Cruz,NB-SABS (D.S.0181)
26-1753-00-1693610-0-E,Gobierno Autonomo Municipal Fernandez Alonzo,Obras,CD,Servicio De Mantenimiento Avenida Willy Tordoya D-1,False,2026-10-01,,Contratado,Karen Joseh Calizaya Rivera (Telf: -),,Santa Cruz,NB-SABS (D.S.0181)
26-1753-00-1693615-0-E,Gobierno Autonomo Municipal Fernandez Alonzo,Obras,CD,Mantenimiento De La U.E. Eduardo Abaroa D-3,False,2026-10-01,,Contratado,Karen Joseh Calizaya Rivera (Telf: -),,Santa Cruz,NB-SABS (D.S.0181)
26-1803-00-1693270-0-E,Gobierno Autonomo Municipal De Riberalta,Consultoria,CM,Lic. Psicologo Programa De Control Y Prevención De Its/Vih/Sida Y Hepatitis,False,2026-10-01,,Contratado,Julio Cesar Chavez Marigua (Telf: 8522417),,Beni,NB-SABS (D.S.0181)
26-1803-00-1693280-0-E,Gobierno Autonomo Municipal De Riberalta,Consultoria,CM,Lic. Enfermería 2 Para El Hospital Materno Infantil Reidum Roine,False,2026-10-01,,Contratado,Julio Cesar Chavez Marigua (Telf: 8522417),,Beni,NB-SABS (D.S.0181)
26-1803-00-1693298-0-E,Gobierno Autonomo Municipal De Riberalta,Consultoria,CM,"Lic. Enfermería 1, Para El Area Urbana",False,2026-10-01,,Contratado,Julio Cesar Chavez Marigua (Telf: 8522417),,Beni,NB-SABS (D.S.0181)
26-1803-00-1693328-0-E,Gobierno Autonomo Municipal De Riberalta,Consultoria,CM,Auxiliar De Mantenimientos Múiltiples 1 Para Establecimientos De Salud.,False,2026-10-01,,Contratado,Julio Cesar Chavez Marigua (Telf: 8522417),,Beni,NB-SABS (D.S.0181)
26-1805-00-1693288-1-1,Gobierno Autonomo Municipal De Guayaramerin,Bienes,ANPP,Anpe De Medicamentos,False,2026-10-01,2026-10-13,Vigente,Rildo Avaroma Lozano (Telf: 3-855-4565),,Beni,NB-SABS (D.S.0181)
26-1810-00-1693523-1-1,Gobierno Autonomo Municipal De Santa Ana,Bienes,CM,"Adquisicion De Reactivos De Laboratorio Para El Hospital Municipal Dr. Jacobo Abularach A., Correspondiente Al Cuarto Trimestre De La Gestión 2026.",False,2026-10-01,2026-10-05,Vigente,Jose Antonio Aquin Moreno (Telf: 34842062),,Beni,NB-SABS (D.S.0181)
26-2315-00-1693122-1-1,Empresa Municipal De Servicios De Aseo - Emsa,Bienes,ANPE,Llantas Y Camaras,True,2026-10-01,2026-10-08,Vigente,Juan Carlos Rojas  Altuzarra (Telf: 4298241),,Cochabamba,NB-SABS (D.S.0181)
26-2327-00-1693461-1-1,Empresa Municipal Autonoma De Agua Potable Y Alcantarillado De Yacuiba - Emapyc,Bienes,CM,Adquisicion De Accesorios Para Equipos De Computacion,False,2026-10-01,2026-10-05,Vigente,Francisco Grugeri  Arias (Telf: 6822374),,Tarija,NB-SABS (D.S.0181)
26-2330-00-1692365-1-2,Empresa Publica Departamental De Servicios Electricos Tarija - Setar,Bienes,ANPP,"Adquisicion De Ferreteria, Cables Y Postes Para Expancion De Redes De Media Baja Tension-Setar Villa Montes",True,2026-10-01,2026-10-14,Vigente,Alejandra Subelza  (Telf: 46642213 - INT. 102),,Tarija,NB-SABS (D.S.0181)
26-2330-00-1692960-1-1,Empresa Publica Departamental De Servicios Electricos Tarija - Setar,Servicios Generales,ANPP,"Contratacion Mano De Obra, Mantenimiento, Reemplazo, Remodelacion Y Emergencias",True,2026-10-01,2026-10-13,Vigente,Jose Nivardo Ruiz Vega (Telf: 46642213 - INT. 102),,Tarija,NB-SABS (D.S.0181)
26-2330-00-1693387-1-1,Empresa Publica Departamental De Servicios Electricos Tarija - Setar,Bienes,ANPP,Adquisicion Material Electrico,True,2026-10-01,2026-10-13,Vigente,Jose Nivardo Ruiz Vega (Telf: 46642213 - INT. 102),,Tarija,NB-SABS (D.S.0181)
26-2334-00-1692808-1-1,Entidad Descentralizada Municipal De Maquinaria Y Equipo,Bienes,ANPE,Adquisicion De La Dotacion De Ropa De Trabajo Para Los Funcionarios De La Edmme 2026,True,2026-10-01,2026-10-07,Vigente,Diego Jimenez Saire (Telf: 2500626),,La Paz,NB-SABS (D.S.0181)
26-3301-00-1693027-1-1,Gobierno Autonomo Indigena Originario Campesino Del Territorio De Raqaypampa,Bienes,CM,Compra De Maquinas De Sastreria Para El Centro De Educacion Alternativa (Cea) Fermin Vallejos Del Territorio De Raqaypampa,False,2026-10-01,2026-10-06,Vigente,Severino Marcani Mamani (Telf: 67586963),,Cochabamba,NB-SABS (D.S.0181)
26-3701-00-1693458-1-1,Gaioc De Charagua Iyambae,Obras,ANPP,Construcción De Centro De Uso Multifuncional Estación Charagua,True,2026-10-01,2026-10-14,Vigente,Glenda Guizsel Vaca Sanchez (Telf: 63522318),,Santa Cruz,NB-SABS (D.S.0181)
26-3701-00-1693545-1-1,Gaioc De Charagua Iyambae,Obras,ANPE,Mej. De Cancha Con La Implementacion De Graderia En La Unidad Educativa Moises Salces Valverde,True,2026-10-01,2026-10-07,Vigente,Glenda Guizsel Vaca Sanchez (Telf: 63522318),,Santa Cruz,NB-SABS (D.S.0181)
26-4601-02-1693537-1-1,Gobierno Autonomo Regional Del Gran Chaco - Carapari,Bienes,CND1,Adquisicion De Papel Para El Programa Servicio Regional De Caminos Del Gran Chaco - Sereca,False,2026-10-01,2026-10-06,Vigente,Rossy Lorena Rodriguez Ruiz (Telf: 74511947),,Tarija,Compro Hecho en Bolivia (D.S.4505)
